fecha_dosaje_1;Id_Financiador;valor_labo;cod_pc;hemoglobina_1;hemoglobina_2;hemoglobina_3;hemoglobina_4;hemoglobina_5
2024-12-30;2;LEV;*****728;12.5;12.6;;;
2024-03-27;2;MOD;*****636;9.7;;;;
2025-02-14;2;LEV;*****786;12.8;10.6;13.5;;
2025-03-08;2;LEV;*****917;12.3;12.3;12.4;;
2023-11-17;2;LEV;*****096;12.8;12.8;12.8;13.9;
2024-03-13;2;LEV;*****085;12.5;;13.5;14.6;
2024-09-27;2;LEV;*****321;12.9;10.6;10.9;13.6;
2024-01-04;1;LEV;*****479;10.5;11.4;9.8;9.9;11.1
2023-10-10;2;MOD;*****202;11.7;12.0;;;
2024-01-02;2;LEV;*****838;12.0;11.9;11.3;11.0;11.0
2024-09-27;2;LEV;*****985;11.6;13.4;10.6;12.0;12.8
2024-09-25;2;LEV;*****127;11.2;11.2;;;
2024-04-02;2;MOD;*****213;11.8;12.3;11.1;11.1;12.0
2024-07-13;2;MOD;*****163;11.2;13.0;;;
2025-04-12;2;MOD;*****183;10.6;14.9;;;
2024-01-22;2;LEV;*****817;12.5;13.0;13.0;13.6;
2024-04-01;2;MOD;*****762;11.0;11.0;;;
2023-12-19;2;LEV;*****742;13.1;12.3;13.3;12.7;
2024-08-10;2;LEV;*****532;12.9;15.9;15.7;;
2024-02-12;2;LEV;*****612;12.7;14.5;14.6;;
2024-12-02;2;LEV;*****927;13.0;14.4;14.0;14.4;15.0
2024-01-04;2;LEV;*****233;13.5;13.6;14.0;15.3;
2024-07-12;2;MOD;*****052;9.6;10.2;11.6;13.0;12.8
;2;;*****570;;;;15.2;
2025-04-25;2;MOD;*****953;14.8;;;;
2024-08-08;1;LEV;*****679;12.9;13.3;13.3;13.0;
2024-04-03;2;MOD;*****340;12.0;12.1;11.9;12.7;13.5
2025-01-06;2;MOD;*****051;11.0;11.0;10.2;;13.5
2024-11-25;1;MOD;*****710;11.0;12.0;;;
2024-01-17;2;LEV;*****077;13.5;13.6;13.2;14.2;
2024-06-18;1;LEV;*****002;13.2;13.3;13.8;;
2025-01-29;2;LEV;*****037;12.7;12.5;;;
2024-01-02;1;LEV;*****051;10.0;10.0;10.8;10.8;
2025-04-23;2;LEV;*****163;11.8;12.5;;;
2025-02-18;2;LEV;*****105;12.0;10.9;11.5;;
2024-05-17;2;LEV;*****973;12.6;;;;11.1
2024-07-24;2;LEV;*****571;9.4;10.3;;13.4;
2024-12-02;1;MOD;*****087;11.8;12.2;12.9;;
2024-04-27;1;LEV;*****697;11.9;;13.8;;
2024-05-20;1;LEV;*****544;11.8;;;;
2024-10-24;10;LEV;*****530;12.4;;;;
;2;LEV;*****667;;;;;
;2;MOD;*****628;;;;;
;1;LEV;*****443;;;13.0;;
2023-10-20;2;LEV;*****945;13.2;;;;
2023-10-20;2;MOD;*****498;12.9;15.5;15.5;12.7;14.9
;2;MOD;*****391;;;;;
2024-11-20;1;MOD;*****889;11.6;12.3;13.1;13.5;
2024-11-13;1;MOD;*****769;11.5;11.3;11.2;11.5;13.5
2024-01-25;2;LEV;*****950;13.8;14.7;15.2;15.2;
;2;;*****229;;;;;
2025-05-16;2;LEV;*****878;10.8;;;;
2024-12-06;2;LEV;*****714;10.3;12.0;;;
2024-12-18;2;LEV;*****686;10.8;11.8;11.0;11.0;
;2;;*****872;;;;;
;2;;*****962;;;;;
2024-08-14;2;LEV;*****688;10.7;;;;
2025-05-29;2;MOD;*****008;9.9;;;;
;1;;*****887;;;;;
2024-09-03;2;LEV;*****248;10.5;10.3;9.8;;
;2;;*****763;;11.0;;12.2;
;2;;*****454;;;;;
;2;;*****722;;;;;
2025-04-23;2;MOD;*****430;9.9;;;;
2025-03-31;2;LEV;*****901;10.2;;;;
2024-10-09;2;MOD;*****926;11.0;;;;
;2;;*****268;;;;;
2024-10-09;2;MOD;*****962;8.2;;;;
2025-04-29;2;LEV;*****589;10.6;;;;
;2;;*****825;;;;;
;2;;*****937;;;;;
;2;;*****096;;;;;
;2;;*****341;;;;;
2025-04-03;2;LEV;*****393;9.7;;;;
2024-11-12;2;LEV;*****061;10.8;11.0;;12.5;
2024-11-06;2;LEV;*****331;11.6;;;;
2024-12-10;1;LEV;***074;10.2;;;12.0;
;2;;*****066;;;;;
2025-04-11;2;LEV;*****006;10.8;;;;
;2;;*****043;;;;;
2025-04-01;2;LEV;*****082;10.5;;;;
;2;;*****988;;;;;
;2;;*****879;;;;;
2025-04-07;1;LEV;*****930;10.0;;;;
2024-12-17;2;LEV;*****910;9.8;;;;
2024-08-13;2;MOD;*****899;;;;;
2024-11-18;2;LEV;*****902;9.9;11.3;;;
2025-03-07;2;MOD;*****143;9.2;11.0;;;
2024-10-04;2;LEV;*****499;10.2;11.8;;;
2025-05-02;2;MOD;*****791;9.3;;;;
;2;MOD;*****110;;;;;
2025-04-08;2;LEV;*****214;9.9;;;;
2025-03-06;2;LEV;*****100;10.2;10.0;;;
;2;LEV;*****042;;;;;
2025-03-31;2;MOD;*****601;8.2;;;;
;2;;*****164;;;;;
;2;;*****842;;;;;
2024-10-11;2;MOD;*****476;9.4;9.7;12.0;;
;2;;*****532;;11.8;;;
;2;;*****953;;;;;
;1;;*****326;;;;;
;1;LEV;*****511;;;;;
2025-05-12;2;MOD;*****812;9.4;;;;
2025-03-18;2;MOD;*****239;8.9;9.4;10.4;;
;2;;*****663;;;;;
2024-06-06;2;MOD;*****544;;;;;
;2;;*****428;;;;;
;2;;*****804;;;;;
2024-05-27;2;LEV;*****967;10.8;;;;
2023-11-07;2;LEV;*****305;10.9;10.9;10.9;10.9;
;2;LEV;*****356;;;;;
2025-02-20;2;MOD;*****487;9.6;8.4;;;
;2;;*****569;;;;;
;2;LEV;*****242;;10.4;8.7;9.6;9.6
;2;LEV;*****512;;12.0;12.6;11.0;12.4
2024-02-12;2;MOD;*****846;9.8;9.8;9.8;9.9;
2024-10-02;2;MOD;*****809;9.3;9.3;9.8;9.0;
2025-03-10;2;LEV;*****721;10.4;10.4;10.9;;
;2;;*****836;;;;;
2023-11-06;2;LEV;*****513;10.1;10.1;;;
;2;;*****955;;;;;
;2;MOD;*****993;;10.0;;;
;2;;*****642;;;;;
;2;MOD;*****451;;;11.1;;
2025-03-22;2;LEV;*****357;10.4;11.5;;;
2024-09-27;1;MOD;*****730;8.4;11.0;12.0;;
2024-12-27;2;MOD;*****913;9.1;9.3;10.3;11.2;
2024-10-16;2;LEV;*****989;10.6;11.0;;;
;1;;*****991;;;;;
2024-09-06;2;LEV;*****460;10.5;10.5;12.0;;
;2;;*****961;;;;;
;2;LEV;*****552;;;;;
2024-05-10;1;MOD;*****935;9.8;10.0;10.4;;
;2;MOD;*****925;;9.8;9.6;;
2023-11-08;2;MOD;*****441;9.2;10.0;;;
;2;LEV;*****989;;;;;
2024-01-05;2;MOD;*****299;9.5;9.8;;9.8;
;2;;*****633;;;;;
;2;;*****369;;;;;
2025-03-18;2;MOD;*****443;9.1;10.1;;;
2025-03-24;1;MOD;*****048;9.4;10.3;10.5;;
2025-01-30;2;LEV;*****806;9.7;9.7;;10.5;
;1;;*****548;;;;;
;2;;*****427;;;;;
2023-10-30;2;LEV;*****175;;;;;
2024-10-23;1;LEV;*****098;;;;;
;2;MOD;*****004;;;;;
;2;;*****576;;;;;
;2;MOD;*****739;;;11.3;11.3;
;2;LEV;*****326;;;;;
;2;LEV;*****923;;;;;
2025-01-23;2;LEV;*****698;10.4;10.4;10.8;11.4;
;1;;*****696;;;;;
;2;;*****192;;;;;
;2;LEV;*****824;;;;;
2024-03-19;1;MOD;*****534;8.8;10.4;10.4;;
;2;MOD;*****203;;;9.8;10.9;11.3
2025-01-15;2;LEV;*****245;10.7;10.7;10.7;10.7;
;2;LEV;*****331;;10.2;11.3;;
;2;;*****415;;;;;
;2;MOD;*****692;;;;;
2023-12-08;2;LEV;*****677;10.2;;10.2;;
2025-04-10;2;MOD;*****403;8.8;12.0;;;
;2;;*****290;;;;;
2025-03-17;2;LEV;*****524;10.5;10.7;12.4;;
;2;LEV;*****059;;;;;
2024-05-13;1;LEV;*****600;10.56;12.0;;;
;2;LEV;*****751;;10.8;11.9;;
;2;MOD;*****319;;;;;
2025-02-17;1;MOD;*****711;9.8;;;;
;2;;*****561;;;;;
;2;;*****264;;;;;
2024-11-15;2;LEV;*****324;9.6;;;;
;2;MOD;*****988;;;;;
;2;LEV;*****785;;;;;
;2;;*****318;;;;;
2024-10-18;2;LEV;*****568;10.7;10.7;10.6;;
2024-07-17;2;LEV;*****174;10.6;10.6;;;
;2;MOD;*****954;;;13.3;;
2025-03-04;2;LEV;*****930;10.5;9.4;;;
;2;LEV;*****758;;;;;
;2;LEV;*****640;;;;;
;2;MOD;*****738;;9.5;11.0;;
2024-10-12;2;LEV;*****087;10.1;10.7;9.8;;
;1;;*****010;;;;;
2024-11-22;2;MOD;*****525;10.2;10.2;10.4;10.1;10.3
;2;;*****293;;;;;
2025-03-19;1;MOD;*****406;10.1;11.0;12.3;;
;1;LEV;*****323;;12.0;;;
;2;;*****939;;;;;
2024-05-25;1;LEV;*****329;;11.5;11.0;;
;1;LEV;*****445;;;12.6;;
;2;LEV;*****066;;;;;
2024-02-01;2;LEV;*****953;;;;;
2024-05-10;1;LEV;*****658;;12.2;12.3;;
;1;LEV;*****363;;;;;
2024-08-04;1;LEV;*****761;10.5;11.0;;;
2024-05-05;1;LEV;*****415;10.6;11.2;;;
;2;LEV;*****928;;;;;
2024-08-23;1;LEV;*****329;10.1;11.0;10.5;10.0;
2024-12-13;2;MOD;*****212;9.7;;;;
2025-03-12;2;MOD;*****830;9.8;8.9;;;
2024-11-15;2;LEV;*****869;10.3;10.8;;;
;2;LEV;*****463;;;;;
2024-11-17;1;MOD;*****419;9.7;;;;
;2;LEV;*****985;;;12.0;;
2025-03-25;1;MOD;*****723;9.5;9.5;10.8;;
;2;;*****515;;;;;
;2;;*****992;;;;;
2025-03-18;2;LEV;*****676;10.0;10.5;10.5;;
2024-08-07;1;MOD;*****887;9.8;;;;
2024-07-06;2;LEV;*****709;10.5;;;;
;2;LEV;*****219;;;;;
;1;LEV;*****410;;;;12.1;
2024-02-25;2;LEV;*****043;;;;;
;2;;*****983;;;;;
;2;LEV;*****654;;;;;
;2;MOD;*****257;;;;;
;2;LEV;*****085;;;;;
2024-08-09;2;LEV;*****963;10.0;;10.3;;
;2;LEV;*****086;;;;;
2024-12-11;2;;*****968;;;;;
;2;LEV;*****275;;;;;
;2;MOD;*****241;;;;;
;2;LEV;*****387;;;;;
;2;LEV;*****830;;;;;
2025-04-08;2;LEV;*****554;9.8;;;;
;2;;*****561;;;;;
;2;MOD;*****726;;;;;
2024-09-30;1;LEV;*****297;9.9;9.9;;;
;2;MOD;*****823;;;;;
;2;LEV;*****553;;;;;
;2;MOD;*****690;;;;;
;2;LEV;*****512;;;;;
;2;MOD;*****152;;;10.9;;
;2;;*****336;;;;;
;2;LEV;*****626;;;;;
2024-04-08;2;MOD;*****622;;;;;
;1;;*****707;;;;;
;2;MOD;*****549;;;;;
2024-01-18;2;MOD;*****347;9.6;;;;
;2;LEV;*****800;;;;;
;2;LEV;*****841;;;;;
;2;MOD;*****477;;;;;
;2;LEV;*****378;;;;;
;2;;*****595;;;;;
;2;MOD;*****227;;;;;
;2;MOD;*****485;;;;;
;2;LEV;*****437;;;;13.1;
;2;;*****772;;;;;
;2;MOD;*****218;;;;;
;2;LEV;*****818;;;;;
2024-08-25;2;LEV;*****392;;;;;
;2;LEV;*****444;;;;;
;2;MOD;*****123;;;;;
2023-10-18;2;LEV;*****262;;;;;
;2;MOD;*****002;;;;;
;2;LEV;*****188;;;;;
;1;;*****914;;;;;
2025-04-17;2;LEV;*****469;10.0;;;;
;10;;*****850;;;;;
;2;LEV;*****304;;;;;
;2;;*****751;;;11.0;;
;2;LEV;*****808;;;;;
2025-05-19;2;LEV;*****027;9.5;;;;
;10;LEV;*****458;;;;;
2024-08-19;2;LEV;*****761;11.3;;11.4;;
;2;LEV;*****170;;;11.7;;
;2;LEV;*****307;;;;;
;2;LEV;*****918;;;;;
2024-04-27;2;MOD;*****427;;;;;
;2;;*****086;;;;;
;2;MOD;*****928;;;;;
;2;MOD;*****549;;;;;
;2;MOD;*****565;;;;;
;2;MOD;*****607;;;;;
2024-04-30;1;SEV;*****985;;;;;
2025-05-10;2;MOD;*****545;9.2;;;;
2024-09-05;1;LEV;*****165;10.8;;;;
2025-02-06;2;LEV;*****011;9.7;;;;
2025-02-17;2;LEV;*****370;9.7;;;;
2025-03-25;2;MOD;*****058;9.3;;;;
2025-05-19;2;MOD;*****700;9.9;;;;
2024-10-24;2;LEV;*****030;10.4;;;;
2024-10-06;2;MOD;*****912;9.4;;;;
2024-01-08;2;MOD;*****735;8.8;;;;
2024-11-06;2;LEV;*****242;9.6;9.6;;;
2024-02-01;2;MOD;*****508;;;;;
;1;MOD;*****854;;;;;
2024-02-10;2;LEV;*****300;;;;;
;1;;*****676;;;;;
2024-02-06;2;MOD;*****787;;;;;
2025-05-10;2;LEV;*****112;10.0;;;;
;2;MOD;*****258;;8.4;9.8;12.1;12.1
2024-07-03;1;LEV;*****543;10.8;10.9;12.3;12.5;
2025-05-15;2;LEV;*****367;11.0;;;;
2024-07-31;2;LEV;*****610;10.4;;;;
;2;LEV;*****080;;10.9;;;
;1;LEV;*****086;;10.9;;;
2025-01-17;2;LEV;*****875;11.3;11.6;;12.0;
2025-03-20;2;LEV;*****639;10.9;;10.9;;
2025-03-17;2;LEV;*****569;10.8;;;;
2024-08-02;2;LEV;*****306;10.6;;;;
2024-06-11;2;LEV;*****474;10.5;;;;
2024-09-04;2;LEV;*****897;10.8;;;;
2024-10-24;2;LEV;*****001;10.0;;;9.1;10.7
;2;LEV;*****733;;;;;
;2;MOD;*****995;;;;;
2023-11-12;2;LEV;*****751;9.6;;;;
2024-03-14;1;LEV;*****550;10.6;;;;10.6
;10;MOD;*****447;;;;;
2023-12-12;2;LEV;*****756;10.6;;;;
2023-11-04;2;LEV;*****658;10.7;;;;
2023-10-15;2;LEV;*****755;10.9;;;;
2025-04-27;2;LEV;*****687;10.7;10.7;;;
;2;MOD;*****289;;;;;
;1;MOD;*****882;;;;;
2023-10-25;2;LEV;*****671;10.5;;;;
2024-07-07;1;LEV;*****596;10.9;;;;
2025-03-10;2;MOD;*****921;9.8;10.8;11.5;;
2025-02-09;2;MOD;*****639;10.5;;;;
2024-07-10;1;LEV;*****547;10.5;;;;
2025-03-23;2;LEV;*****574;10.8;;;;
2025-02-10;2;LEV;*****009;10.8;;;;
2025-03-14;2;LEV;*****289;10.2;10.8;;;
2025-01-13;2;LEV;*****148;10.8;11.0;;;
2025-05-18;2;LEV;*****062;10.2;;;;
2024-06-17;2;LEV;*****004;10.5;;;;
2024-06-10;2;LEV;*****623;10.9;;;;
2024-04-20;2;MOD;*****648;8.5;;;;
;2;LEV;*****369;;;;;
2023-12-19;2;LEV;*****626;9.9;;;;
2024-04-10;2;LEV;*****773;10.5;;;;
2024-02-10;2;LEV;*****741;9.6;;;;
2023-12-10;2;LEV;*****913;10.3;;;;
2023-12-10;2;LEV;*****950;10.8;;;;
2024-01-18;2;;*****387;;;;;
2025-01-09;1;LEV;*****644;10.9;;;;
2023-12-01;2;LEV;*****852;10.8;;;;
2023-10-13;2;LEV;*****478;10.5;;;;
2024-07-12;2;LEV;*****019;10.8;;;;
2023-10-10;2;LEV;*****410;10.8;;;;
2024-07-12;2;LEV;*****318;10.5;;;;
2023-10-20;2;MOD;*****101;9.5;;;;
2024-07-12;2;LEV;*****936;10.0;;;;
2024-01-07;2;LEV;*****172;10.8;;;;
2023-11-24;2;LEV;*****838;10.8;;;;
2024-08-15;2;MOD;*****601;9.5;;;;
2023-10-09;2;LEV;*****413;10.6;;;;
2024-09-05;2;LEV;*****750;10.2;9.0;;;
;2;MOD;*****901;;;;;
;1;LEV;*****740;;10.5;;;
;2;MOD;*****151;;;;;
2024-07-05;2;LEV;*****024;9.8;;;;
2024-07-10;1;MOD;*****341;9.0;;;;
;2;LEV;*****689;;10.8;;;
2025-05-16;2;LEV;*****859;10.5;;;;
2024-05-16;2;LEV;*****536;9.2;9.0;;;
;2;LEV;*****393;;;;;
;2;MOD;*****220;;10.4;;;
2024-04-05;2;LEV;*****243;10.0;;;;
2025-05-08;2;MOD;*****964;9.1;;;;
2025-04-08;1;LEV;*****694;;;;;
2024-05-01;1;LEV;*****428;10.4;11.0;;;
2025-05-10;2;LEV;*****261;10.2;;;;
2025-05-07;2;LEV;*****642;10.1;;;;
2024-06-17;1;LEV;*****090;;10.9;11.0;;
2025-05-09;1;LEV;*****982;;;;;
2025-04-16;1;LEV;*****141;10.1;10.4;;;
2023-12-19;1;MOD;*****759;;;;;
2025-05-03;1;MOD;*****828;;;;;
2025-04-09;1;MOD;*****018;;;;;
2023-12-10;2;MOD;*****804;;;;;
2024-11-04;2;LEV;*****845;;;;;
2023-10-22;2;LEV;*****239;;;;;
;2;LEV;*****964;;;;;
2024-01-23;2;MOD;*****757;;;;;
2024-09-10;1;LEV;*****781;;;;;
2023-11-10;2;LEV;*****223;;;;;
;2;MOD;*****474;;;;;
2024-11-18;1;LEV;*****966;;;;;
2023-10-22;2;LEV;*****095;;;;;
2024-10-18;2;LEV;*****425;10.2;10.8;;;
;2;MOD;*****461;;;;;
2025-05-09;2;LEV;*****372;10.8;;;;
2024-04-10;1;LEV;*****760;;;;;
2024-04-10;1;MOD;*****147;;;10.5;;
2024-04-10;2;MOD;*****101;;;;;
2023-11-01;2;LEV;*****813;;;;;
2024-12-19;2;MOD;*****002;9.9;;;;
2024-06-03;1;MOD;*****058;9.7;9.3;;;
2023-10-11;2;LEV;*****856;;;;;
2024-03-08;1;LEV;*****108;;;;;
;2;LEV;*****132;;;;;
2025-03-03;1;LEV;*****950;;;;;
2024-07-17;1;LEV;*****296;;;;;
2023-12-10;2;LEV;*****433;;;;;
2024-08-08;1;LEV;*****947;;;;;
;2;MOD;*****135;;;;;
2025-01-18;1;LEV;*****420;;;10.4;;
2025-02-15;1;LEV;*****974;10.5;;;;
2024-03-16;1;MOD;*****152;;;;;
2024-10-17;2;LEV;*****789;10.9;10.3;;;
2024-09-01;1;MOD;*****039;9.0;7.0;;;
2023-12-16;2;LEV;*****859;;;;;
2024-10-15;1;LEV;*****774;10.0;;;;
2024-10-14;2;MOD;*****374;9.6;;;;
2024-04-11;1;MOD;*****230;;;;;
2024-10-18;1;MOD;*****532;;;;;
2024-07-16;1;LEV;*****638;10.3;;;;
2023-12-01;2;LEV;*****493;;;;;
2024-11-08;2;LEV;*****865;10.2;11.2;;;
2024-09-09;1;LEV;*****804;10.3;;;;
2023-10-20;2;LEV;*****773;;;;;
2024-07-17;1;LEV;*****512;10.5;;;;
2024-10-01;2;LEV;*****098;10.7;;;;
2024-10-17;1;MOD;*****945;;;;;
2024-07-16;1;LEV;*****944;10.7;;;;
2024-09-07;1;LEV;*****232;10.5;;;;
2023-11-08;2;LEV;*****900;;;;;
2024-10-15;2;MOD;*****922;8.8;10.6;;;
2024-10-14;1;MOD;*****079;;;;;
2024-09-14;1;LEV;*****524;10.3;11.4;;;
2024-10-17;1;MOD;*****408;;;11.2;;
2024-08-21;1;LEV;*****773;10.7;;;;
2024-04-19;1;MOD;*****377;;12.0;;;
2024-08-07;1;LEV;*****983;10.8;;;;
;2;LEV;*****636;;;;;
;2;LEV;*****468;;;;;
2024-12-08;1;LEV;*****670;;;;;
2023-12-01;2;LEV;*****213;;;;;
2024-05-11;1;LEV;*****342;;;;;
2024-12-24;1;MOD;*****869;;;11.8;;
2023-12-01;2;LEV;*****189;;;;;
2024-10-14;1;LEV;*****358;9.7;11.0;;;
2024-09-06;1;LEV;*****146;;;;;
2024-07-08;1;LEV;*****833;;;;;
2023-12-04;2;LEV;*****090;;;;;
2024-08-19;1;LEV;*****412;;;;;
2024-01-04;2;LEV;*****275;;;;;
;2;LEV;*****603;;;10.0;;
2023-11-19;2;LEV;*****288;11.5;;;;
2024-03-07;2;LEV;*****096;10.3;10.9;;;
2024-01-19;2;LEV;*****665;10.3;;;;
2024-03-07;2;MOD;*****069;9.3;9.7;;;
2024-03-16;2;LEV;*****731;;;;;
2023-12-01;2;LEV;*****374;10.0;;;;
2024-05-05;2;LEV;*****767;;;;;
2024-03-20;1;LEV;*****545;10.5;;;;
2024-06-25;2;LEV;*****520;10.3;;;;
2024-01-20;2;LEV;*****163;10.89;;;;
2025-01-05;2;LEV;*****947;;;;;
2024-05-07;2;LEV;*****097;10.7;;;;
2024-12-19;1;LEV;*****757;;;;;
2025-04-12;2;LEV;*****079;;;;;
;2;LEV;*****549;;;;;
2024-01-23;2;LEV;*****353;10.3;;11.9;;
2024-02-05;2;LEV;*****797;;;;;
2024-01-27;2;LEV;*****671;10.6;;;;
2025-03-14;2;LEV;*****208;;;;;
2024-07-19;2;LEV;*****253;;;;;
;2;LEV;*****912;;;;;
;2;LEV;*****695;;;;;
2024-12-20;2;LEV;*****730;;11.0;;;
2024-05-02;2;LEV;*****019;10.2;;;;
2024-12-18;1;LEV;*****561;;;11.6;;
2024-09-22;1;LEV;*****684;10.9;12.8;;;
2025-01-11;1;LEV;*****871;;;;;
2025-04-20;2;LEV;*****122;;;;;
2024-10-23;1;LEV;*****078;10.6;;;;
2023-12-17;2;LEV;*****397;;;;;
;2;LEV;*****822;;;;;
2024-09-06;2;LEV;*****125;10.9;10.9;;;
2024-06-09;2;MOD;*****309;9.9;10.0;;;
2024-09-06;1;MOD;*****201;7.6;7.6;;11.5;
2025-05-02;2;LEV;*****421;10.0;;;;
2023-10-09;2;LEV;*****310;;;;;
2023-10-19;2;LEV;*****175;;;;;
2023-12-05;2;LEV;*****451;;;;;
2025-04-03;2;LEV;*****533;10.4;10.6;;;
2024-06-05;10;LEV;*****669;10.3;;;;
2025-04-10;2;LEV;*****069;10.2;10.4;;;
2025-02-03;10;LEV;*****494;9.2;;;;
2024-09-06;2;LEV;*****183;10.0;;;;
2025-05-02;2;LEV;*****875;10.4;;;;
2024-01-03;2;LEV;*****137;;;;;
2025-04-04;2;LEV;*****509;10.5;;;;
2025-05-07;2;LEV;*****804;8.3;;;;
2025-04-06;2;LEV;*****842;10.3;10.5;;;
2025-04-06;2;LEV;*****164;10.8;;;;
2025-05-02;2;LEV;*****119;10.1;;;;
2024-11-04;2;MOD;*****024;9.4;;;;
2024-06-13;1;MOD;*****034;9.0;;;;
2024-05-21;2;LEV;*****737;10.5;;;;
2024-05-15;2;MOD;*****540;;;;;
2024-01-04;2;MOD;*****293;;;10.2;;
2024-09-14;1;LEV;*****420;;;;;
2025-02-24;2;LEV;*****173;10.2;9.5;;;
2023-11-10;2;LEV;*****104;;;;;
2025-05-21;1;LEV;*****622;11.0;;;;
2025-05-07;2;LEV;*****240;10.1;;;;
2025-05-10;2;LEV;*****015;9.8;;;;
;1;;*****421;;11.1;;;
2024-01-09;2;LEV;*****950;;;;;
2024-08-07;1;LEV;*****011;;;10.4;;
2024-01-08;2;LEV;*****841;;;;;
2024-12-06;2;LEV;*****779;10.3;;;;
;2;LEV;*****074;;10.8;;;
2024-05-01;1;LEV;*****239;10.7;;;;
2024-10-18;2;LEV;*****192;10.3;;;;
2024-11-17;2;LEV;*****019;10.8;12.0;;;
2024-01-10;2;LEV;*****125;;;;;
2023-10-18;2;LEV;*****726;;;;;
2024-01-21;2;MOD;*****946;;;;;
2025-01-10;1;LEV;*****935;10.3;;;;
2025-03-02;2;LEV;*****461;10.2;12.2;12.2;;
2024-10-07;2;LEV;*****430;9.9;;;;
;1;LEV;*****401;;;;;
2025-04-06;2;LEV;*****045;9.7;11.5;;;
2024-06-08;1;LEV;*****989;10.8;11.0;11.0;;
2023-10-20;2;LEV;*****287;;;;;
2024-03-04;2;LEV;*****450;;;;;
2024-01-03;2;MOD;*****332;9.7;;;;11.4
2024-04-01;2;LEV;*****892;;10.8;10.5;12.1;
2024-04-08;1;MOD;*****179;;10.5;;;
2023-10-17;2;LEV;*****846;;;;;
2023-10-18;2;LEV;*****448;;;;;
2024-11-18;1;LEV;*****121;10.5;;11.4;;11.8
2024-07-13;1;LEV;*****784;;;;;
2024-12-18;1;LEV;*****531;10.7;;12.0;;
2024-11-09;1;LEV;*****679;10.4;;;;
;2;LEV;*****953;;;;;
2025-01-23;1;MOD;*****612;;12.3;;;
;2;MOD;*****751;;;;;
2025-05-13;2;LEV;*****668;10.6;;;;
2024-06-04;2;LEV;*****441;10.9;;;;
2024-07-30;2;LEV;*****507;10.6;;12.4;;
2024-04-04;2;LEV;*****161;10.5;;;;
2024-01-22;1;LEV;*****400;10.8;;;;
2025-04-01;2;LEV;*****474;10.7;10.7;;;
2023-11-02;2;LEV;*****110;10.2;;;;
2024-01-13;2;LEV;*****696;10.5;;;12.0;
2025-05-14;2;LEV;*****028;9.9;;;;
;1;;*****843;;;;;
;2;MOD;*****112;;;;;
2024-12-20;2;LEV;*****290;10.3;11.6;12.0;;
;1;;*****436;;;;;
;1;;*****564;;;;;
;1;LEV;*****576;;;;;
;2;MOD;*****700;;;;;
2024-01-16;1;LEV;*****693;10.7;;;;
2024-01-26;1;LEV;*****513;11.8;;;;
2023-11-18;2;LEV;*****439;;;;;
;1;;*****850;;;;;
;1;;*****290;;;;;
2025-02-10;2;LEV;*****244;10.3;11.9;;;
2025-03-21;2;LEV;*****370;10.0;10.0;;;
2024-03-06;2;MOD;*****837;9.2;;;;
2024-06-18;2;MOD;*****729;;;12.0;;
2025-02-03;2;LEV;*****316;10.0;;12.3;;
;2;;*****172;;;;;
;2;;*****871;;;;;
2025-03-26;2;LEV;*****176;10.2;9.4;;;
2024-09-04;2;MOD;*****743;9.6;;;;
2024-02-14;2;MOD;*****439;;;;;
;2;;*****855;;;;;
;2;;*****272;;;;;
2024-02-10;2;LEV;*****048;;;;;
2024-03-29;2;LEV;*****792;;;;;
2024-02-10;2;MOD;*****035;;;12.4;;
2024-08-19;2;LEV;*****433;10.5;;10.5;;
;2;MOD;*****054;;;;;
2024-02-17;2;LEV;*****835;;;;;
2025-02-03;2;LEV;*****861;10.4;;;11.9;
;2;LEV;*****110;;;10.5;;
;1;LEV;*****330;;;;;
2024-09-09;1;LEV;*****890;10.3;10.5;;;
;2;LEV;*****697;;;;;
2024-05-14;1;SEV;*****698;;;;;
2024-02-13;2;LEV;*****214;;;;;
;2;;*****370;;;;;
2024-03-20;2;LEV;*****022;;;11.1;;
2025-03-18;1;MOD;*****790;;;;;
2024-06-07;1;LEV;*****919;9.0;;;12.0;
;2;LEV;*****678;;;;;
2024-03-06;2;LEV;*****505;;10.7;;;
2024-06-16;1;LEV;*****841;10.0;;;;
2024-04-15;2;LEV;*****138;;;;;
2024-07-01;1;LEV;*****006;10.3;11.0;;;
2024-03-19;2;MOD;*****271;;;;;
2024-08-21;1;LEV;*****955;10.0;10.5;11.0;;
2024-04-24;1;MOD;*****750;;;;;
2024-02-28;1;LEV;*****539;;;10.9;;
2025-01-09;2;MOD;*****630;8.0;9.1;10.0;;
2025-01-17;1;LEV;*****023;9.9;9.9;11.9;11.5;12.3
;2;LEV;*****279;;;;;
2024-08-25;1;LEV;*****759;10.1;10.0;10.9;;
2025-04-01;2;MOD;*****348;9.9;10.0;;;
2024-05-13;1;MOD;*****148;;;;;
2024-05-21;1;LEV;*****478;10.8;;;;
2024-12-06;2;LEV;*****261;;;;;
2025-05-05;2;LEV;*****523;10.2;;;;
2025-04-20;2;LEV;*****707;10.5;;;;
2025-05-08;1;LEV;*****417;10.4;;;;
2024-04-13;1;MOD;*****441;;;;;
2025-01-07;2;LEV;*****458;;;;12.8;
2025-04-23;2;LEV;*****524;10.7;;;;
2025-03-05;2;LEV;*****058;10.5;;;;
2025-02-20;2;LEV;*****977;9.9;11.8;12.5;;
2025-04-24;2;LEV;*****844;10.9;;;;
2023-11-03;2;LEV;*****689;;;;;
2024-09-08;1;LEV;*****900;;;;;
2024-05-20;1;LEV;*****060;10.5;10.4;;;
2024-10-19;1;MOD;*****171;9.2;;;;
2024-10-16;2;MOD;*****786;9.2;;13.0;11.0;11.0
2023-12-09;2;LEV;*****166;;;;;
2023-11-05;2;SEV;*****970;;;;;
2023-12-13;2;MOD;*****707;;;;;
2024-03-10;2;LEV;*****907;;;;;
2025-02-11;1;LEV;*****294;10.0;;;;
;1;LEV;*****958;;;;;
2024-09-13;1;MOD;*****490;9.9;11.6;;;
;1;LEV;*****404;;;;11.3;
2024-09-15;1;LEV;*****135;;11.5;;;
;1;LEV;*****284;;;;;
2024-07-22;1;LEV;*****057;9.2;;;;
2024-02-06;2;MOD;*****413;;;;;
2024-06-05;1;LEV;*****469;10.1;;;;
2024-11-06;1;LEV;*****263;9.8;10.0;11.0;11.3;
;2;;*****018;;;;;
2024-02-18;1;MOD;*****826;;;;;
2024-02-02;2;LEV;*****294;;;11.3;11.4;
2024-10-28;10;MOD;*****367;9.9;9.7;;10.9;10.9
2024-04-04;10;LEV;*****368;10.5;;10.4;;
2025-01-08;10;MOD;*****703;8.0;7.8;10.5;;
2024-01-03;2;LEV;*****752;;;10.9;10.8;
2023-10-24;2;LEV;*****903;;;;;
2024-05-24;2;LEV;*****592;11.0;;11.0;;10.0
2023-12-04;2;LEV;*****386;;;;;
2025-05-10;2;LEV;*****723;10.2;;;;
2024-01-05;2;LEV;*****799;;;;;
2024-02-07;10;LEV;*****324;;;;;
2025-04-24;10;LEV;*****731;9.8;;;;
2023-11-19;1;LEV;*****934;;;;;
2025-04-25;10;LEV;*****868;10.9;10.0;;;
2024-01-12;2;LEV;*****352;;;;10.2;
2024-04-01;2;LEV;*****398;;10.0;;10.0;10.0
2024-02-16;2;MOD;*****140;;;;;
2025-01-03;10;LEV;*****812;10.0;10.8;9.6;10.9;10.7
2025-05-22;2;LEV;*****681;10.3;;;;
2025-05-23;2;LEV;*****438;10.0;;;;
2024-04-14;2;LEV;*****957;10.5;10.8;10.8;10.8;10.0
2024-05-22;2;LEV;*****775;10.7;8.5;10.0;10.9;10.5
2025-01-14;2;LEV;*****126;10.0;10.0;;;
2025-02-09;2;LEV;*****246;10.0;10.3;10.5;;
2024-01-11;2;LEV;*****763;;;;10.3;10.6
2024-04-04;2;MOD;*****173;;10.1;9.3;10.3;10.5
2024-03-08;2;LEV;*****092;;10.3;;;
2024-10-22;10;LEV;*****569;10.8;10.9;13.1;;
2024-08-13;10;LEV;*****439;10.9;10.9;10.2;10.0;10.4
2024-12-11;10;LEV;*****435;10.4;10.9;10.8;11.7;
2025-02-03;2;MOD;*****927;8.7;9.8;10.8;;
2023-11-14;2;LEV;*****967;;;;;
2024-04-10;2;MOD;*****152;9.4;10.1;11.0;10.5;10.3
2024-03-03;1;LEV;*****693;;;10.9;10.9;10.3
2024-05-11;2;LEV;*****422;10.9;11.5;10.1;10.2;10.4
2025-01-14;10;MOD;*****111;9.5;10.5;10.4;12.3;
2024-08-05;10;LEV;*****412;10.3;10.4;10.8;10.7;11.0
2024-07-17;10;LEV;*****625;10.6;10.8;10.9;10.1;9.8
2024-08-14;10;LEV;*****242;10.8;10.9;10.6;11.6;11.4
2025-02-10;2;LEV;*****889;10.3;10.1;10.2;11.6;
2024-11-09;2;LEV;*****956;10.5;10.9;12.5;12.8;
;2;LEV;*****415;;;;;
2025-04-13;2;LEV;*****533;10.0;;;;
;2;LEV;*****892;;;;;
;10;LEV;*****200;;;;;
2025-01-01;10;LEV;*****513;10.6;10.8;;10.3;
2025-01-05;2;LEV;*****415;10.3;;10.8;11.2;11.9
;2;;*****282;;;;12.3;
;2;;*****869;;;;;
2024-08-15;1;MOD;*****330;9.3;;11.6;11.5;
2024-10-10;2;MOD;*****747;8.9;;;;
2024-05-05;2;LEV;*****945;10.5;10.3;10.0;9.5;
2024-01-03;2;LEV;*****727;;;;;
2024-12-06;10;LEV;*****930;10.3;;10.8;11.2;
;10;LEV;*****162;;11.5;;;
2024-09-03;1;LEV;*****426;10.6;10.5;;10.8;12.1
2024-08-03;1;MOD;*****457;8.9;;;11.0;
2024-02-06;1;LEV;*****100;;;8.0;;
2025-04-06;2;LEV;*****587;10.6;;;;
2024-06-04;1;LEV;*****114;10.3;11.1;;;
2024-03-01;2;MOD;*****732;;;;;
2025-04-06;2;LEV;*****228;10.9;;;;
2025-04-09;2;MOD;*****730;9.4;;;;
2023-11-20;2;MOD;*****549;;;;;
2023-11-20;2;LEV;*****427;;;;;
2024-03-23;2;LEV;*****367;;;;;
2024-02-18;2;LEV;*****027;;12.5;;;
2025-02-19;2;MOD;*****637;11.5;11.4;12.4;12.1;
2025-05-15;2;MOD;*****900;;;;;
2024-07-02;2;LEV;*****457;12.8;12.8;13.7;;
2024-02-19;2;LEV;*****126;13.0;14.5;;;
2024-02-08;2;LEV;*****239;13.6;;;14.9;
2023-10-31;2;LEV;*****465;14.0;;14.0;;
2025-01-24;2;LEV;*****839;13.0;12.3;;14.9;
2024-08-12;2;LEV;*****813;12.8;13.8;14.9;;
2025-04-22;2;SEV;*****111;10.2;13.3;;;
2024-08-02;2;LEV;*****036;13.3;;14.7;;
;2;;*****429;;;;;
2023-11-08;2;MOD;*****772;13.0;;;;
2023-12-12;2;LEV;*****666;14.3;13.6;;15.6;
2024-10-17;2;LEV;*****924;12.9;17.0;15.6;15.1;15.5
2024-09-19;2;LEV;*****813;;13.6;;;
2024-12-10;2;MOD;*****856;12.3;11.0;11.9;;11.7
2024-03-15;2;LEV;*****916;14.3;14.4;13.8;13.8;15.5
2025-01-28;2;MOD;*****583;12.0;;;;
2024-01-12;2;LEV;*****641;14.0;13.3;;;
2025-03-11;2;LEV;*****557;;;;;
;2;;*****846;;;;;
2024-08-20;2;LEV;*****713;12.6;;10.2;14.9;
2025-01-18;2;MOD;*****896;10.6;;;;14.9
2024-10-29;2;LEV;*****074;13.0;;;;
2023-12-08;2;MOD;*****497;13.3;;;;
2024-04-30;2;MOD;*****852;12.0;;;;
2024-04-29;2;MOD;*****674;11.7;11.9;11.8;15.3;
2024-02-23;2;MOD;*****261;13.0;;;;
2024-06-15;2;MOD;*****894;12.7;13.9;;;
2024-07-20;2;MOD;*****138;12.3;13.6;13.4;;
2024-04-01;2;MOD;*****151;13.4;13.3;13.3;13.3;
2025-04-16;2;MOD;*****949;12.9;12.0;;;
2024-07-08;2;MOD;*****316;13.0;11.9;;;
2023-12-04;2;MOD;*****917;12.9;;14.1;14.0;
2024-02-08;2;MOD;*****710;11.9;;;14.9;
2024-02-23;2;MOD;*****452;11.3;;11.6;14.3;
2023-11-15;2;MOD;*****698;13.3;;;;
2024-04-25;2;MOD;*****297;10.6;9.3;9.4;;
2024-04-08;2;MOD;*****704;13.6;;14.9;;
2024-01-11;2;LEV;*****286;12.2;;;;
;2;MOD;*****996;;;;;
;2;LEV;*****845;;;;;
;2;LEV;*****211;;;;;
;2;MOD;*****982;;;;;
;2;LEV;*****297;;;;;
;2;LEV;*****709;;;;;
;2;;*****098;;;;;
2025-02-18;2;MOD;*****028;10.6;10.4;;;
;2;LEV;*****605;;;;;
2024-01-28;2;LEV;*****936;14.5;;;;
2023-11-16;2;LEV;*****811;12.8;;;;
;2;LEV;*****273;;;;;
;2;LEV;*****689;;;;;
;2;MOD;*****090;;;;;
;1;LEV;*****198;;;;;
;2;MOD;*****769;;;;;
;2;LEV;*****075;;;;;
;2;LEV;*****078;;;;;
;2;;*****772;;;;;
;2;LEV;*****635;;;;;
2024-11-06;2;LEV;*****786;10.7;13.2;;;
2024-09-03;2;LEV;*****732;12.6;12.6;;;
;2;MOD;*****174;;11.8;;;
;2;;*****756;;;;;
2025-02-27;2;LEV;*****089;12.9;;;;
;2;MOD;*****635;;;;;
;2;MOD;*****159;;;;;
2024-01-16;2;LEV;*****011;12.2;;;;
;2;LEV;*****162;;;;;
2024-11-20;2;MOD;*****550;9.3;8.4;;;
;2;;*****674;;;;;
;2;MOD;*****834;;;;;
;2;;*****780;;;;;
;1;LEV;*****233;;;;;
;2;LEV;*****335;;;;12.0;
;2;;*****025;;;;;
;2;MOD;*****294;;;;;
;2;;*****038;;;;;
;1;;*****665;;;;;
;2;SEV;*****632;;;;;
;2;LEV;*****528;;;;;
2025-04-03;2;LEV;*****463;13.0;13.0;;;
;2;LEV;*****844;;;;;
;2;LEV;*****970;;;;;
2024-12-09;2;LEV;*****587;12.8;;;;
;2;MOD;*****836;;;;;
;2;LEV;*****860;;;;;
;1;MOD;*****668;;;;;
;2;;*****930;;;;;
2024-09-14;2;LEV;*****049;12.3;13.2;;;
;2;LEV;*****972;;;;;
2024-09-03;2;MOD;*****661;11.8;11.8;;;
2024-08-07;2;LEV;*****351;;;;;
2024-12-27;2;LEV;*****020;12.6;11.9;;;
;2;;*****153;;;;;
2025-05-27;2;MOD;*****762;10.5;;;;
;2;LEV;*****699;;;;;
;1;;*****562;;;;;
;2;LEV;*****004;;;;;
;2;SEV;*****693;;;;;
;2;LEV;*****986;;;;;
;2;LEV;*****853;;;;;
;1;LEV;*****022;;;;;
;2;LEV;*****518;;;;;
;2;;*****103;;;;;
2025-02-13;2;MOD;*****453;10.7;10.7;;;
;2;LEV;*****502;;;;;
;2;LEV;*****619;;;;;
;1;LEV;*****962;;;;;
2024-04-17;2;LEV;*****225;12.5;13.5;;;16.0
2023-10-27;2;MOD;*****082;10.3;;;;
;2;;*****240;;;;;
;2;LEV;*****969;;;;;
;2;;*****965;;;;;
;2;MOD;*****905;;;;;
;2;;*****467;;;;15.7;
;2;MOD;*****323;;;;;
2024-06-19;2;LEV;*****030;12.3;;;;
;2;LEV;*****971;;;;;
;2;LEV;*****827;;;;;
2024-06-06;2;MOD;*****062;11.5;11.2;;;
;2;MOD;*****472;;;;;
2025-02-25;2;LEV;*****320;12.7;;12.7;;
2024-07-24;2;LEV;*****066;10.5;;;;
;2;MOD;*****492;;;;;
;2;;*****576;;;;;
2024-12-14;1;LEV;*****492;12.2;13.2;;;
;2;;*****555;;;;;
;1;;*****655;;;;;
;2;;*****955;;;;;
;2;LEV;*****392;;;;;
2023-12-23;2;LEV;*****595;12.7;;;;
2024-07-08;1;MOD;*****996;9.9;;;;
;1;LEV;*****650;;;;;
;2;LEV;*****016;;;;;
2024-09-09;2;LEV;*****818;12.5;12.5;;13.1;
;2;LEV;*****851;;;;;
;2;;*****153;;;;;
2025-04-15;2;LEV;*****593;12.8;13.3;;;
;2;LEV;*****801;;;;;
;2;LEV;*****827;;;;;
;2;MOD;*****344;;;;;
;2;;*****160;;;;;
;2;LEV;*****821;;;;;
;2;LEV;*****086;;;;;
2024-02-26;2;LEV;*****188;10.4;12.2;;;
;2;LEV;*****259;;;;;
2023-10-19;2;LEV;*****998;12.4;;;;
;2;MOD;*****929;;;;;
;2;LEV;*****710;;;;;
2024-08-15;2;LEV;*****066;12.2;12.7;;;
;2;;*****513;;;;;
;2;;*****131;;;;;
;2;MOD;*****439;;;;;
;2;MOD;*****468;;;;;
;2;MOD;*****067;;;;;
;2;;*****257;;;;;
;2;MOD;*****731;;;;;
2024-08-07;2;LEV;*****574;12.5;;;;
;2;LEV;*****589;;;;;
2024-03-01;1;MOD;*****987;11.1;;;;
;2;;*****182;;;;;
;2;LEV;*****519;;13.5;;14.1;
;2;LEV;*****167;;;;;
2024-10-25;2;LEV;*****231;12.1;14.8;;;
;1;;*****917;;;;;
;2;;*****993;;;;;
;2;;*****568;;;;;
;3;LEV;*****242;;;;;
;2;LEV;*****376;;;;;
;2;LEV;*****494;;;;;
;2;LEV;*****408;;;;;
;2;MOD;*****315;;;;;
2024-07-31;2;LEV;*****143;12.8;;;;
;2;MOD;*****409;;;;;
;2;LEV;*****070;;;;;
;2;LEV;*****591;;;;;
;1;MOD;*****563;;;;;
;2;LEV;*****181;;;;;
;2;;*****171;;;;;
;1;;*****572;;;;;
;2;LEV;*****211;;;;;
;2;LEV;*****533;;;13.5;;
;2;LEV;*****802;;;;;
;2;LEV;*****024;;;;;
2024-12-30;2;LEV;*****108;12.8;13.8;;;
;2;LEV;*****369;;;;;
;2;LEV;*****032;;;;;
;2;LEV;*****633;;12.1;;;
;2;LEV;*****028;;;;;
2025-01-26;1;LEV;*****458;12.7;;;;
;2;MOD;*****630;;;;;
;2;MOD;*****899;;;;;
;1;LEV;*****840;;;;;
;2;MOD;*****446;;;;;
;2;LEV;*****049;;;;;
;2;LEV;*****417;;;;;
;2;MOD;*****614;;;;;
;2;LEV;*****938;;;;;
2024-05-17;2;LEV;*****869;12.9;;;;
2024-09-14;2;LEV;*****806;12.4;;;;
;2;LEV;*****993;;;;;
;1;MOD;*****084;;;;;
;2;LEV;*****902;;;;;
;2;LEV;*****744;;;;;
;2;LEV;*****531;;;;;
;2;LEV;*****289;;;;;
;2;;*****942;;;;;
;2;LEV;*****076;;;;;
;2;;*****889;;;;;
2024-07-01;2;LEV;*****731;10.8;;;;
;2;;*****725;;;;;
;2;LEV;*****848;;;;;
;2;;*****617;;;;;
;2;LEV;*****681;;;;;
;2;;*****277;;;;;
;2;LEV;*****334;;;;;
;2;LEV;*****327;;;;;
;2;LEV;*****508;;;;;
2024-03-11;2;LEV;*****808;12.6;;;;
2024-06-15;2;LEV;*****079;12.5;;;;
2024-01-29;2;LEV;*****459;12.4;;;;
;2;;*****568;;;;;
2025-04-28;2;LEV;*****726;12.0;;;;
;2;LEV;*****949;;;;;
;2;MOD;*****442;;;;;
;2;LEV;*****070;;;;;
;2;;*****994;;;;;
;2;LEV;*****035;;;;9.7;
;2;LEV;*****000;;;;;
2025-02-14;2;MOD;*****893;9.7;;12.4;;
2024-03-04;2;MOD;*****209;11.5;;;;
;1;LEV;*****183;;;;;
;2;LEV;*****842;;;;;
;1;LEV;*****925;;;;;
;2;LEV;*****467;;;;;
;2;;*****982;;;;;
2024-09-04;2;MOD;*****955;9.9;9.9;;;
;2;LEV;*****503;;;;;
;2;;*****549;;;;;
;2;;*****484;;;;;
;2;;*****375;;;;;
;2;;*****760;;;;;
;2;MOD;*****023;;12.1;11.4;;
;2;MOD;*****230;;;;;
;2;LEV;*****845;;;;;
;2;;*****787;;;;;
;2;;*****783;;;;;
;1;;*****285;;;;;
;2;;*****962;;;;;
;1;;*****979;;;;;
;1;;*****990;;;;;
;2;;*****515;;;;;
;2;;*****491;;;;;
;2;;*****309;;;;;
;2;;*****755;;;;;
;2;LEV;*****182;;;;;
;2;MOD;*****662;;;;;
;2;MOD;*****726;;11.9;;;
;1;LEV;*****979;;;;15.1;
;2;LEV;*****675;;;;;
2025-01-16;2;LEV;*****046;12.7;12.9;12.9;14.0;12.5
;2;LEV;*****750;;;;;15.2
;1;LEV;*****124;;;;;
;1;LEV;*****249;;;;13.6;
2025-02-25;2;LEV;*****176;13.5;;;;
;2;LEV;*****758;;;;;
2025-04-10;2;LEV;*****328;13.8;13.0;;;
2024-03-03;2;LEV;*****524;14.4;12.9;;;
;2;MOD;*****389;;;;;
;2;LEV;*****394;;;;;
2023-12-03;2;LEV;*****851;12.8;;;;
2024-03-10;2;LEV;*****096;13.5;13.4;;;
;2;LEV;*****012;;;;;
;2;LEV;*****925;;13.0;12.6;;
2024-09-15;2;LEV;*****934;12.7;13.9;;;
2023-11-04;2;MOD;*****388;9.7;;9.2;;11.2
2023-12-20;2;MOD;*****191;12.8;11.8;;;13.6
2023-11-19;2;LEV;*****052;;;;9.2;
2023-10-23;2;LEV;*****421;15.6;;;;
2024-08-01;2;LEV;*****135;13.5;;;;
2024-08-07;2;LEV;*****062;13.1;13.3;;;
2024-01-10;1;MOD;*****444;13.4;;;;
2024-01-19;2;LEV;*****039;14.2;;;;
2024-01-29;2;LEV;*****608;13.5;14.5;13.0;11.6;12.0
2024-12-13;2;LEV;*****756;12.6;;14.4;12.2;
2024-05-22;2;MOD;*****985;12.6;;;15.2;
2024-08-27;10;LEV;*****191;13.4;12.0;15.2;;
2024-02-13;2;MOD;*****998;12.2;14.4;;;
2025-03-26;2;LEV;*****739;12.4;15.7;;;
2025-04-25;2;LEV;*****368;17.0;;;;
2023-11-17;2;LEV;*****299;;;10.0;10.0;
2025-02-13;1;MOD;*****811;12.8;15.6;14.9;;
2024-12-06;2;MOD;*****979;12.0;11.7;;15.0;
2024-08-24;1;LEV;*****609;12.7;;;;
2023-10-20;2;LEV;*****891;;;;16.0;
2023-12-12;2;MOD;*****976;11.6;;14.2;15.6;
2023-11-17;2;MOD;*****549;;;12.8;16.0;
2024-07-16;2;LEV;*****533;13.4;;;15.0;
2024-07-27;2;LEV;*****387;13.4;;;12.1;
2024-05-23;1;LEV;*****072;11.8;;;15.0;
2024-01-30;2;MOD;*****039;12.5;;13.6;;
2024-04-18;2;MOD;*****306;10.0;11.6;;;
2024-04-27;2;LEV;*****440;13.0;;;15.0;
2024-05-19;2;MOD;*****111;10.7;9.9;;8.8;
2024-09-22;2;LEV;*****190;12.1;14.0;;;
2025-02-03;2;MOD;*****615;11.3;12.7;13.2;;
2024-04-09;2;MOD;*****431;12.2;;;15.0;
2024-03-30;2;MOD;*****519;13.0;;;;
2023-11-13;2;MOD;*****908;;;;;
2024-03-29;2;MOD;*****432;12.8;;;;
2024-03-13;2;MOD;*****032;12.8;;;15.4;
2025-02-15;2;LEV;*****056;13.2;14.1;;;
2024-03-07;2;LEV;*****998;14.0;14.7;15.0;;
2024-05-09;2;LEV;*****345;13.1;;13.8;15.0;
2025-05-22;2;LEV;*****650;;;;;
2024-09-13;2;MOD;*****504;11.4;10.2;9.5;12.7;
2024-04-09;2;MOD;*****443;13.2;13.3;11.0;15.7;
2024-07-15;1;MOD;*****343;11.6;;;;
2024-11-19;2;LEV;*****849;13.6;13.0;12.8;12.1;11.6
2024-09-06;2;MOD;*****774;10.6;10.7;;10.9;11.8
2024-06-06;1;MOD;*****744;;10.9;11.3;12.0;
2023-10-26;2;MOD;*****369;;;;;
2024-08-02;2;MOD;*****393;11.6;;;;
;2;MOD;*****876;;;;;
2024-10-31;1;MOD;*****932;12.3;13.7;12.7;13.4;
;2;;*****421;;;;;
2025-01-21;2;LEV;*****701;;;;;
2024-04-14;2;LEV;*****137;;;;;
;2;;*****520;;;;;
2024-08-16;2;LEV;*****571;;;;;
2024-09-08;2;LEV;*****553;;11.3;13.5;;
;2;;*****544;;;;;
2024-04-29;2;LEV;*****926;12.6;;;;
;2;;*****052;;;;;
2024-07-08;1;LEV;*****009;;;;;
2024-04-10;2;LEV;*****846;;;;;
;2;;*****005;;;;;
;2;LEV;*****921;;;;;
2024-04-23;2;MOD;*****348;10.3;;;;
2024-10-20;2;LEV;*****484;;;;;
;2;;*****853;;;;;
2024-11-30;2;LEV;*****868;;;;13.9;
;2;;*****795;;;;;
2024-09-29;2;LEV;*****504;;13.0;;;
;2;;*****465;;;;;
2024-07-27;2;LEV;*****834;;;;;
2024-01-09;2;LEV;*****030;10.1;11.5;;;
2024-12-07;2;LEV;*****772;;;;;
;2;LEV;*****592;;;;;
2024-04-17;2;LEV;*****583;12.3;;;;
;2;LEV;*****761;;;;;
2024-04-12;2;LEV;*****832;12.0;;;;
2024-04-23;2;LEV;*****636;11.6;;;;
2024-03-27;2;LEV;*****563;;;;;
;2;LEV;*****491;;;;;
2024-08-13;2;LEV;*****755;12.1;;;;
2025-02-14;2;LEV;*****285;;;;;
2024-06-04;2;LEV;*****048;;;;;
2024-08-16;2;LEV;*****832;;;;;
;2;;*****672;;;;;
;2;;*****170;;;;;
2024-01-20;2;LEV;*****897;;;;;
2025-01-16;1;LEV;*****624;11.8;;14.1;13.8;
;1;LEV;*****995;;;;;
2025-02-10;1;LEV;*****065;;;;;
;1;LEV;*****318;;;;;
2024-04-25;2;LEV;*****421;13.7;;;;
2023-10-20;2;LEV;*****384;13.8;15.4;16.5;;
2024-07-23;2;MOD;*****905;9.9;;9.5;12.3;13.3
;2;MOD;*****924;;12.6;12.3;;
;2;LEV;*****422;;;;;
;2;LEV;*****743;;14.1;13.8;;
2024-09-06;2;LEV;*****136;12.8;;;11.2;
;2;LEV;*****318;;;;;
;2;LEV;*****747;;;;;
;1;MOD;*****294;;;;;
;1;;*****214;;;;;
2024-05-13;2;LEV;*****015;13.2;13.2;13.2;13.2;13.2
;1;;*****971;;;;;
2023-10-13;2;SEV;*****225;8.9;11.2;11.1;;
;2;MOD;*****161;;12.5;13.2;14.2;
;2;;*****580;;;;;
;2;;*****561;;;;;
;2;;*****570;;;;;
2025-05-08;2;LEV;*****487;;;;;
2025-02-01;1;MOD;*****749;9.5;;;;
;2;LEV;*****347;;;;;
;2;MOD;*****871;;;;;
;1;MOD;*****591;;;;;
2024-04-08;2;MOD;*****128;14.8;;;;
2023-10-18;2;LEV;*****152;13.8;13.2;12.6;12.6;13.5
;2;;*****405;;;;;
;2;LEV;*****113;;;14.9;;
2024-04-13;2;LEV;*****684;;13.4;;13.4;
2024-02-12;2;LEV;*****750;14.9;13.5;;;
;2;;*****911;;;;;
2024-07-19;2;MOD;*****773;17.2;;17.2;;
;2;;*****452;;;;;
;1;LEV;*****838;;;;;
2024-09-02;1;LEV;*****054;11.5;10.5;;;
2024-11-15;1;LEV;*****178;12.6;14.3;;;
2025-04-26;1;LEV;*****037;9.7;;;;
2023-11-27;1;MOD;*****926;8.9;12.4;;8.0;
2024-08-02;1;LEV;*****906;13.2;14.5;;;
2024-09-23;1;MOD;*****411;12.3;17.4;13.1;;12.2
2024-08-14;1;MOD;*****969;10.0;13.5;;;
;1;MOD;*****439;;;;;
2024-04-03;2;LEV;*****318;12.7;;;;
2024-06-05;2;LEV;*****074;12.9;;;;
2024-05-22;1;MOD;*****051;11.0;11.8;12.5;12.0;
2025-01-15;1;MOD;*****908;12.4;11.8;11.7;11.6;10.8
2024-12-13;2;LEV;*****892;13.0;13.6;;;
2024-12-21;10;MOD;*****653;11.4;11.4;11.4;11.4;12.2
2024-08-14;2;LEV;*****494;12.9;14.6;;13.5;16.1
2023-12-14;2;LEV;*****100;13.6;13.6;;;12.6
2023-11-10;2;MOD;*****719;12.2;13.2;14.9;;
2024-10-09;1;LEV;*****262;12.9;13.2;;13.3;
2025-03-14;2;MOD;*****091;10.7;13.0;;;
2024-01-12;2;MOD;*****309;11.6;11.9;12.9;;
2025-05-14;2;MOD;*****654;12.3;;;;
2025-05-06;2;LEV;*****487;13.3;;;;
;2;;*****851;;;;;
2024-02-07;2;LEV;*****073;13.2;9.8;13.9;;
2024-09-25;1;LEV;*****065;12.9;9.4;13.3;13.3;13.0
;1;MOD;*****100;;;;;
;2;MOD;*****560;;;;;
;2;MOD;*****166;;;;;
2024-07-13;1;LEV;*****219;;;12.3;;
2025-05-14;2;LEV;*****531;10.7;;;;
2023-12-07;2;MOD;*****922;9.8;10.2;10.0;;
;1;LEV;*****481;;;;;
2024-05-30;2;LEV;*****696;12.5;;;;
;2;LEV;*****998;;;;;
2023-10-09;2;MOD;*****638;11.0;;;;
2025-02-25;1;LEV;*****956;12.2;12.1;;;
;1;;*****535;;;;;
;2;LEV;*****561;;;;;
;2;;*****173;;;;;
;1;;*****999;;;;;
;1;;*****383;;;;;
;2;LEV;*****399;;;;;
;2;LEV;*****735;;;;;
2025-05-02;2;LEV;*****796;11.7;;;;
;2;LEV;*****722;;;;;
;1;LEV;*****062;;;;;
;2;MOD;*****083;;;;;
;2;LEV;*****051;;;;;
2024-12-14;2;LEV;*****205;;;;;
;1;;*****327;;;;;
;1;;*****812;;;;;
;1;;*****580;;;;;
;1;LEV;*****219;;;;;
2023-10-30;2;MOD;*****794;;;;;
;2;MOD;*****273;;;;;
;2;LEV;*****598;;;;;
;2;LEV;*****998;;;;;
;2;MOD;*****660;;;;;
2024-09-16;2;LEV;*****329;;;12.6;;
;1;LEV;*****441;;;;;
;2;LEV;*****424;;;;;
;1;MOD;*****280;;;;;
;2;MOD;*****156;;;;;
2024-07-11;1;MOD;*****224;;;;;
;1;LEV;*****196;;;;;
2024-08-01;2;LEV;*****544;12.3;12.8;12.9;13.2;
;2;MOD;*****022;;;;;
2024-06-04;1;LEV;*****008;;;;;
;1;LEV;*****623;;;;;
;2;LEV;*****496;;;;;
;1;LEV;*****799;;;;;
2024-10-29;2;MOD;*****798;;;;;
2024-08-09;2;MOD;*****361;13.4;12.0;12.6;;
;2;MOD;*****544;;;;;
2024-09-14;1;LEV;*****694;;;;;
2024-08-23;2;LEV;*****703;12.6;12.8;13.0;;
;1;LEV;*****609;;;;;
;2;LEV;*****962;;;;;
2024-01-14;2;MOD;*****867;11.8;;13.3;;
;2;LEV;*****019;;;;;
;1;LEV;*****511;;12.1;12.1;;
;2;MOD;*****655;;12.0;12.0;;
;2;LEV;*****025;;;;;
2024-12-02;2;LEV;*****041;13.8;13.8;12.3;;
;1;;*****743;;;;;
;2;LEV;*****063;;;;;
;2;LEV;*****491;;;;;
2024-09-19;2;LEV;*****537;12.6;13.6;14.0;;14.8
2024-02-07;2;LEV;*****253;13.3;;;;
2023-12-21;2;LEV;*****581;13.6;;;;
2024-11-18;2;LEV;*****378;;;;;
;2;LEV;*****803;;;;;
2023-11-10;2;LEV;*****891;13.3;;;;
2024-09-19;2;MOD;*****823;11.9;12.4;13.6;;
2023-11-02;2;LEV;*****924;12.8;12.9;;;
2025-05-06;2;LEV;*****487;13.3;;;;
2024-05-22;2;LEV;*****520;12.0;;;;
2024-05-24;2;LEV;*****873;12.7;14.0;12.8;;
2024-03-14;2;MOD;*****299;9.5;13.7;14.1;12.5;
2023-11-03;2;LEV;*****501;12.5;15.0;15.0;;12.3
2024-08-14;2;MOD;*****700;11.9;14.2;14.2;;15.1
2024-05-24;2;LEV;*****076;10.2;13.0;13.0;;
2024-11-02;2;LEV;*****008;12.6;12.2;11.8;;
2023-10-09;2;LEV;*****094;12.5;13.3;13.5;;13.5
2024-10-01;2;LEV;*****702;12.0;13.7;12.8;13.8;13.8
2024-03-05;2;LEV;*****325;12.2;;;;
2024-10-23;2;LEV;*****647;11.7;14.3;14.3;;
2023-10-23;2;LEV;*****722;12.3;;;;
2024-11-12;1;LEV;*****354;12.0;14.0;11.7;;
2024-01-17;2;LEV;*****046;12.6;;13.6;14.1;
2023-11-07;2;MOD;*****612;11.7;;;12.4;13.5
2024-08-08;2;LEV;*****911;10.9;11.7;12.6;11.9;
2025-03-27;2;MOD;*****306;11.4;17.3;17.3;;
;2;MOD;*****968;;;;;
2024-09-04;2;LEV;*****132;12.5;10.8;12.2;11.9;
2024-04-11;2;MOD;*****638;12.0;13.0;;;
2024-12-24;2;LEV;*****676;12.3;11.5;11.0;10.5;
2024-11-06;2;LEV;*****887;12.1;12.1;12.1;;
2024-09-12;2;MOD;*****093;12.0;12.4;;;
2024-10-24;2;LEV;*****395;12.4;;;;
2023-11-03;2;LEV;*****835;12.3;12.5;12.5;;14.0
2025-04-21;2;LEV;*****422;12.4;12.4;;;
2024-12-03;2;LEV;*****036;12.5;10.2;10.8;;
2024-05-06;2;LEV;*****665;12.1;10.8;;;
2024-06-15;1;MOD;*****442;11.7;13.2;11.2;;
2024-07-11;2;LEV;*****897;13.0;12.1;14.7;;
2024-01-16;2;LEV;*****572;13.0;;;;
2025-01-29;2;LEV;*****930;12.8;;;;
2024-08-27;2;LEV;*****320;11.4;13.1;13.1;13.3;
2025-05-07;2;LEV;*****003;12.5;;;;
2024-04-11;2;MOD;*****812;12.1;12.1;;14.1;
2024-10-02;2;MOD;*****777;10.7;12.2;11.2;14.0;
2024-03-05;2;LEV;*****079;12.3;11.2;12.1;;
2024-07-13;2;LEV;*****858;12.6;13.3;;;
2024-06-17;2;LEV;*****811;12.1;12.9;12.7;14.5;
2023-11-22;2;LEV;*****196;12.3;10.4;11.2;13.7;
2024-03-27;2;MOD;*****597;11.7;11.7;13.6;11.4;
;2;LEV;*****188;;;;;
2024-03-06;2;LEV;*****001;12.9;13.3;;;
2024-01-29;2;LEV;*****251;12.7;12.7;12.7;;
2024-11-08;2;LEV;*****064;12.1;;14.6;14.6;12.8
2024-02-27;2;LEV;*****080;12.5;14.1;14.1;15.0;
2024-06-21;2;LEV;*****274;12.3;;13.7;14.8;
2024-03-06;2;MOD;*****609;10.6;;;;
2024-06-05;2;LEV;*****075;12.3;;;;
2024-03-18;2;LEV;*****911;13.0;;;;
2023-11-07;2;MOD;*****561;11.7;11.9;;;
;2;MOD;*****162;;;;;
;2;LEV;*****931;;;;;
2025-01-23;2;MOD;*****812;11.8;;;;
2024-03-30;2;LEV;*****478;12.7;;;;
;2;;*****932;;;;;
;2;MOD;*****600;;;;;
2024-03-04;2;MOD;*****646;11.9;12.0;12.4;12.4;16.9
2024-02-02;2;MOD;*****132;13.0;;;;
2025-02-26;2;LEV;*****137;11.5;15.7;;;
2024-11-13;2;LEV;*****243;12.4;13.4;13.4;13.9;
2025-05-24;2;LEV;*****657;12.5;;;;
2024-02-13;2;LEV;*****431;10.8;;;;
2024-07-20;1;LEV;*****830;12.1;12.6;;13.9;
2024-08-29;2;MOD;*****512;11.3;11.2;11.7;;
2023-11-20;2;LEV;*****072;12.7;;;;
;2;;*****681;;;;;
2024-04-29;2;LEV;*****379;12.9;15.5;11.5;;
2024-08-06;2;MOD;*****718;11.7;;14.0;;
;1;;*****572;;;;;
2024-09-21;2;LEV;*****276;12.9;;;;
2024-02-28;2;LEV;*****136;12.3;13.2;;;
2025-02-13;2;LEV;*****422;13.0;12.8;;;
2023-11-22;2;MOD;*****349;11.5;11.5;12.6;14.4;12.4
2024-06-17;2;MOD;*****593;11.4;11.4;12.7;;
;2;;*****451;;;;;
2024-03-23;2;LEV;*****677;13.0;;;;
2024-04-17;2;LEV;*****715;12.7;12.6;;;
2024-09-25;2;MOD;*****283;11.3;13.0;13.0;13.3;13.3
2024-07-08;2;LEV;*****791;12.9;13.1;;;
2024-05-11;2;LEV;*****189;12.1;;;;
2023-11-27;2;MOD;*****064;11.9;11.9;11.8;;
2024-02-29;2;LEV;*****214;12.4;;;13.2;
2024-02-17;2;LEV;*****963;12.3;;;;
2025-01-07;2;LEV;*****079;11.6;11.8;12.3;12.3;
2024-09-11;2;MOD;*****714;10.6;;;;
2025-02-07;2;MOD;*****253;11.0;12.4;;;
2024-11-20;2;LEV;*****989;12.0;12.0;10.8;10.8;
2024-05-16;2;LEV;*****319;12.0;;12.1;14.9;
2024-07-20;2;LEV;*****846;12.7;12.7;;;
2024-10-05;2;MOD;*****335;11.1;12.0;;;
2025-02-12;2;LEV;*****106;11.1;14.9;;;
2024-12-20;2;MOD;*****775;11.2;10.6;11.5;;
2024-10-08;2;LEV;*****899;12.3;;;;
2024-07-05;2;MOD;*****804;9.2;10.3;10.8;9.1;
2024-11-08;2;LEV;*****085;12.4;15.0;15.0;;
2024-10-15;2;LEV;*****651;10.8;12.3;12.1;;
2025-02-06;2;LEV;*****318;11.8;11.9;12.1;;
2024-10-31;2;LEV;*****950;10.3;11.7;;;
2024-01-27;2;MOD;*****317;9.7;;;;
2025-04-10;2;LEV;*****795;11.7;13.3;;;
2024-08-15;1;LEV;*****801;12.2;13.9;13.8;;15.1
2023-11-08;2;MOD;*****434;11.8;13.0;13.6;12.7;
2024-02-20;2;LEV;*****186;12.5;;;;
2024-07-11;2;LEV;*****881;12.8;13.6;;;
2024-03-14;2;LEV;*****411;13.0;12.8;;;
2024-01-09;2;LEV;*****713;13.0;13.0;12.6;12.9;15.7
2023-11-13;2;LEV;*****824;12.5;;;13.3;
2024-07-17;2;LEV;*****872;12.2;13.9;14.4;;
2024-04-03;2;MOD;*****806;12.0;;;;
2023-10-19;2;LEV;*****582;12.4;14.0;;;
2024-04-17;2;LEV;*****437;10.7;;;;
2024-09-19;1;LEV;*****284;10.6;12.3;13.1;14.8;
2024-03-11;2;MOD;*****230;11.6;;;;
;2;LEV;*****153;;;;12.8;
2024-06-28;2;MOD;*****789;10.9;13.0;13.0;12.9;
2024-03-23;2;LEV;*****112;12.7;11.9;12.1;13.5;
2024-05-28;2;MOD;*****546;12.0;12.8;12.5;13.1;14.7
2025-03-04;2;LEV;*****038;12.1;;;;
2024-10-31;2;LEV;*****380;12.7;12.8;;;
2024-02-20;2;MOD;*****677;12.0;;;;
2024-07-03;2;LEV;*****922;12.2;14.0;;;
2025-02-24;2;LEV;*****370;12.0;12.6;;;
2024-09-12;2;LEV;*****389;11.7;10.5;;;
;2;MOD;*****687;;;;;
2025-01-17;2;LEV;*****866;13.2;;13.5;;
2025-01-22;2;MOD;*****360;10.8;12.0;;;
2024-09-26;2;MOD;*****902;11.3;;;13.0;13.0
;2;LEV;*****772;;12.7;12.2;13.6;
2024-10-25;2;LEV;*****402;12.0;;;;
2023-11-30;2;MOD;*****296;12.0;13.6;13.6;14.7;
2024-06-19;2;LEV;*****482;12.3;;;16.1;
2024-07-09;2;MOD;*****436;11.5;11.0;11.1;11.0;
2024-04-16;2;MOD;*****838;11.5;;12.4;;
2025-02-24;2;MOD;*****983;10.8;12.1;12.6;;
2024-04-22;2;MOD;*****681;11.0;12.8;11.5;13.3;
2024-06-10;2;MOD;*****337;11.9;;;;
2024-04-17;2;MOD;*****426;11.6;11.6;10.4;;
2024-04-23;2;MOD;*****448;11.9;;;;
;2;;*****695;;;;;
2023-10-23;2;LEV;*****216;12.7;;;;
2024-08-30;2;MOD;*****147;11.1;13.2;11.8;15.0;15.0
2024-05-20;2;LEV;*****442;11.8;13.3;;;
2025-01-02;2;MOD;*****115;11.2;;;;
2023-11-03;2;LEV;*****320;12.5;12.5;;14.0;
2024-11-16;2;MOD;*****683;10.0;12.0;;;
2025-01-30;2;MOD;*****286;11.8;14.0;13.1;;
2024-04-03;2;MOD;*****594;12.1;11.9;;;
2024-03-16;2;LEV;*****299;13.0;12.3;;;
2024-10-18;2;MOD;*****690;11.9;;;;
2024-06-18;1;LEV;*****488;12.8;;12.5;;
2024-10-14;2;LEV;*****334;9.7;12.0;12.4;14.2;
2025-03-10;2;LEV;*****786;12.2;13.6;13.6;;
2024-05-07;2;LEV;*****858;11.8;12.4;;;
2024-05-14;2;MOD;*****090;11.1;12.3;;;
2024-05-17;2;MOD;*****397;12.0;12.8;14.0;;
2024-10-14;2;MOD;*****963;12.6;12.6;;;
2024-10-12;2;LEV;*****319;12.9;12.9;13.1;;
2024-04-19;2;LEV;*****668;13.3;;;;
2024-11-30;2;MOD;*****213;12.0;12.0;11.1;;
;2;LEV;*****994;;;;;
2024-04-22;2;MOD;*****278;12.1;13.7;13.7;;
2024-02-22;2;LEV;*****340;12.3;;;;
2024-11-16;2;LEV;*****562;12.1;;;;
2024-06-20;2;LEV;*****974;12.2;12.1;11.5;12.6;
2024-09-03;2;LEV;*****576;12.5;12.7;;;14.4
2024-02-15;2;MOD;*****284;10.5;12.3;12.4;14.3;
2024-09-21;2;LEV;*****790;11.5;;;;
2024-05-07;2;LEV;*****088;11.9;12.8;12.4;10.6;12.1
;2;LEV;*****078;;;;;
2024-06-22;2;LEV;*****919;12.3;9.3;10.6;12.7;12.7
2025-05-20;2;LEV;*****578;12.9;;;;
2024-07-20;2;LEV;*****106;11.4;;;;
2024-07-24;2;LEV;*****224;11.4;13.4;13.6;12.1;
2024-09-19;2;MOD;*****826;11.4;11.5;13.0;;
2024-08-06;2;MOD;*****442;11.0;13.7;;14.4;
2024-05-02;2;LEV;*****410;10.8;10.8;12.8;13.3;
2024-05-20;2;LEV;*****541;14.9;12.2;15.0;13.5;
2024-12-02;2;LEV;*****422;12.9;14.4;;;
2023-12-26;2;LEV;*****029;10.9;10.2;;;11.0
2024-06-06;2;LEV;*****847;10.3;10.3;;;
2024-08-05;2;MOD;*****101;11.8;;;;
2024-09-20;2;LEV;*****333;12.2;;;;
2025-02-26;2;LEV;*****739;12.4;12.3;;;
2025-04-01;2;LEV;*****273;11.8;11.8;;;
2024-02-26;2;LEV;*****150;12.4;12.4;;;
2025-05-30;2;LEV;*****937;12.8;;;;
;2;;*****986;;;;;
;1;;*****870;;;;;
;1;;*****626;;;;;
2024-04-08;1;LEV;*****410;13.0;12.6;;;
2024-07-25;2;LEV;*****539;12.7;15.1;;;
2024-08-23;2;MOD;*****904;12.0;;;;
2024-09-05;2;LEV;*****571;13.0;12.9;13.1;;
2024-11-14;2;LEV;*****599;12.5;12.5;12.8;13.3;
2023-10-12;2;LEV;*****591;12.9;13.0;14.2;;
2024-02-06;2;MOD;*****698;9.8;9.8;13.0;14.1;
2024-10-19;2;LEV;*****000;12.1;12.1;13.9;;
;2;LEV;*****687;;;;;
2024-04-11;2;LEV;*****298;12.2;;;;
2024-10-28;2;LEV;*****580;12.9;12.8;;;
2024-02-12;2;LEV;*****725;13.0;13.9;;;
2025-01-03;2;MOD;*****851;11.8;12.6;;;
2024-11-18;2;MOD;*****397;10.0;11.0;;;
2024-04-25;2;LEV;*****526;12.7;10.3;;;
2024-10-02;2;LEV;*****845;12.7;12.4;;;
2025-05-26;2;LEV;*****150;13.0;;;;
2024-03-27;2;LEV;*****607;12.1;;;;
2024-10-21;2;LEV;*****348;12.1;12.5;;;
2024-08-16;2;LEV;*****261;12.8;;;13.3;
;2;MOD;*****411;;;;;
2024-02-19;2;LEV;*****504;12.3;;;;
2025-05-09;2;LEV;*****256;10.4;;;;
2024-01-15;2;MOD;*****606;12.0;12.0;;;
2025-01-14;2;MOD;*****672;11.9;11.8;;12.4;
2025-02-20;2;LEV;*****166;13.1;;;;
;2;LEV;*****094;;;;;
2024-10-31;2;LEV;*****587;12.8;12.9;;;
2024-11-15;1;LEV;*****300;10.5;10.5;;;
2025-03-12;2;LEV;*****220;13.3;13.0;;;
2025-04-25;2;LEV;*****052;12.4;;;;
2024-05-22;2;LEV;*****391;12.0;12.0;12.0;12.1;
2024-01-20;2;LEV;*****723;12.7;;;;
2025-02-13;2;LEV;*****769;13.0;;;;
2024-09-16;2;LEV;*****726;12.7;13.3;;;
2024-12-26;1;LEV;*****047;10.7;;;;
2024-09-09;2;LEV;*****771;11.8;;;;
2024-12-18;2;LEV;*****478;12.3;12.9;13.4;;
2024-02-08;2;LEV;*****963;12.9;;13.0;;
2025-05-06;2;LEV;*****390;12.3;;;;
2024-06-25;2;LEV;*****917;14.0;;;;
2025-02-11;2;MOD;*****298;11.2;11.4;11.4;;
2024-12-26;2;LEV;*****469;12.5;13.8;;;
2024-07-26;2;LEV;*****364;12.8;;;;
2024-05-31;2;LEV;*****412;12.1;12.1;12.1;12.3;
2024-04-30;2;LEV;*****086;12.7;;;;
2024-03-16;2;LEV;*****405;10.3;;;;
2024-10-15;2;LEV;*****752;13.0;13.0;;13.0;
2024-12-20;2;LEV;*****117;12.4;10.1;;;
2024-11-08;2;MOD;*****983;11.6;12.0;14.2;;
2024-09-18;2;LEV;*****556;12.5;12.5;13.5;14.5;
2025-05-08;2;LEV;*****999;12.6;;;;
2024-02-27;2;MOD;*****692;11.1;;;;
2025-01-24;2;LEV;*****896;12.7;12.8;12.9;11.5;
;2;LEV;*****644;;;;;
2024-07-10;1;MOD;*****868;11.6;;;;
2024-04-12;2;MOD;*****954;8.6;;;;
2024-06-21;1;LEV;*****529;12.8;;;;
2025-02-14;2;LEV;*****601;12.1;14.5;11.8;;
2025-01-23;1;LEV;*****628;12.5;13.9;;14.2;
2024-06-26;1;MOD;*****288;11.9;;;;
2023-10-17;2;LEV;*****523;12.2;;;;
2024-05-24;1;LEV;*****139;12.3;;;14.2;
2024-03-11;1;LEV;*****458;12.1;;16.1;;
2024-04-19;2;LEV;*****215;12.5;;;;
2023-11-30;2;LEV;*****259;12.1;;;;
2023-11-27;2;LEV;*****870;12.8;;;14.3;
2024-05-28;1;LEV;*****573;12.4;;16.1;;
2023-11-02;2;LEV;*****942;12.8;;;;
2023-11-02;2;LEV;*****677;12.7;;;14.2;
2024-06-26;1;MOD;*****625;12.5;13.8;;;
2024-04-17;2;LEV;*****613;12.5;;15.6;;
2024-10-16;1;LEV;*****380;12.1;;13.3;15.0;
2023-12-05;2;LEV;*****901;12.4;;;;
2024-03-21;1;LEV;*****298;12.2;10.4;;;
2024-05-20;2;LEV;*****858;11.9;;;;
2024-02-16;2;MOD;*****877;12.0;;;;
;2;LEV;*****604;;;;;
2024-03-08;2;LEV;*****437;12.3;;;13.1;
2024-02-20;2;MOD;*****433;11.9;;;;
2024-05-25;1;LEV;*****571;12.7;;;;
2024-05-22;2;LEV;*****346;12.9;;;;
2024-02-15;2;LEV;*****993;11.8;;;;
2023-11-04;2;MOD;*****672;10.5;13.0;;;
2024-02-12;2;LEV;*****860;11.8;12.1;;15.0;
2025-04-21;1;LEV;*****993;12.8;12.8;;;
2023-10-16;2;LEV;*****806;12.9;;;;
2024-09-30;1;LEV;*****489;10.4;12.3;;;
2024-10-25;1;LEV;*****090;10.4;12.1;;;
2024-10-07;1;LEV;*****305;12.3;;;13.0;
;1;LEV;*****719;;;;;
2024-11-25;1;LEV;*****449;11.9;;;;
2024-10-17;1;LEV;*****361;12.5;12.5;13.3;;
2024-05-18;2;LEV;*****958;12.9;;;;
2024-09-19;1;LEV;*****523;;;;;
2024-04-25;2;LEV;*****945;12.9;13.0;;;
2023-11-24;2;LEV;*****324;12.3;9.7;;;
2024-08-06;1;LEV;*****290;10.7;12.8;;;
2024-08-17;1;LEV;*****915;12.8;;14.3;;
2024-05-18;1;LEV;*****550;11.9;;;14.1;
2024-09-06;1;LEV;*****230;10.7;;;;
2024-03-23;2;LEV;*****451;12.7;;;;
2024-11-28;1;LEV;*****428;10.4;12.7;;;
2024-08-12;1;LEV;*****675;11.2;12.5;14.1;;
2024-09-17;1;LEV;*****245;11.9;;;;
2024-09-27;1;MOD;*****275;11.8;11.8;;14.1;
2024-07-04;1;LEV;*****566;12.5;12.5;13.6;;
2023-10-17;2;MOD;*****825;12.0;;;;
2023-10-23;10;LEV;*****742;10.8;;;;
2024-03-29;2;LEV;*****129;13.0;;;;
2024-02-03;2;MOD;*****480;9.9;;;;
2024-07-05;1;LEV;*****790;12.5;;14.6;;
2024-01-10;2;LEV;*****675;12.7;;12.7;;
2024-05-14;2;LEV;*****655;11.9;;;;
2025-04-26;1;MOD;*****417;12.3;;;;
2023-10-24;2;LEV;*****240;12.3;14.4;;;
2024-03-28;2;LEV;*****785;13.0;;;;
2024-08-06;1;LEV;*****160;10.4;13.0;;14.2;
2024-08-13;1;MOD;*****744;11.3;11.8;;14.2;
2024-05-18;2;MOD;*****183;10.8;;;;
2023-11-22;2;LEV;*****526;12.1;12.5;12.7;;
2023-11-08;2;MOD;*****129;11.3;;;;
;2;LEV;*****674;;;;;
2024-03-04;2;LEV;*****776;12.1;12.3;13.1;16.1;
2024-10-01;1;LEV;*****678;12.4;13.0;;;13.1
2024-02-01;2;LEV;*****959;13.0;13.3;13.2;13.6;13.9
2024-04-24;2;MOD;*****493;11.1;;;;
;1;LEV;*****101;;11.4;;;
2024-02-03;2;MOD;*****341;11.7;12.5;;;
2025-02-03;1;LEV;*****928;12.5;12.7;13.6;;
2023-10-20;2;LEV;*****478;12.7;13.2;13.4;12.7;
;2;LEV;*****100;;;;;
;2;LEV;*****955;;;;;
;2;LEV;*****874;;;;;
2023-10-25;2;MOD;*****177;11.1;13.2;;;
;2;LEV;*****081;;;;;
;2;LEV;*****095;;;;;
;2;LEV;*****235;;;;;
;2;MOD;*****493;;;;;
;2;LEV;*****187;;;;;
;1;MOD;*****350;;;;;
;2;LEV;*****206;;;;;
;2;LEV;*****626;;;;;
2024-02-22;1;LEV;*****795;15.1;;;;
;2;LEV;*****054;;;;;
;1;MOD;*****972;;;;;
;2;LEV;*****484;;;;;
;2;LEV;*****941;;;;;
;2;LEV;*****657;;;;;
;2;LEV;*****438;;13.0;;15.3;
2024-01-16;2;LEV;*****817;12.9;12.9;;;
2024-08-03;2;MOD;*****517;11.5;;;;
;10;LEV;*****716;;;;14.2;
;1;MOD;*****732;;;;;
;1;LEV;*****194;;;;;
;2;LEV;*****088;;;;;
;2;LEV;*****271;;;;14.2;
2025-02-10;2;MOD;*****857;10.3;11.7;;;
;1;LEV;*****495;;;;;
;2;LEV;*****094;;;;;
2024-01-10;2;LEV;*****093;12.1;;;14.6;
2025-02-18;2;LEV;*****225;12.3;12.3;;;
;2;LEV;*****691;;12.0;12.5;;
;2;LEV;*****846;;;;;
;2;LEV;*****978;;;;;
;1;LEV;*****300;;;;;
;2;MOD;*****954;;;;;
;2;LEV;*****982;;;;;
;2;LEV;*****013;;;;;
;1;LEV;*****476;;;;;
2024-05-02;1;LEV;*****455;12.8;;;;
;2;MOD;*****714;;;;;
2024-04-02;2;MOD;*****030;;10.6;9.4;10.7;
;2;MOD;*****213;;;;;
;2;LEV;*****011;;;;;
2024-05-21;2;LEV;*****869;12.1;;;;
2025-01-21;2;LEV;*****267;12.2;9.5;;;
2025-04-04;2;MOD;*****380;11.2;11.2;;;
;2;MOD;*****356;;;;;
;1;MOD;*****776;;;;;
;2;LEV;*****675;;;;;
;2;MOD;*****513;;;;;
;2;LEV;*****024;;10.8;;;
2025-03-03;2;LEV;*****173;10.4;;;;
;2;MOD;*****678;;;;;
2025-04-14;2;MOD;*****418;12.5;12.0;;;
;2;MOD;*****624;;;;;
;2;LEV;*****195;;;;;
;1;LEV;*****266;;;;;
;2;LEV;*****059;;;;;
;2;MOD;*****651;;11.8;;;
;2;LEV;*****171;;13.7;;;
;2;LEV;*****499;;;;;
;2;LEV;*****690;;;;;
;2;LEV;*****216;;;;;
2025-01-02;2;MOD;*****364;11.1;10.0;;;
2024-07-30;2;LEV;*****660;10.9;;;;
;2;LEV;*****016;;;;13.0;
;2;MOD;*****347;;;;;
;2;LEV;*****570;;;;;
;2;MOD;*****561;;;;13.0;
2024-08-20;2;MOD;*****798;11.0;12.5;;13.5;
;2;;*****271;;;;;
;2;LEV;*****022;;;;;
;2;LEV;*****749;;;;;
2024-02-03;2;LEV;*****001;12.7;;;13.1;
;1;LEV;*****237;;;;;
;1;LEV;*****794;;12.8;;;
;1;LEV;*****553;;;;;
;1;LEV;*****375;;13.0;;;
2024-01-15;2;LEV;*****333;10.2;10.2;;13.8;
;2;LEV;*****151;;;;;
;2;LEV;*****691;;;;;
;2;LEV;*****723;;;;;
2025-04-08;2;MOD;*****001;11.1;;;;
;2;MOD;*****960;;;;;
2025-05-31;2;LEV;*****245;12.8;;;;
2025-04-22;2;LEV;*****987;12.0;12.0;;;
2025-03-15;2;LEV;*****408;13.0;;;;
;8;MOD;*****275;;;;;
;2;LEV;*****798;;;;;
;2;LEV;*****092;;;;;
;2;MOD;*****144;;;;12.4;
;2;MOD;*****201;;;;;
;2;LEV;*****811;;;;;
;1;LEV;*****205;;13.4;;;
2024-04-06;2;LEV;*****311;12.6;;;;
;2;LEV;*****205;;13.4;;14.5;
;2;;*****025;;;;12.3;
;2;LEV;*****901;;;;;
;2;MOD;*****680;;;;;
;2;MOD;*****746;;11.9;;;
2025-02-14;2;LEV;*****970;11.3;;;;
;1;MOD;*****611;;;;;
;2;MOD;*****080;;;;;
;1;LEV;*****931;;;;;
;2;LEV;*****470;;;;;
2025-02-20;2;MOD;*****235;9.1;9.1;;;
2024-12-11;2;MOD;*****247;14.1;;;10.7;
;2;LEV;*****271;;;;;
2024-04-05;1;MOD;*****497;11.7;11.7;12.0;;12.4
2023-11-08;2;LEV;*****624;12.8;;;;
2024-09-12;1;LEV;*****495;12.2;12.8;12.2;14.1;12.2
2024-03-06;1;MOD;*****973;11.2;;12.0;11.7;11.8
2024-09-03;1;MOD;*****870;11.6;;;;
2024-12-23;2;LEV;*****411;12.8;;;;
2023-12-02;2;LEV;*****104;12.7;12.7;13.0;13.0;
2024-12-18;2;LEV;*****738;13.0;12.9;13.0;12.0;
2025-01-09;1;MOD;*****642;11.3;;;14.2;
2024-03-12;2;LEV;*****326;12.4;13.1;;;
2023-11-18;2;LEV;*****998;13.1;;;13.1;13.1
2025-01-20;2;MOD;*****288;12.0;12.0;12.2;;
2024-01-06;2;LEV;*****202;12.2;11.7;;;
2024-02-20;1;LEV;*****168;13.0;13.0;13.0;13.1;
2024-10-25;2;LEV;*****435;12.9;;;;
2024-08-03;2;LEV;*****728;10.7;;;;
;2;LEV;*****455;;;;;
2023-11-06;2;LEV;*****462;11.8;;;;
2024-04-19;2;MOD;*****902;11.6;;12.9;14.5;
2023-12-15;2;LEV;*****401;10.8;;;;
;2;LEV;*****212;;;;;
;2;LEV;*****633;;13.1;;;
2024-04-10;2;MOD;*****892;11.8;11.8;;14.2;
2024-01-11;2;MOD;*****716;11.2;12.8;12.9;11.6;
;1;LEV;*****636;;;;;
2023-12-22;2;LEV;*****652;12.6;;14.4;12.2;
;2;MOD;*****943;;;;;
;2;LEV;*****296;;12.8;;;
2023-10-17;2;LEV;*****215;12.0;13.2;;;
2024-10-16;2;MOD;*****197;11.6;;;;
;2;LEV;*****995;;;;;
2025-03-04;2;LEV;*****093;12.2;13.5;12.6;;
;2;LEV;*****571;;12.8;;;
2023-12-28;1;LEV;*****251;11.5;11.5;11.5;;
;2;MOD;*****824;;;;;
;1;LEV;*****571;;;;;
2024-08-21;2;LEV;*****598;12.1;;;;
2024-12-25;1;MOD;*****941;11.4;;;;
2023-10-17;2;LEV;*****572;12.2;;;;
2023-11-23;2;LEV;*****254;11.7;;;;
;2;LEV;*****254;;;;;
;1;MOD;*****148;;;11.0;;
2023-10-27;2;LEV;*****666;11.9;;;;
2024-02-26;2;MOD;*****328;10.8;11.5;;14.4;
2024-07-12;2;LEV;*****206;12.6;;;;
;2;MOD;*****987;;;;;
;2;MOD;*****872;;;;;
2023-11-13;2;LEV;*****011;12.7;;;;
;1;LEV;*****237;;;;;
;2;LEV;*****509;;;;;
;2;LEV;*****906;;;;;
;2;MOD;*****781;;;;;
2024-04-30;2;LEV;*****877;13.0;;;;
;2;LEV;*****570;;;;;
2025-05-02;2;LEV;*****861;12.3;;;;
2023-10-20;10;LEV;*****736;12.2;;;;
;2;MOD;*****268;;;;14.4;
;2;MOD;*****934;;;;;
;2;MOD;*****704;;11.5;;14.1;
;2;LEV;*****308;;;;;
;2;LEV;*****369;;;;;
2024-01-10;2;LEV;*****799;12.3;13.6;;14.5;
;2;;*****143;;;;;
;1;LEV;*****950;;;;;
2024-03-27;1;LEV;*****954;12.5;;;;
;2;MOD;*****178;;;;;
2023-11-23;2;LEV;*****845;10.4;12.2;11.6;;
;1;LEV;*****394;;;14.3;;
2024-04-16;2;MOD;*****826;11.4;;;12.5;11.4
;2;LEV;*****500;;12.6;;;
2025-03-03;2;LEV;*****218;12.1;12.1;12.1;;
;2;MOD;*****773;;;;;
2024-05-25;2;MOD;*****694;11.8;;;14.0;13.5
;2;LEV;*****158;;;;;
2024-07-15;2;LEV;*****359;12.7;12.7;;;
;2;LEV;*****475;;12.1;;;
2025-04-16;2;MOD;*****900;11.5;11.8;;;
2024-05-13;1;LEV;*****103;13.3;;;;
;1;MOD;*****274;;11.6;;;
;2;MOD;*****190;;;;;
2023-12-18;2;LEV;*****355;9.7;;;;
;2;LEV;*****134;;;;;
2024-03-01;2;LEV;*****642;13.0;13.7;;;
2023-11-20;2;MOD;*****021;;;;;
;2;LEV;*****762;;;;;
2023-12-16;1;LEV;*****638;12.9;12.0;12.3;;11.0
2024-04-11;1;MOD;*****019;12.0;12.0;10.0;12.6;
2023-12-02;2;MOD;*****385;10.8;;14.4;;
2024-07-12;1;LEV;*****651;12.2;;12.2;13.2;
2024-03-22;1;MOD;*****715;11.0;;;;9.7
2024-06-22;1;LEV;*****869;12.2;12.2;13.2;;
2024-04-16;1;MOD;*****104;11.4;10.6;11.8;;
2023-12-13;2;LEV;*****009;12.0;;;;
2024-03-01;2;MOD;*****170;10.1;;;;
2024-06-21;1;MOD;*****971;11.3;;14.0;;
2024-01-26;2;MOD;*****617;10.9;;;;
2024-06-07;1;MOD;*****190;11.2;11.2;;;
2023-11-17;2;MOD;*****484;11.8;13.2;11.9;13.2;
2024-06-13;1;MOD;*****470;12.0;;;13.8;
2024-02-06;2;LEV;*****322;12.3;;12.3;13.1;
2024-12-13;2;LEV;*****553;12.5;12.9;12.7;10.1;
2024-03-15;1;MOD;*****011;10.8;;10.2;13.2;
;2;MOD;*****001;;;;;
2024-04-27;1;MOD;*****074;12.0;12.0;12.3;13.2;
2025-01-30;2;MOD;*****359;10.9;12.8;;;
2023-12-16;2;LEV;*****223;11.8;13.5;;;
2024-05-01;1;MOD;*****268;11.1;14.2;12.2;13.2;
2024-01-12;2;LEV;*****199;12.0;13.5;11.4;;
2025-05-06;2;MOD;*****383;11.0;;;;
2025-05-16;2;LEV;*****904;12.2;;;;
2024-02-24;2;LEV;*****571;;;13.0;13.0;
2024-10-15;1;MOD;*****915;11.7;;12.7;;
2024-05-20;1;LEV;*****158;12.7;;15.0;;
2024-08-06;1;LEV;*****386;12.2;;12.0;13.4;
2024-02-21;1;LEV;*****039;13.5;;13.0;12.2;
2025-01-30;2;MOD;*****211;11.7;12.1;12.1;11.4;
2025-04-12;2;MOD;*****725;9.6;12.4;;;
2024-03-29;2;MOD;*****944;11.0;;;;
2023-11-16;2;MOD;*****922;11.6;;10.3;13.2;
2025-05-28;1;LEV;*****083;12.3;;;;
2024-03-26;1;LEV;*****634;12.5;;;12.6;14.2
2023-10-30;2;LEV;*****157;;;12.2;13.2;
2023-11-14;2;MOD;*****597;10.1;9.9;;14.0;
2025-01-18;2;MOD;*****113;11.8;12.5;9.6;12.3;12.5
2024-12-05;2;MOD;*****134;11.5;17.3;11.4;13.2;
2024-09-30;1;LEV;*****832;12.2;13.4;13.4;;
2025-02-07;2;MOD;*****226;11.3;10.3;12.2;;
2024-04-24;1;MOD;*****301;11.2;10.8;;12.0;
2023-12-27;2;LEV;*****058;11.9;11.9;;;
2025-01-13;1;MOD;*****593;9.0;10.9;;13.4;12.0
2023-11-15;2;LEV;*****685;11.9;;;;
2024-02-09;2;MOD;*****701;8.8;;11.1;;
2024-09-07;1;MOD;*****632;11.8;14.1;11.2;;
2024-02-13;2;MOD;*****614;11.4;;15.4;12.7;
2024-06-24;1;LEV;*****143;12.3;;;;
2024-05-08;1;MOD;*****840;10.3;12.4;10.2;;10.4
2023-11-13;2;LEV;*****430;12.5;11.8;;;
2024-08-02;1;MOD;*****410;11.6;9.0;12.2;;
2025-01-13;1;MOD;*****659;11.9;14.1;;13.2;
2024-01-03;2;LEV;*****776;12.2;;;13.2;
2023-12-14;2;MOD;*****195;13.0;;;;
2025-04-10;2;MOD;*****182;10.8;10.8;;;
2024-04-15;1;LEV;*****172;12.8;;;;
2024-05-27;1;LEV;*****416;12.2;13.2;;;
2025-04-01;2;LEV;*****945;12.7;13.5;;;
;10;LEV;*****341;;12.5;;;
2024-05-07;1;LEV;*****619;12.0;13.2;;;
2025-04-22;2;LEV;*****658;12.1;13.2;;;
2024-05-02;2;LEV;*****845;12.8;;;;
2024-11-07;1;MOD;*****039;10.5;10.8;;;
2024-04-09;2;LEV;*****468;12.5;;;;
;2;SEV;*****270;;;;;
2024-04-22;1;LEV;*****417;12.7;13.7;;;
2025-03-11;2;LEV;*****466;11.9;9.5;;;
;1;LEV;*****368;;;;;
;2;LEV;*****956;;;;;
;1;LEV;*****159;;;;;
;2;MOD;*****610;;14.6;;;
;1;LEV;*****611;;;13.7;;
2024-08-28;1;MOD;*****626;11.8;;;;
2024-01-08;2;LEV;*****161;12.2;;;;
2024-10-22;2;LEV;*****325;12.8;13.6;;;
;1;MOD;*****889;;;13.3;;
2024-10-11;2;LEV;*****224;12.0;14.0;;;
;2;SEV;*****499;;12.5;13.2;;
;2;MOD;*****221;;14.0;14.4;;
;2;LEV;*****558;;;;;
;2;LEV;*****989;;;;;
;2;LEV;*****456;;15.0;;;
2024-04-01;1;LEV;*****603;12.7;;;;
;1;LEV;*****480;;;14.5;;
2025-03-05;2;LEV;*****954;11.1;12.6;;;
2025-03-27;2;LEV;*****595;12.2;12.0;;;
2025-01-20;2;LEV;*****452;12.5;12.8;;;
;2;MOD;*****161;;13.3;;;
2024-09-04;1;LEV;*****182;12.4;;;;
;1;LEV;*****464;;;;;
;1;LEV;*****063;;;;;
;2;LEV;*****208;;;;;
;2;LEV;*****805;;13.2;;;
;1;LEV;*****685;;;13.8;;
;2;LEV;*****890;;;;;
2025-02-19;1;LEV;*****736;11.9;;12.8;;
;2;MOD;*****112;;12.5;;;
2024-01-29;2;LEV;*****428;12.6;;13.4;;
;2;MOD;*****351;;14.1;;;
;2;MOD;*****734;;;;;
2024-12-30;2;MOD;*****644;10.8;;;;
2023-11-08;10;LEV;*****550;12.0;;;;
;1;LEV;*****804;;;;;
;1;LEV;*****637;;;;;
2024-12-12;1;LEV;*****002;13.0;12.8;13.6;13.6;
;2;LEV;*****092;;;;;
;1;LEV;*****355;;;;;
2024-03-18;2;LEV;*****726;12.1;12.1;;;
2024-10-16;2;LEV;*****112;12.6;13.0;13.0;;
2025-04-24;2;LEV;*****056;11.6;9.7;;;
2025-01-24;1;MOD;*****761;14.1;;13.0;13.0;
2023-12-21;2;MOD;*****483;11.4;11.3;12.5;13.0;
2025-02-01;2;MOD;*****130;11.3;13.0;12.0;12.5;
2024-01-19;2;MOD;*****393;11.3;11.7;11.9;12.1;12.1
;2;LEV;*****087;;;;;
2025-02-25;2;LEV;*****971;10.8;;;;
;2;LEV;*****524;;;;;
2024-11-26;2;LEV;*****438;13.0;13.0;;13.3;14.3
2024-08-13;2;LEV;*****023;10.5;;13.3;;11.9
;2;LEV;*****436;;;;;
2024-08-13;2;LEV;*****135;10.5;10.8;;;12.5
;2;MOD;*****269;;;;;
;2;MOD;*****752;;;;14.0;
;2;LEV;*****315;;;;;
2024-02-06;2;LEV;*****192;;;;12.8;10.9
2024-01-18;2;MOD;*****863;;12.0;;;
2024-01-19;2;MOD;*****992;9.6;;;;
2024-09-26;2;LEV;*****265;12.9;12.8;13.6;;
2024-08-03;2;MOD;*****862;9.1;;;;14.1
2023-11-09;2;LEV;*****925;13.6;;;;11.0
2024-05-16;2;MOD;*****030;8.6;10.2;;14.3;14.5
2024-05-11;2;LEV;*****410;10.5;13.3;;;
2024-11-05;2;MOD;*****260;11.9;12.0;13.8;14.1;
2025-05-06;2;LEV;*****104;12.1;;;;
2025-01-06;1;MOD;*****814;11.8;13.0;15.0;;
2025-02-06;2;LEV;*****326;12.7;12.8;13.9;;
2025-01-13;2;LEV;*****961;12.2;12.2;13.0;;
2024-08-08;2;MOD;*****194;11.0;;;;
2025-03-13;2;LEV;*****114;12.7;;;;
2024-12-26;2;LEV;*****492;12.9;12.9;;;
2024-12-02;2;MOD;*****679;11.5;13.5;12.7;13.5;14.5
2024-09-10;2;MOD;*****775;11.9;11.9;10.9;12.2;12.2
2023-12-27;2;MOD;*****661;9.6;;;;
2023-11-17;2;MOD;*****063;9.9;;12.7;;
2023-11-04;2;LEV;*****664;12.8;10.4;;;
;2;MOD;*****159;;13.2;;;
2025-03-08;2;LEV;*****974;12.0;13.6;;;
;2;LEV;*****230;;;;;
2025-03-25;2;LEV;*****118;13.5;12.6;;;
2024-07-31;2;LEV;*****510;12.5;12.5;12.4;;
;2;MOD;*****710;;;;;
2025-02-28;2;MOD;*****748;;;;;
2024-03-15;2;LEV;*****548;13.0;;;;
;2;LEV;*****006;;;;;
2024-07-26;2;LEV;*****293;12.0;;;;
2024-03-14;2;LEV;*****908;13.0;13.3;13.7;13.2;13.7
2024-07-08;2;LEV;*****179;12.4;12.2;12.4;;
;2;LEV;*****338;;;;;
2024-01-22;2;LEV;*****682;13.0;12.3;;14.4;
2024-09-05;2;LEV;*****747;12.2;;;13.6;
2023-11-27;2;LEV;*****191;13.0;;;;
2024-10-14;2;LEV;*****104;12.2;12.2;12.7;13.0;12.2
2024-04-29;2;LEV;*****154;13.0;13.0;;;
2024-04-20;2;LEV;*****038;12.8;13.9;;;
2024-01-25;2;LEV;*****558;12.8;12.0;12.3;14.2;
2023-11-15;2;LEV;*****377;9.9;12.3;;;
2025-04-21;2;LEV;*****524;12.0;11.6;;;
2024-11-14;2;LEV;*****477;12.6;;;;
2024-04-26;2;LEV;*****980;13.0;12.1;14.1;15.3;
2024-10-03;2;MOD;*****919;11.7;11.5;;;
2023-11-20;2;MOD;*****071;10.8;13.2;;;
2024-01-19;2;MOD;*****317;11.9;;;;
2024-11-01;2;LEV;*****338;12.7;12.8;;;
2024-08-26;2;MOD;*****175;12.0;;;;
2024-12-05;2;LEV;*****660;12.5;12.5;12.5;12.6;
2023-12-28;2;LEV;*****450;13.2;12.8;;12.7;
2024-03-05;2;LEV;*****283;13.0;;;;
;2;LEV;*****779;;;;;
2025-01-25;2;LEV;*****044;11.9;12.6;13.2;;
2024-06-13;2;LEV;*****969;12.2;12.2;13.4;15.1;
2024-08-20;2;MOD;*****577;10.5;;;;
2025-05-08;2;LEV;*****945;12.4;;;;
;2;LEV;*****673;;;;;
;2;LEV;*****469;;;;;
;2;MOD;*****600;;;;;
;2;;*****181;;;;;
2023-10-27;2;LEV;*****575;12.1;;;;
2024-05-08;1;LEV;*****771;10.3;9.9;;12.5;13.7
2023-12-07;2;LEV;*****057;12.7;11.9;;;
2024-04-30;2;LEV;*****947;13.0;;13.4;;
2024-06-21;2;LEV;*****930;12.5;;;;
2025-03-06;2;LEV;*****627;11.7;11.8;;;
;2;LEV;*****359;;;;;
2024-01-23;2;LEV;*****356;12.7;;;;
2025-01-31;2;MOD;*****061;10.6;;;;
2024-01-23;2;LEV;*****577;15.6;11.1;11.8;12.1;
2025-03-21;2;MOD;*****839;10.3;13.7;;;
2024-04-13;1;LEV;*****892;12.5;;11.0;13.8;12.2
;2;;*****343;;;;;
2025-03-05;2;MOD;*****766;10.9;12.4;;;
2024-02-27;2;MOD;*****597;11.9;11.3;10.9;;
2025-01-03;2;LEV;*****744;12.5;12.6;;;
2024-03-12;2;LEV;*****136;;13.0;;;
2025-01-31;2;LEV;*****912;12.3;;;;
2024-09-11;2;LEV;*****535;12.3;13.2;;;
;2;;*****964;;13.6;;;
2023-11-08;2;MOD;*****852;12.0;;12.2;;
2024-09-13;2;LEV;*****714;12.3;12.6;;;
2023-11-03;2;LEV;*****072;;;12.7;;
2024-07-16;2;LEV;*****648;12.4;12.4;;;
2024-10-05;2;MOD;*****612;11.9;12.0;10.9;9.8;12.3
2023-12-12;10;LEV;*****929;12.5;;;;
2023-10-26;2;LEV;*****797;12.8;13.0;;;
2024-08-08;2;LEV;*****965;12.0;11.5;12.9;15.5;
2024-04-25;1;MOD;*****361;10.5;10.9;;12.3;
2025-03-28;2;LEV;*****098;12.3;12.3;;;
2024-10-28;2;LEV;*****047;12.1;12.1;11.2;14.6;
2024-08-31;1;MOD;*****946;12.0;;;;
;2;;*****210;;;;;
;2;;*****532;;;;;
2024-06-13;2;MOD;*****828;10.8;;;13.8;
2024-10-12;2;LEV;*****577;12.3;;12.1;13.0;
2024-05-18;1;LEV;*****916;12.6;13.3;;;
2025-05-17;1;LEV;*****250;10.6;;;;
2025-03-06;2;LEV;*****663;12.4;14.3;;;
2024-01-06;2;MOD;*****289;10.1;;10.3;;
2024-07-03;2;LEV;*****961;12.6;;;;
2024-01-20;2;MOD;*****123;11.5;11.1;10.0;10.8;
2025-03-28;2;LEV;*****561;12.5;12.7;;;
;2;LEV;*****041;;;;;
2024-10-11;2;LEV;*****845;12.5;;12.3;12.5;14.5
;2;;*****656;;;;;
2023-11-24;2;LEV;*****501;12.7;13.3;;;
2025-02-01;2;MOD;*****125;;12.6;;;
2024-01-29;2;MOD;*****646;11.8;12.9;;11.9;12.9
2024-12-10;2;SEV;*****818;6.9;;;;
2024-11-21;2;LEV;*****647;13.0;12.1;12.3;14.5;
2023-12-29;2;LEV;*****807;10.6;;;;
2024-04-19;2;LEV;*****986;;10.9;;13.7;
2025-01-29;2;LEV;*****239;10.4;;;;
2024-02-28;2;MOD;*****682;11.8;;14.7;;
2024-03-13;2;LEV;*****943;12.8;12.3;;;
2023-11-22;2;MOD;*****068;;;;;
2025-03-13;2;LEV;*****467;12.7;;;;
2024-06-15;2;LEV;*****941;12.4;;;;
2024-02-27;2;LEV;*****143;12.6;;;;
2025-05-17;2;MOD;*****182;11.9;;;;
2024-07-16;2;LEV;*****023;12.1;10.4;11.2;13.4;
2023-11-21;2;LEV;*****563;12.8;12.8;;;
2025-04-17;2;LEV;*****839;12.4;13.2;;;
2024-10-05;2;LEV;*****259;12.4;;;;
2023-10-25;2;LEV;*****436;12.4;;;;
2025-02-21;2;LEV;*****640;13.0;;;12.0;
2024-09-10;2;LEV;*****738;12.5;12.3;;;
2024-09-05;2;MOD;*****344;12.0;;;;
2023-11-08;2;LEV;*****547;10.8;;;;
2023-12-01;2;LEV;*****723;9.7;;;;
2023-10-31;10;MOD;*****167;11.0;;;;
;2;;*****946;;;;;
;2;MOD;*****060;;;;;
2024-12-24;2;MOD;*****465;11.4;11.7;11.5;11.5;
;2;;*****730;;;;;
;2;LEV;*****728;;;;;
2024-12-02;2;MOD;*****370;11.8;13.0;13.7;13.7;
2024-11-28;2;LEV;*****224;12.9;;;;
2024-12-02;2;MOD;*****396;11.0;12.7;13.8;13.9;14.4
2025-02-04;2;LEV;*****789;12.6;12.5;13.1;12.3;
2025-01-29;2;LEV;*****659;12.1;12.3;;;
2023-10-23;2;LEV;*****007;10.5;;;;
;2;MOD;*****582;;12.0;12.0;;
2024-01-30;2;LEV;*****456;12.4;;;;
2024-07-31;2;MOD;*****954;11.5;;;;
;2;MOD;*****214;;;;;
2024-02-03;2;LEV;*****791;13.9;13.3;;13.3;13.3
2025-03-24;2;LEV;*****926;13.9;13.9;11.5;;
2024-09-21;1;MOD;*****632;10.6;;;;
;2;MOD;*****233;;;;;
2025-01-22;1;MOD;*****456;10.8;8.6;;;13.6
2024-06-17;2;LEV;*****618;12.8;12.8;12.8;;
2024-06-08;2;SEV;*****067;;13.3;12.1;12.1;13.3
2024-01-15;2;LEV;*****282;10.4;13.7;;10.2;
2024-05-06;2;MOD;*****954;9.5;12.6;9.3;12.6;
2024-05-15;2;LEV;*****307;12.9;;12.9;13.6;
2024-07-23;2;LEV;*****125;14.0;12.0;;;
2024-02-16;2;LEV;*****689;12.1;;;;
2024-07-15;1;LEV;*****659;12.4;12.4;;12.9;
;10;;*****393;;;;;
2024-09-14;2;LEV;*****939;12.7;12.7;;;
2024-12-20;2;LEV;*****926;12.2;;;;
;2;LEV;*****605;;;;;
2024-01-12;2;LEV;*****149;13.1;13.1;;;
2024-01-12;2;LEV;*****378;;;;;
2023-11-28;2;LEV;*****428;13.1;13.12;;;
2024-03-09;1;LEV;*****049;12.7;12.1;11.6;;
2025-01-23;2;LEV;*****071;12.9;13.1;13.1;;
2024-10-03;2;MOD;*****110;12.0;11.6;;;
2024-01-31;2;MOD;*****904;11.1;;;;
;2;MOD;*****586;;;;;
;2;LEV;*****234;;;;;
2024-01-31;2;LEV;*****886;12.8;12.8;;;
2024-08-05;2;MOD;*****823;11.9;12.6;11.9;;12.6
2023-11-23;2;LEV;*****377;12.49;12.49;;;
2024-09-09;2;LEV;*****090;12.7;11.1;12.8;;
2024-03-07;2;LEV;*****157;13.5;13.5;13.3;11.1;12.0
2024-10-23;2;MOD;*****307;13.1;12.7;12.7;;
2024-02-22;2;LEV;*****251;;;;;
2024-11-12;2;LEV;*****841;;;13.3;;
2024-11-13;2;LEV;*****932;12.5;12.5;;12.5;
2025-02-21;2;LEV;*****951;13.1;;;;
2024-10-22;2;LEV;*****355;12.5;;;;
2025-01-24;2;LEV;*****780;12.5;12.5;;;
2024-08-29;2;MOD;*****015;;;;;
2025-01-23;2;LEV;*****560;;13.1;13.1;;
2024-07-25;2;MOD;*****933;;;;;
2024-12-13;2;MOD;*****492;;;11.7;;
2025-04-16;2;MOD;*****177;10.6;10.6;;;
;1;;*****335;;;;;
2024-08-23;2;LEV;*****122;12.0;10.6;10.5;10.6;10.6
;2;LEV;*****928;;;;;
2025-05-17;2;MOD;*****469;11.5;;;;
2024-10-09;2;MOD;*****918;;;;;
2024-07-08;2;LEV;*****719;12.8;13.0;;13.0;13.0
2024-09-10;2;MOD;*****831;10.8;10.8;12.5;;
2024-12-31;2;MOD;*****090;13.1;13.1;;;
2024-07-08;2;LEV;*****296;;;;;
2023-10-18;2;LEV;*****751;;14.8;;;
2025-02-07;2;MOD;*****933;;;;12.0;
;2;LEV;*****397;;;;;
;2;LEV;*****702;;;;;
2025-03-07;2;MOD;*****135;11.9;12.0;;;
2025-03-11;2;LEV;*****452;14.6;14.6;;;
2025-01-22;2;LEV;*****853;11.8;11.8;;15.1;
2025-01-20;2;LEV;*****976;13.0;13.0;13.0;;
2024-03-02;2;MOD;*****632;11.3;14.3;15.3;15.3;
2025-02-09;2;LEV;*****733;14.3;;;;
;2;LEV;*****135;;;;;
;2;LEV;*****314;;;;;
;2;MOD;*****550;;;;;
;2;MOD;*****629;;;;;
;1;LEV;*****409;;;;;
2024-12-06;2;LEV;*****785;12.4;13.0;;;
2024-11-25;2;LEV;*****627;12.7;;;;
;1;LEV;*****182;;;;;
2023-11-09;2;LEV;*****134;;;;;
2023-10-25;2;LEV;*****377;;;;;
;2;LEV;*****922;;;;;
2023-10-31;2;MOD;*****322;;;;;
;1;MOD;*****453;;;;;
2024-06-07;1;LEV;*****802;;;;;
2024-06-08;1;LEV;*****236;;;;;
2024-01-16;2;MOD;*****136;;;;;
2023-12-05;2;LEV;*****877;;11.5;;;
2025-03-16;2;LEV;*****661;11.8;12.2;;;
2024-04-05;2;MOD;*****878;;;;;
2024-11-20;1;LEV;*****779;11.9;;;;
2024-12-17;1;LEV;*****055;11.8;;;;
2024-03-13;2;LEV;*****172;;;;;
;1;LEV;*****269;;;;;
2024-12-05;1;LEV;*****723;11.5;11.8;;13.0;
2024-03-29;2;LEV;*****065;;;;;
;1;MOD;*****312;;;;;
;2;LEV;*****734;;;13.1;;
;2;MOD;*****835;;;;;
;1;LEV;*****574;;;;;
2024-01-17;2;LEV;*****451;12.6;12.6;;;
;1;LEV;*****014;;;;;
;2;MOD;*****661;;;;;
;2;LEV;*****263;;;;;
2025-04-12;2;LEV;*****604;10.0;;;;
;2;;*****077;;;;;
;2;MOD;*****638;;14.2;;;
;2;;*****779;;;;;
;2;LEV;*****906;;;;;
2024-03-13;2;LEV;*****492;12.4;;;;
;1;LEV;*****846;;;;;
;2;LEV;*****873;;12.3;12.3;;
2024-03-19;2;LEV;*****983;12.7;13.3;;11.4;
2024-08-28;1;LEV;*****332;12.4;;12.4;;
2024-02-14;2;LEV;*****325;12.5;12.0;;;
2025-01-02;2;LEV;*****964;12.8;12.9;;;
;2;MOD;*****193;;;;;
;1;LEV;*****432;;;;;
2024-09-05;2;MOD;*****710;11.2;;;;
;2;LEV;*****775;;;;;
;2;;*****171;;;;;
;2;LEV;*****664;;;;;
;2;LEV;*****756;;;14.0;;
;2;LEV;*****812;;;;;
;2;MOD;*****558;;;;;
2024-11-08;2;LEV;*****561;12.5;;;;
;2;LEV;*****138;;;;;
;2;LEV;*****856;;;14.4;;
;2;LEV;*****169;;;;;
;2;LEV;*****515;;;;;
;1;;*****948;;;;;
;2;LEV;*****427;;;;;
;2;LEV;*****651;;;;;
;2;LEV;*****503;;;;;
2025-03-24;2;LEV;*****627;12.3;12.6;;;
;2;LEV;*****938;;;13.6;;
;1;LEV;*****996;;;;;
;2;LEV;*****259;;;;12.0;
2024-02-07;2;MOD;*****522;11.1;;12.4;13.0;13.0
;2;MOD;*****315;;;;;
;1;;*****319;;;;;
;2;LEV;*****310;;;12.5;;
;2;LEV;*****154;;;;;
;2;LEV;*****146;;;;;
2024-04-10;2;LEV;*****395;12.7;14.5;14.1;;13.6
2025-05-21;2;LEV;*****946;12.8;;;;
2024-02-09;2;LEV;*****838;12.7;12.7;11.5;11.3;
;2;;*****880;;;;;
;2;MOD;*****006;;;;;
;2;LEV;*****738;;14.1;;;
;1;LEV;*****840;;;;;
;2;LEV;*****454;;12.8;;;
;1;;*****333;;;;;
;10;LEV;*****545;;;;;
;2;LEV;*****313;;;;;
;2;MOD;*****542;;;13.8;;
2025-05-17;2;LEV;*****719;12.0;;;;
;2;MOD;*****648;;12.2;13.1;;
;2;MOD;*****104;;;;;
2025-05-30;1;LEV;*****178;12.1;;;;
;2;MOD;*****179;;11.2;;;
;2;LEV;*****839;;;;;
;2;;*****694;;;;;
;2;LEV;*****558;;;12.1;13.5;
;2;LEV;*****979;;;;;
;2;LEV;*****583;;;;;
;1;MOD;*****062;;;;;
2024-08-09;2;LEV;*****887;12.6;11.4;11.7;;11.5
2024-08-09;2;LEV;*****352;12.5;11.7;;;
;2;LEV;*****576;;;;;
;1;MOD;*****477;;;;;
;2;;*****427;;;;;
;2;;*****347;;;;;
;2;MOD;*****944;;;;;
;2;MOD;*****149;;;;;
;2;LEV;*****419;;;12.4;;
2025-01-06;2;LEV;*****479;12.6;;;;
2024-12-03;2;LEV;*****002;12.8;15.7;14.8;;14.2
2024-12-30;2;MOD;*****040;11.8;11.7;13.5;;
;2;MOD;*****662;;;;;
2024-01-12;2;LEV;*****034;12.9;12.9;;;
;1;;*****707;;;;;
;2;;*****172;;;;;
;2;LEV;*****324;;;;;
;2;LEV;*****106;;;;;
2024-05-31;2;MOD;*****308;9.8;;;;
;1;LEV;*****682;;13.8;11.5;;
;2;LEV;*****813;;;;;
2025-04-25;2;LEV;*****762;12.4;13.4;;;
;2;MOD;*****000;;;;;
;2;LEV;*****976;;13.2;;;
2024-12-13;2;LEV;*****452;12.7;;14.2;;
;2;;*****351;;;;;
;2;;*****434;;;;;
2024-10-01;2;MOD;*****534;10.0;10.0;12.0;13.8;13.8
;2;MOD;*****947;;;;;
;2;LEV;*****053;;14.3;;;
2025-03-20;2;MOD;*****029;11.5;13.5;;;
;2;LEV;*****936;;;;;
;2;LEV;*****176;;;;;
;2;LEV;*****775;;;;;
;1;MOD;*****646;;;;;
;2;MOD;*****391;;;;;
;2;LEV;*****635;;;;;
;2;LEV;*****343;;13.1;13.1;;
;1;;*****144;;;;;
;2;;*****888;;;;;
;2;LEV;*****883;;;;;
;2;;*****712;;16.3;;;
;2;;*****419;;;;;
;2;MOD;*****874;;;;;
;2;LEV;*****989;;;;14.2;
;1;LEV;*****974;;;;;
;2;MOD;*****515;;;;15.0;
2024-06-28;2;LEV;*****991;12.9;14.4;;;
2023-10-09;2;MOD;*****047;11.2;11.2;;;
;1;MOD;*****048;;;;;
2024-01-03;2;LEV;*****628;12.7;;;;
2025-03-20;1;LEV;*****329;12.9;12.9;;;
2024-01-04;2;LEV;*****641;13.1;;13.1;13.8;
;2;;*****757;;;;;
;2;LEV;*****176;;;;10.8;
;2;;*****087;;;;;
;2;LEV;*****363;;;14.5;15.9;
;2;LEV;*****688;;;;;
;2;LEV;*****480;;;;;
;2;LEV;*****210;;;;;
2024-03-15;2;LEV;*****306;10.0;13.0;;13.7;12.5
;2;LEV;*****493;;;;;
;1;MOD;*****311;;;;;
2024-02-05;9;MOD;*****235;11.9;10.7;;;
;2;LEV;*****551;;;13.8;;
;2;LEV;*****278;;;;;
;2;LEV;*****002;;;;;
;2;;*****457;;;;;
;2;;*****170;;;;;
;2;LEV;*****817;;;;;
;1;;*****309;;;;;
;2;MOD;*****311;;11.6;;;
;2;LEV;*****588;;;;14.7;
;2;MOD;*****479;;;;;
;2;MOD;*****971;;;;;
;2;LEV;*****697;;;;;
;2;;*****394;;;;;
;2;LEV;*****636;;;;;
;1;;*****778;;;;;
;1;;*****066;;;;;
;2;LEV;*****507;;;;;
2024-02-14;2;LEV;*****777;12.5;;12.6;13.3;14.2
2023-11-06;2;LEV;*****242;;;11.8;;13.3
;2;LEV;*****299;;;;;
2024-07-04;2;LEV;*****338;14.5;;13.6;;
2024-07-08;2;LEV;*****979;11.3;;;;
;2;MOD;*****329;;;;;
2024-10-06;2;MOD;*****822;10.1;11.2;;10.0;10.0
2024-07-21;2;MOD;*****048;11.5;11.5;12.0;11.3;
;2;LEV;*****454;;13.0;;;
2025-02-21;2;MOD;*****043;10.4;;;;
2024-11-05;2;MOD;*****629;10.0;10.0;;;
2025-04-17;1;MOD;*****205;9.7;;;;
2024-02-19;2;LEV;*****732;;;;;
2024-03-15;2;LEV;*****657;12.6;11.7;;;
2025-03-08;2;LEV;*****166;11.8;11.8;;;
2025-01-22;2;LEV;*****837;11.7;13.8;;;
2024-01-25;2;LEV;*****336;;;10.4;;
2024-07-23;1;LEV;*****503;;;;;
2024-02-20;2;LEV;*****368;11.7;;;10.6;10.6
2025-05-13;2;MOD;*****816;;;;;
;2;MOD;*****190;;;;;
2024-12-07;2;LEV;*****231;11.5;10.9;;;
2023-11-20;2;LEV;*****064;14.5;13.0;;;
2023-11-14;2;LEV;*****222;12.2;12.9;;;
;2;LEV;*****716;;12.2;;;
2024-10-26;1;LEV;*****614;;;;;
;2;LEV;*****750;;;;;
2024-12-23;2;MOD;*****473;12.4;;13.7;;
2024-12-24;1;MOD;*****323;;14.0;;;
;2;MOD;*****179;;;;;
2025-03-03;2;MOD;*****960;11.6;12.4;11.3;;
2024-11-30;1;LEV;*****563;12.4;;;;
2024-09-26;2;LEV;*****134;11.8;;;;
2024-09-12;1;LEV;*****881;12.1;;;;
2024-06-01;2;LEV;*****857;10.8;;;;
;2;;*****828;;;;;
;2;LEV;*****087;;12.9;12.9;;
2023-12-11;2;MOD;*****739;11.3;;;;
;1;LEV;*****795;;;;;
;2;MOD;*****974;;;;;
;2;MOD;*****324;;;;;
;2;LEV;*****915;;;;;
2025-01-01;2;LEV;*****082;12.7;10.6;10.8;;14.1
;2;LEV;*****725;;;;;
2025-03-07;2;SEV;*****718;8.9;;;;
;2;;*****896;;;;;
;2;LEV;*****837;;;;;
;2;LEV;*****077;;;;;
;2;LEV;*****206;;;;;
;2;;*****395;;;;;
;2;LEV;*****240;;;;;
2024-01-05;2;LEV;*****171;14.3;14.3;14.3;12.8;
;2;LEV;*****825;;;;;
2024-12-12;2;LEV;*****541;13.0;10.3;;11.7;
2023-10-24;2;MOD;*****118;11.8;13.7;13.8;12.6;
2024-04-22;1;MOD;*****465;11.9;12.8;13.2;14.0;
;1;LEV;*****860;;;;;
;10;MOD;*****648;;;;;
;2;MOD;*****763;;;;;
2023-12-04;2;LEV;*****843;13.1;;;;
;2;MOD;*****614;;;;;
;2;MOD;*****163;;;;;
;1;LEV;*****229;;;;;
2024-02-12;2;MOD;*****865;12.0;;;;
;2;MOD;*****171;;12.3;;;
;2;LEV;*****891;;;;;
2024-12-20;2;LEV;*****655;12.2;12.9;;;
;2;LEV;*****296;;;;;
2023-11-23;2;LEV;*****808;13.0;14.2;14.0;;
;2;LEV;*****033;;;;;
2024-03-19;2;LEV;*****576;12.5;;;12.0;
;1;LEV;*****003;;;;;
2024-02-21;2;MOD;*****870;12.0;;14.0;;
;1;LEV;*****078;;;;;
2025-03-25;2;LEV;*****589;12.6;12.6;13.0;;
;2;MOD;*****293;;;;;
;2;LEV;*****010;;;;;
;2;LEV;*****982;;;13.8;15.0;
;2;;*****525;;;;;
;10;;*****818;;;;;
;2;LEV;*****962;;;;;
;2;MOD;*****014;;11.3;;13.2;
2024-02-27;2;LEV;*****268;13.0;;;16.4;
2024-03-13;2;LEV;*****578;13.0;;;;
2024-07-31;2;LEV;*****645;13.1;13.1;13.1;11.0;
;2;LEV;*****512;;;;;
;1;LEV;******392;;;;;
;2;;*****634;;;;;
2025-01-20;2;LEV;*****059;12.0;11.0;9.4;;
;2;;*****962;;;;;
;2;LEV;*****939;;;;;
;2;LEV;*****930;;;;;
;2;LEV;*****055;;13.3;;;
;2;;*****253;;;;;
;2;LEV;*****085;;;;;
2024-03-19;2;MOD;*****006;12.0;;;;
;2;MOD;*****252;;;;;
;2;LEV;*****503;;14.0;;;
;2;LEV;*****325;;;;;
;2;LEV;*****667;;;;;
;2;MOD;*****224;;;;;
;2;LEV;*****426;;14.0;;;
;2;;*****184;;;;;
2024-10-04;2;LEV;*****393;13.0;12.0;13.1;14.3;
2023-10-31;2;LEV;*****092;12.3;;;;
;2;LEV;*****171;;11.6;;;
;2;LEV;*****593;;;;;
;2;LEV;*****326;;10.8;;;
;2;;*****966;;;;;
;2;MOD;*****085;;;;;
2025-05-15;2;LEV;*****584;12.6;;;;
;1;LEV;*****593;;;;;
;2;;*****995;;;;;
2024-07-17;2;MOD;*****890;11.3;;11.3;;
;2;MOD;*****943;;;;;
;2;LEV;*****825;;11.6;;;
2024-04-11;2;MOD;*****033;10.3;;;;
;2;LEV;*****533;;12.2;;11.2;
;2;LEV;*****687;;;;;
2023-11-13;2;LEV;*****291;12.6;;14.0;;
;2;;*****598;;;;;
2024-01-25;2;LEV;*****802;13.0;;;;
;2;LEV;*****214;;;;;
;2;LEV;*****846;;;;;
;1;LEV;*****172;;;;;
2024-05-23;2;LEV;*****824;12.9;;13.6;15.1;
;2;;*****072;;;;;
;2;LEV;*****236;;;;;
;2;MOD;*****090;;11.7;;;
2025-03-24;2;LEV;*****661;12.6;12.5;12.5;;
;2;MOD;*****528;;;;;
;2;LEV;*****640;;;;;
;2;MOD;*****794;;;;;
;2;LEV;*****525;;;;;
;2;MOD;*****188;;13.2;14.5;15.0;
2025-01-08;2;LEV;*****300;13.0;12.6;;11.7;
;2;MOD;*****938;;;;;
;2;MOD;*****793;;;;;
;10;LEV;*****530;;;;;
;2;MOD;*****839;;11.0;12.3;13.2;13.6
;2;LEV;*****867;;;;;
;10;LEV;*****184;;;;;
;2;LEV;*****500;;;;;
;2;MOD;*****058;;;;;
2024-03-01;2;LEV;*****178;12.4;;;;
;1;LEV;*****276;;;;;
2024-09-05;2;MOD;*****667;10.4;11.4;10.2;14.2;
;2;LEV;*****459;;12.1;14.4;14.5;
2024-03-22;2;LEV;*****465;10.8;;;;
;2;MOD;*****377;;;;;
2025-05-22;2;LEV;*****028;12.4;;;;
;2;LEV;*****124;;;;;
;2;MOD;*****771;;12.3;12.9;;
2024-07-16;2;LEV;*****010;12.9;;13.3;;
;1;MOD;*****756;;;;;
;2;LEV;*****454;;;;;
;2;LEV;*****859;;;12.7;13.1;
;2;MOD;*****023;;;;14.8;
;2;LEV;*****159;;;11.4;14.2;
2024-04-19;2;LEV;*****472;12.4;15.1;;;
2024-11-05;2;LEV;*****005;11.8;13.6;13.1;12.7;
2024-10-01;2;LEV;*****656;12.9;13.1;12.4;12.5;
;2;LEV;*****901;;;;14.7;
;10;MOD;*****774;;13.4;13.4;14.1;
2025-04-08;2;LEV;*****485;12.1;12.4;;;
;1;LEV;*****362;;13.0;;;
2023-12-23;2;LEV;*****381;12.7;13.6;;14.7;
;2;MOD;*****385;;;;;
2023-11-20;2;MOD;*****720;11.5;;;14.3;
;2;LEV;*****043;;;;;
;2;LEV;*****715;;;13.4;14.1;
2023-12-01;2;MOD;*****029;10.9;;;;
2024-08-14;2;LEV;*****145;11.9;11.7;10.9;10.8;10.8
2024-02-10;1;LEV;*****148;12.5;13.1;13.1;;
;2;LEV;*****987;;14.2;;;
2023-11-15;10;LEV;*****157;;;;;
2024-07-01;2;MOD;*****083;11.7;;;;
;2;LEV;*****072;;;;14.5;
2024-03-13;1;LEV;*****386;12.0;14.3;;;
;2;LEV;*****654;;;;;
2024-01-26;1;MOD;*****023;12.2;12.7;12.2;12.7;12.4
2025-04-02;2;LEV;*****826;12.9;;;;
;1;LEV;*****308;;;;;
;2;LEV;*****038;;;;;
;2;MOD;*****044;;;;;
;2;MOD;*****733;;;;;
;2;LEV;*****968;;;;;
;2;MOD;*****324;;;;;
2024-01-24;2;LEV;*****992;12.2;12.3;;12.1;
2024-02-15;2;LEV;*****882;12.3;;;11.7;
;2;MOD;*****114;;;;;
2024-10-18;2;MOD;*****837;11.9;12.5;;;
;2;LEV;*****248;;13.6;;;
;2;MOD;*****040;;;;;
2024-01-30;2;MOD;*****859;14.9;;13.0;14.4;
2024-08-12;10;LEV;*****666;12.2;12.2;12.2;12.7;12.2
;2;LEV;*****094;;;;14.5;
;2;LEV;*****839;;;;14.5;
;2;LEV;*****327;;;;12.1;
;2;MOD;*****914;;11.1;11.1;;12.7
;2;LEV;*****050;;;;;
;10;LEV;*****719;;;;;
;2;LEV;*****499;;;;;
;2;MOD;*****240;;;;;
;2;LEV;*****171;;;;14.4;
;2;MOD;*****104;;;;;
;2;LEV;*****921;;;;;
;2;LEV;*****265;;;;;
;2;LEV;*****841;;;;14.8;
2023-12-27;2;LEV;*****034;12.8;;;14.4;
;2;LEV;*****899;;;;;
;2;MOD;*****690;;;;;
;10;LEV;*****472;;14.1;;16.1;
;2;LEV;*****659;;;;;
;2;LEV;*****508;;;;;
;2;MOD;*****739;;;;;
;2;MOD;*****685;;;;;
;2;LEV;*****506;;;;;
;2;LEV;*****568;;;;;
;1;LEV;*****368;;;;;
;2;LEV;*****717;;;;;
;2;LEV;*****838;;;;;
;2;LEV;*****858;;;;;
;2;LEV;*****092;;;;;
;2;LEV;*****256;;;;12.1;
;1;LEV;*****329;;;;;
;2;LEV;*****167;;;;;
;2;LEV;*****727;;;;;
;1;;*****236;;;;;
;2;;*****629;;;;;
;10;;*****317;;;;;
;2;;*****957;;;;;
;2;;*****294;;;;;
;2;;*****190;;;;;
;1;LEV;*****816;;;;;
;1;;*****553;;;;;
;2;;*****957;;;;;
;10;;*****439;;;;;
;2;;*****377;;;;;
2025-05-19;2;LEV;*****678;11.7;;;;
;2;LEV;*****156;;;;;13.6
;2;LEV;*****112;;;;;
;2;LEV;*****161;;;;13.3;
;2;MOD;*****433;;;;15.0;
;2;MOD;*****505;;;;;
;10;LEV;*****985;;;;;
;1;LEV;*****711;;;;;
;2;LEV;*****125;;;;12.0;
;2;LEV;*****842;;;;;
;2;;*****512;;;;;
;2;MOD;*****384;;12.3;;;
;1;LEV;*****252;;;11.7;;
;2;LEV;*****453;;12.2;11.6;;
2024-06-12;2;LEV;*****766;12.3;12.1;;;
;2;LEV;*****035;;;;;
;2;LEV;*****248;;14.3;;;
;2;LEV;*****792;;;;;
;2;LEV;*****605;;;;;
;2;LEV;*****936;;;;;
;2;LEV;*****361;;;;;
;2;MOD;*****012;;;12.0;;
;2;LEV;*****845;;;;;
;2;LEV;*****651;;;;;
;2;LEV;*****503;;;;14.7;
;2;LEV;*****907;;12.7;;;
;2;LEV;*****803;;;;;
2025-01-22;2;MOD;*****359;12.0;12.0;;;
2024-10-31;2;LEV;*****343;12.7;12.7;12.8;10.8;
;2;LEV;*****689;;;;;
;2;LEV;*****278;;;;;
2024-07-13;2;LEV;*****323;13.0;13.5;;;
;2;LEV;*****729;;;;;
;2;LEV;*****855;;;;;
;2;LEV;*****261;;;;;
;2;LEV;*****303;;;;;
;2;MOD;*****647;;14.2;;;
2024-05-03;2;MOD;*****685;11.7;;;;
;2;LEV;*****807;;;;14.4;
;2;MOD;*****327;;;;15.4;
;2;MOD;*****500;;;;;
;2;LEV;*****511;;13.4;;14.1;
;1;LEV;*****653;;;12.8;;
2024-11-14;2;LEV;*****850;12.7;12.6;;;
;2;LEV;*****974;;;;;
;2;LEV;*****424;;;;;
;2;MOD;*****874;;;;;
;2;LEV;*****140;;;;;
;1;;*****635;;;;;
2024-01-15;1;LEV;*****084;12.9;;;;
;2;;*****251;;;;;
2024-07-04;2;LEV;*****382;12.3;12.3;12.2;;
;1;LEV;*****547;;;;;
;2;LEV;*****930;;13.4;;;
;2;;*****077;;13.3;;;
;2;LEV;*****661;;;;10.8;
;1;MOD;*****112;;;;;
2024-12-06;2;LEV;*****249;;10.6;;;
;2;MOD;*****377;;;;;
;2;LEV;*****688;;;14.7;;
;2;LEV;*****801;;;;;
;2;LEV;*****564;;;;;
2023-10-26;2;LEV;*****451;10.7;13.3;11.9;11.9;
;2;LEV;*****098;;;14.7;;
;2;LEV;*****209;;;;13.8;
;2;LEV;*****192;;;;;
;2;MOD;*****835;;;;;
;2;LEV;*****173;;;;;
;2;;*****118;;;;;
2023-11-16;2;LEV;*****536;12.3;;;;
;2;LEV;*****620;;;;;
;2;MOD;*****420;;;13.5;;
;2;LEV;*****191;;;;;
;1;MOD;*****778;;;;;
;1;;*****962;;;;;
;2;;*****739;;;;;
;2;LEV;*****715;;11.5;;;
;2;LEV;*****427;;;;;
;2;MOD;*****054;;;;;
2023-10-12;2;LEV;*****430;10.0;12.1;12.4;;
2023-10-23;2;LEV;*****445;9.0;;;;
;1;LEV;*****827;;;;13.9;
2024-11-04;2;LEV;******221;12.5;;;;
2025-02-19;2;MOD;*****432;9.6;10.6;9.2;;
2024-05-11;2;LEV;*****556;12.1;;;;
2024-08-06;1;LEV;*****946;12.2;12.4;12.5;;13.1
;1;LEV;*****219;;;;;
;2;MOD;*****517;;;;;
2025-02-10;2;MOD;*****276;14.5;14.5;;;
2025-03-12;2;LEV;*****956;12.6;12.3;12.4;;
2024-06-03;1;LEV;*****073;13.0;;13.2;;14.9
2024-12-06;2;LEV;*****339;12.3;13.3;;;
2024-03-15;1;MOD;*****644;9.3;10.3;7.3;;7.1
2024-06-10;1;LEV;*****420;12.7;13.1;;;
2023-11-07;2;SEV;*****780;8.1;;10.5;;
;1;LEV;*****524;;;;;
2024-09-25;1;LEV;*****684;12.2;11.9;;12.4;
;2;LEV;*****863;;;;14.2;
2025-02-24;2;LEV;*****445;12.8;;;;
;1;;*****312;;;;;
2025-02-12;2;MOD;*****683;11.6;11.5;;;
2025-01-21;2;MOD;*****606;10.1;10.2;10.0;11.8;
;1;LEV;*****085;;;;;
2024-02-09;1;LEV;*****969;12.4;13.1;11.7;9.1;12.4
;2;LEV;*****578;;;;;
;2;LEV;*****354;;;;;
;2;MOD;*****056;;;;;
2024-08-20;10;LEV;*****707;12.9;;14.5;;
2024-01-29;2;LEV;*****941;8.4;;;;
2025-02-01;2;LEV;*****129;12.5;13.0;;13.9;
2025-03-13;2;LEV;*****110;12.2;12.4;;;
;2;LEV;*****523;;;;14.5;
2025-04-16;2;MOD;*****750;11.8;12.1;;;
;2;LEV;*****221;;13.2;;;
;1;SEV;*****752;;;;15.5;
;2;MOD;*****013;;;;;
;2;MOD;*****129;;;;;
;1;MOD;*****017;;;;;
2024-05-21;1;LEV;*****976;12.2;12.8;12.3;11.5;14.4
;1;LEV;*****014;;;;;
;1;LEV;*****631;;;;;
2024-03-12;1;MOD;*****589;11.5;11.4;14.1;12.3;12.8
;2;LEV;*****908;;;;;
2024-03-27;2;LEV;*****054;12.9;14.2;;;
;1;MOD;*****560;;;;;
2024-12-17;1;LEV;*****691;12.5;13.2;;;
;2;MOD;*****425;;;;;
;2;LEV;*****946;;;;;
;1;LEV;*****623;;;;;
;2;LEV;*****278;;;;;
;1;LEV;*****630;;;;;
;2;MOD;*****392;;;;;
2024-06-19;1;LEV;*****967;12.9;12.0;13.0;13.1;13.6
;1;LEV;*****776;;;;;
;1;LEV;*****241;;;;;
;1;MOD;*****817;;;;;
;1;LEV;*****761;;;;;
;2;LEV;*****995;;;;;
;1;LEV;*****181;;;;;
2024-04-22;1;LEV;*****161;12.8;;;;
;1;MOD;*****898;;;;;
2025-03-06;2;LEV;*****426;12.3;10.8;11.5;;
;2;LEV;*****015;;;;;
;2;LEV;*****602;;;;;
;2;LEV;*****868;;;;;
;1;LEV;*****769;;;;;
2024-02-26;1;LEV;*****517;13.2;;;;
;2;MOD;*****344;;;;;
2024-05-14;1;MOD;*****451;11.6;;13.3;12.4;11.3
2024-11-26;2;MOD;*****847;11.8;;;;
2023-12-15;2;LEV;*****738;12.5;12.8;13.2;11.3;13.4
;2;LEV;*****788;;;;;
;1;MOD;*****101;;;;;
;2;LEV;*****609;;14.3;;;
2024-02-19;1;MOD;*****339;11.5;12.5;13.9;14.1;
;2;MOD;*****549;;;;;
;1;MOD;*****977;;12.5;;14.5;
;2;MOD;*****400;;;;;
2024-07-08;1;LEV;*****213;12.2;13.1;15.0;;12.2
;1;MOD;*****026;;;;;
;2;LEV;*****981;;;;13.2;
;1;MOD;*****599;;;;;
2024-02-28;1;LEV;*****389;12.5;;;;11.6
;1;MOD;*****671;;;;;
2024-01-15;2;LEV;*****113;12.7;12.7;17.7;14.0;
2024-09-16;1;LEV;*****046;12.7;12.7;;;
2024-02-14;2;LEV;*****594;12.2;;13.1;12.0;
2024-03-26;1;MOD;*****417;11.6;11.4;12.3;11.6;12.1
;1;MOD;*****505;;;;;
;1;LEV;*****354;;;;;
2024-02-21;2;LEV;*****442;13.1;;;;
2025-01-06;2;MOD;*****582;11.6;11.9;;;
;2;MOD;*****654;;;;;
;2;MOD;*****180;;;;;
;1;LEV;*****531;;;;;
;2;MOD;*****928;;;;;
;1;LEV;*****850;;;;;
;1;MOD;*****027;;;13.6;3.6;
;2;MOD;*****993;;;;;
;2;LEV;*****354;;;11.3;;
2024-04-30;2;LEV;*****593;12.3;;13.5;13.3;
2024-08-13;2;LEV;*****291;13.0;13.2;13.2;;10.7
2024-07-10;2;LEV;*****994;10.8;;;;
2023-10-17;2;MOD;*****578;11.9;;;;
2025-04-17;1;LEV;*****284;13.0;14.7;;;
2023-10-11;2;LEV;*****687;10.7;11.7;;;
2024-01-17;2;LEV;*****406;12.9;;;;
;1;LEV;*****723;;;;;
2025-03-11;2;LEV;*****733;12.5;13.2;12.4;;
2023-12-19;2;LEV;*****671;13.1;;12.5;12.5;
;2;LEV;*****784;;11.4;;;
2024-09-20;2;LEV;*****366;;;;;
;2;LEV;*****023;;;;;
;2;MOD;*****627;;;;;
;2;LEV;*****438;;;;;
2024-09-20;2;MOD;*****431;11.8;13.6;13.6;11.0;9.9
2024-01-13;2;LEV;*****374;12.7;;12.8;12.5;12.5
;2;LEV;*****636;;;13.5;;
;2;LEV;*****919;;12.8;;;
;2;LEV;*****140;;;;;
;2;MOD;*****202;;;;;
;2;MOD;*****138;;12.2;;;
2023-11-07;2;LEV;*****866;12.7;;;;
2024-04-09;2;LEV;*****088;13.2;12.1;12.1;;
2024-09-25;1;LEV;*****917;12.6;11.6;;;
2024-01-22;2;LEV;*****170;12.6;12.6;12.3;14.2;14.0
;2;MOD;*****307;;11.5;12.1;;
;2;LEV;*****398;;;;;
;2;LEV;*****213;;;;;
2024-04-30;2;LEV;*****063;12.6;12.4;12.7;;
2024-04-08;2;LEV;*****809;;;10.6;;
2024-10-03;2;LEV;*****991;12.9;13.0;13.3;13.3;
;2;LEV;*****984;;;;;
;2;LEV;*****456;;;;;
;2;MOD;*****412;;;;12.8;
2024-01-17;2;LEV;*****710;11.2;;;14.7;
2025-02-13;2;LEV;*****622;12.2;12.2;;;
;2;LEV;*****918;;;;;
;2;LEV;*****328;;;;;
2024-01-31;2;LEV;*****674;10.7;11.4;;;
2025-01-24;2;LEV;*****602;12.6;;;;
;2;LEV;*****566;;;;;
;2;LEV;*****577;;12.9;;;
;2;LEV;*****607;;12.7;;;
2024-11-02;2;SEV;*****736;7.1;11.1;;;
2024-01-12;2;LEV;*****277;12.2;;;;
2025-02-05;2;MOD;*****450;11.5;13.2;;13.7;
;2;LEV;*****512;;;;;
2024-12-26;2;MOD;*****588;11.5;;;;
2023-11-21;2;MOD;*****603;10.9;10.9;10.9;13.2;12.6
;2;LEV;*****864;;13.3;13.4;;
2024-08-27;2;MOD;*****431;15.4;11.3;;15.0;
2024-12-28;2;LEV;*****737;12.9;12.9;12.9;;
2024-04-02;2;LEV;*****615;12.2;;;;
;2;LEV;*****110;;;;;
;2;MOD;*****205;;;;;
2023-11-09;2;MOD;*****710;10.0;;;10.0;15.3
;2;MOD;*****756;;;;14.2;
2024-05-14;2;MOD;*****549;12.5;12.5;12.5;12.5;
2023-11-24;2;MOD;*****313;11.7;11.7;10.6;10.6;12.8
2025-03-31;2;MOD;*****270;11.3;14.0;14.7;;
2024-05-30;2;LEV;*****958;12.8;13.1;13.1;12.4;12.7
;2;LEV;*****762;;11.8;;;
2024-08-05;2;LEV;*****424;12.6;14.1;15.1;;
2024-02-29;2;MOD;*****280;8.9;8.9;12.7;;14.5
;2;LEV;*****898;;12.3;;;
2023-10-21;2;LEV;*****932;12.2;12.2;;13.6;
;2;LEV;*****536;;10.7;;;
2023-10-27;2;LEV;*****445;12.2;11.9;12.3;12.3;11.9
2024-12-24;2;LEV;*****867;12.2;12.2;12.2;12.2;
2024-12-09;2;LEV;*****684;12.5;13.9;13.9;12.8;12.6
2024-09-04;2;LEV;*****785;12.2;13.9;;12.2;13.1
;2;LEV;*****389;;;;;
;2;LEV;*****255;;12.4;;;
;2;LEV;*****350;;;;13.3;
;1;LEV;*****823;;;10.7;;
2024-08-05;2;LEV;*****400;12.4;;;;
;2;LEV;*****141;;;;;
2023-11-30;2;LEV;*****716;12.2;13.2;;13.2;
;2;LEV;*****808;;12.9;12.9;14.1;
2024-02-06;2;LEV;*****405;10.0;10.0;10.6;11.1;
;2;LEV;*****822;;;;;
;1;LEV;*****944;;;;;
2024-03-01;2;LEV;*****816;12.5;12.8;12.8;14.5;
;2;MOD;*****122;;;;;
;1;LEV;*****626;;10.8;;;
;2;MOD;*****088;;;;14.2;
;1;LEV;*****899;;;;;
2024-04-24;1;MOD;*****202;11.5;13.1;;14.1;
;1;MOD;*****734;;;;;
;2;MOD;*****044;;;;;
;1;LEV;*****109;;;;;
2025-03-07;2;LEV;*****856;12.9;13.7;;;
;1;MOD;*****421;;;;;
;1;MOD;*****444;;;;;14.3
;1;MOD;*****112;;;;;
;2;MOD;*****637;;;;;
;1;LEV;*****757;;;;;
;1;LEV;*****625;;;;;
;2;MOD;*****459;;;;;
;1;MOD;*****484;;;;;
;2;MOD;*****311;;;;;
2024-06-05;1;MOD;*****139;12.2;;;;
2025-05-19;2;MOD;*****539;10.7;;;;
;1;LEV;*****701;;;;14.2;
;2;LEV;*****227;;;;;
2024-02-02;2;LEV;*****746;10.9;11.6;10.7;11.1;
2024-07-15;1;LEV;*****459;11.8;10.6;9.1;12.6;
;1;LEV;*****283;;;;;
;1;MOD;*****033;;;;;
2024-02-22;2;LEV;*****607;11.3;;;;
;2;LEV;*****199;;;;14.4;
;2;MOD;*****022;;;;;
2024-02-12;2;LEV;*****446;13.0;;;;
2024-05-13;1;MOD;*****599;15.1;10.9;10.8;12.3;10.7
2024-12-18;1;LEV;*****083;12.1;;13.2;;14.6
;1;MOD;*****431;;;;;
;2;MOD;*****494;;;;;
;1;LEV;*****249;;;;14.4;
2023-12-11;2;LEV;*****365;13.0;13.2;13.2;12.5;12.5
;2;MOD;*****563;;;;;
2023-11-17;2;LEV;*****805;11.6;11.6;;14.3;
;2;LEV;*****561;;;15.3;11.3;
;2;LEV;*****804;;;;;
;2;MOD;*****033;;;;13.7;
;2;MOD;*****905;;;;;
;1;MOD;*****180;;12.9;;;
;2;MOD;*****507;;;;;
2023-11-27;2;LEV;*****567;12.9;12.3;12.3;11.5;11.5
2024-03-05;2;MOD;*****532;10.3;14.1;14.0;14.6;
;2;LEV;*****326;;;;;
2024-07-09;2;MOD;*****187;11.6;12.1;13.6;13.7;
;2;LEV;*****021;;;;14.3;
;1;MOD;*****546;;;10.7;10.7;12.5
;2;MOD;*****729;;;;;
2024-01-11;2;MOD;*****161;11.5;12.0;;14.1;
;1;LEV;*****966;;;;;
;2;LEV;*****554;;;;11.6;
;2;LEV;*****494;;;;14.3;
2024-01-09;2;MOD;*****195;9.9;9.9;;14.3;
2024-01-10;2;LEV;*****224;13.1;13.2;;;
;2;LEV;*****951;;;;15.0;
;2;LEV;*****622;;;;15.2;
;2;LEV;*****521;;;;;
;2;LEV;*****395;;;16.1;14.4;
;2;MOD;*****718;;;;16.3;
2023-11-08;2;LEV;*****989;12.9;12.9;12.5;12.5;
2023-12-26;2;LEV;*****205;12.8;12.9;12.3;13.6;
;2;MOD;*****318;;;;;
;1;LEV;*****489;;13.6;;;
;2;LEV;*****313;;;;14.2;
;2;LEV;*****683;;;;;
2024-01-29;2;LEV;*****866;12.8;12.3;;;
;1;;*****949;;13.6;;;
2024-05-28;2;MOD;*****092;11.5;13.1;;;
;2;LEV;*****184;;;;14.1;
;2;MOD;*****001;;;;14.2;
2024-08-21;2;MOD;*****178;11.2;10.0;10.3;;
;2;LEV;*****816;;;;14.3;
2024-01-16;2;LEV;*****143;12.9;12.9;;12.0;14.1
;1;LEV;*****519;;12.2;;;
;1;LEV;*****831;;;;13.1;
;2;LEV;*****356;;;;;
;1;MOD;*****259;;;;;
;2;LEV;*****633;;;;;
;2;LEV;*****845;;;;;
;2;MOD;*****886;;;;;
;2;LEV;*****934;;;;14.4;
;2;LEV;*****104;;;;15.1;
;2;LEV;*****497;;;;14.3;
2024-03-04;2;LEV;*****012;10.8;11.2;11.4;12.6;13.5
;2;LEV;*****375;;;;;
;1;LEV;*****121;;;;14.3;
;2;MOD;*****332;;;;;
;2;LEV;*****638;;;13.4;14.8;
2024-04-08;2;LEV;*****070;12.5;;;;
2024-04-15;1;LEV;*****520;12.8;;;;
2024-04-17;2;LEV;*****525;12.9;13.3;;;
;2;SEV;*****717;;;;14.9;
2024-05-06;2;LEV;*****333;12.7;13.3;13.3;;
2023-10-17;2;LEV;*****863;13.0;13.1;13.0;14.8;
;1;MOD;*****918;;;14.1;13.6;
;1;MOD;*****006;;;;;
;2;;*****856;;;;14.3;
;2;LEV;*****350;;;13.2;;
2023-10-25;2;MOD;*****026;11.6;11.6;11.8;;
2024-05-28;2;MOD;*****066;10.7;12.5;13.1;13.1;13.1
2023-12-15;2;MOD;*****562;10.9;11.0;10.7;14.3;
;1;LEV;*****101;;;;14.2;
;2;LEV;*****087;;;;;
;2;LEV;*****830;;;;;
2024-05-07;1;LEV;*****041;12.4;13.5;13.3;13.5;13.8
2023-11-16;2;MOD;*****140;11.2;12.2;12.4;13.9;14.2
2023-10-16;2;LEV;*****888;12.2;12.6;13.2;12.4;12.6
2024-06-28;2;LEV;*****833;12.5;12.5;13.8;;
2025-04-07;2;LEV;*****714;12.2;12.2;;;
;2;LEV;*****988;;;;;
;2;LEV;*****953;;;;;
;10;;*****806;;;;;
2024-04-27;2;LEV;*****950;12.9;13.9;13.1;;
;1;LEV;*****491;;13.9;;15.3;
;2;LEV;*****947;;10.3;;;
;10;LEV;*****326;;;;13.9;
;2;LEV;*****136;;;;13.2;
;2;MOD;*****339;;;;;
2024-04-18;2;MOD;*****567;10.6;12.5;12.4;14.1;13.8
2023-11-18;2;MOD;*****141;10.8;11.8;10.9;12.5;13.7
;2;MOD;*****940;;;;;
;2;MOD;*****583;;;;;
;2;LEV;*****868;;;;14.9;
;2;LEV;*****927;;;;13.8;
2024-04-13;2;LEV;*****382;11.9;11.9;13.5;;
;2;MOD;*****701;;;;;
;2;LEV;*****431;;;;11.7;
;1;MOD;*****631;;;;;
2023-11-16;2;MOD;*****501;11.9;12.4;13.9;12.9;14.5
;2;LEV;*****059;;;12.8;;
;2;MOD;*****113;;;;;
2025-01-08;2;MOD;*****650;11.4;13.2;;;
;2;LEV;*****518;;;;12.9;
2024-08-24;2;MOD;*****497;11.4;;;;
2024-09-12;2;LEV;*****008;12.9;12.9;11.7;13.7;12.9
;2;LEV;*****403;;;;12.3;
;2;LEV;*****213;;;;;
;2;MOD;*****442;;;;;
;2;LEV;*****464;;;15.6;15.1;
;2;MOD;*****398;;;;;
2024-02-14;2;MOD;*****299;9.7;;;;
2024-05-04;2;MOD;*****382;9.5;;;;
;2;LEV;*****684;;;;;
;2;LEV;*****769;;;;14.9;
2024-04-19;2;LEV;*****776;12.2;12.7;13.2;;
2025-02-28;2;LEV;*****699;12.5;12.5;12.1;;
;1;LEV;*****237;;;;;
;2;LEV;*****353;;;;;
;2;MOD;*****907;;;;;
;1;LEV;*****268;;;14.0;;
;2;MOD;*****726;;;;;
;2;LEV;*****432;;13.8;;;
;1;SEV;*****741;;;;;
2024-01-31;2;MOD;*****521;10.6;13.3;12.9;14.0;13.9
;2;LEV;*****774;;;;;
;2;MOD;*****653;;;;;
;1;MOD;*****009;;10.9;11.0;12.7;
;1;LEV;*****274;;;;;
;2;MOD;*****040;;;;;
;1;LEV;*****697;;;;13.8;
;2;LEV;*****442;;;;;
;1;LEV;*****174;;;;;
;2;LEV;*****652;;;;;
2023-12-11;2;MOD;*****622;12.0;13.2;;13.3;14.2
;2;LEV;*****225;;;;14.1;
;2;MOD;*****963;;;;;
;1;LEV;*****138;;;;;
;2;LEV;*****459;;;;13.1;
;10;MOD;*****267;;;;14.5;
2024-09-24;1;MOD;*****153;11.5;11.5;12.4;13.0;
2024-01-23;2;LEV;*****663;12.9;;;;
2024-10-17;2;LEV;*****413;12.5;11.8;12.0;12.3;13.4
2024-05-22;2;MOD;*****566;10.9;10.9;;;
;2;LEV;*****873;;;;;
2024-10-25;2;MOD;*****024;11.4;11.2;;12.9;
;2;MOD;*****503;;15.5;;;
;2;LEV;*****339;;14.3;;13.8;
;2;LEV;*****102;;;;;
2024-04-18;2;LEV;*****574;12.5;13.8;13.9;13.9;
2024-05-07;2;LEV;*****374;12.8;11.0;10.5;10.3;
;1;LEV;*****835;;;;;
;2;LEV;*****432;;;;14.7;
;2;LEV;*****996;;;;;
;2;LEV;*****973;;;;;
;2;LEV;*****724;;;;15.5;
;2;LEV;*****808;;;;15.3;
;2;LEV;*****440;;;;14.2;
;1;LEV;*****022;;12.9;12.5;14.4;
2023-12-29;2;MOD;*****575;11.9;11.9;14.1;13.7;
2024-03-27;2;LEV;*****474;12.5;;;;
2025-04-28;2;LEV;*****479;12.3;;;;
2024-01-15;2;LEV;*****901;12.2;9.6;12.6;;11.9
;1;LEV;*****732;;;;;
2024-10-24;1;LEV;*****405;12.5;12.5;12.1;12.1;
;2;LEV;*****056;;;14.1;14.1;
2023-10-09;2;MOD;*****726;11.1;;;;
;1;LEV;*****356;;;13.5;13.8;
2024-04-11;1;LEV;*****408;12.2;;13.3;;14.4
2024-03-21;1;MOD;*****775;13.0;13.4;13.8;;
;1;LEV;*****917;;;12.7;13.1;
;1;LEV;*****609;;;;13.9;
;1;LEV;*****622;;;;;
2024-05-29;1;MOD;*****463;11.9;14.0;14.2;;
;1;LEV;*****048;;;;;
;1;LEV;*****594;;;;;
2024-08-26;1;LEV;*****381;11.3;12.1;11.8;10.5;
;2;LEV;*****179;;;;;
;1;LEV;*****953;;;;;
;2;LEV;*****351;;;14.5;13.9;
2024-04-10;1;LEV;*****700;12.4;12.6;;13.6;
;2;LEV;*****624;;;;13.5;
;2;LEV;*****631;;;;;
;1;LEV;*****493;;;;;
;1;LEV;*****604;;;;14.2;
;1;LEV;*****797;;;12.8;13.2;
;2;LEV;*****551;;;;;
2024-10-30;2;MOD;*****025;9.7;13.2;;;
2024-09-11;1;LEV;*****120;13.0;13.3;11.5;11.0;
2024-03-15;1;LEV;*****584;12.3;10.9;12.0;13.0;
2024-04-17;1;MOD;*****118;12.1;13.3;15.6;;
2024-12-12;1;LEV;*****317;13.0;13.2;14.6;;
;2;LEV;*****317;;12.3;;;
;2;LEV;*****851;;;;;
2024-08-07;1;LEV;*****350;10.9;9.8;;11.7;
2024-04-06;1;LEV;*****236;12.3;11.6;11.5;;12.1
;1;LEV;*****746;;;;;
2024-04-23;1;LEV;*****486;12.7;;10.5;;
2025-04-28;1;LEV;*****322;12.1;;;;
;2;MOD;*****740;;;;;
;2;MOD;*****070;;;14.6;;
;2;LEV;*****492;;;;;
2024-04-05;2;LEV;*****286;12.3;12.3;14.1;14.4;
;2;LEV;*****878;;;;;
2024-06-18;2;LEV;*****266;10.3;;;;
;1;LEV;*****135;;;;14.2;
2024-10-08;2;LEV;*****303;12.1;12.1;12.1;;13.4
;2;LEV;*****483;;;;;
2023-10-09;2;MOD;*****301;12.1;;;;
;1;LEV;*****509;;;;13.6;
;2;LEV;*****511;;;;;
;1;LEV;*****666;;;;14.4;
2024-12-10;1;LEV;*****846;12.2;12.2;11.4;11.8;
;1;LEV;*****192;;;13.8;;13.6
;2;LEV;*****877;;;;;
2024-04-30;1;LEV;*****858;12.4;;15.0;12.4;14.0
;1;LEV;*****440;;;;;
;1;LEV;*****096;;;;13.4;
;2;LEV;*****766;;;;13.8;
;2;LEV;*****444;;;;13.5;
;1;MOD;*****829;;12.1;;13.8;
2024-03-07;2;MOD;*****358;10.5;;10.2;12.8;
;2;LEV;*****116;;;;;
;1;MOD;*****536;;;;;
2024-07-10;1;LEV;*****773;12.7;14.0;14.0;;11.8
;2;LEV;*****386;;;14.6;;
;1;LEV;*****536;;;;;
;1;MOD;*****268;;;;;
;1;MOD;*****803;;;;;
2024-02-07;2;MOD;*****479;9.5;;;;
;2;LEV;*****164;;;;;
;1;LEV;*****324;;;;13.5;
2023-10-25;2;LEV;*****901;12.8;13.3;;;
2023-11-01;2;MOD;*****451;11.7;14.0;12.6;12.5;13.3
2024-08-08;1;MOD;*****327;10.8;15.6;;;
;2;LEV;*****720;;;;;
;1;LEV;*****524;;;;;
;1;MOD;*****531;;;;;
;1;LEV;*****131;;;13.3;13.9;
;2;LEV;*****257;;;;;
;2;SEV;*****088;;;;;
2023-10-09;2;LEV;*****745;12.4;13.5;;;
;2;MOD;*****063;;;;;
2024-04-14;1;LEV;*****347;12.9;;10.5;12.9;
2024-02-15;1;LEV;*****973;12.5;13.0;11.4;13.6;15.0
;2;LEV;*****276;;;;;
2025-01-22;2;MOD;*****707;10.3;;;;
2024-05-29;1;LEV;*****572;12.3;13.0;12.8;13.5;14.0
;1;MOD;*****649;;;;;
2025-04-09;2;LEV;*****342;12.6;;;;
;2;LEV;*****492;;;12.1;13.2;
;1;LEV;*****321;;;;15.1;
;2;LEV;*****737;;;;;
;2;LEV;*****971;;;;;
;2;MOD;*****285;;;;;
2023-11-09;2;LEV;*****621;12.3;11.9;;;
2024-06-13;1;LEV;*****296;10.7;12.4;10.9;;
;2;LEV;*****718;;;;;
2024-11-15;1;LEV;*****522;13.0;12.4;12.8;13.0;10.7
;1;LEV;*****338;;;;14.0;
;1;LEV;*****550;;;;;
2023-12-27;2;LEV;*****769;12.5;;;;
;2;LEV;*****183;;;;;
;2;LEV;*****753;;;;;
2024-10-14;2;LEV;*****075;12.6;12.6;;;
2023-11-11;2;MOD;*****626;12.1;;12.1;;
2024-03-23;2;LEV;*****650;12.6;12.9;;13.8;
;2;MOD;*****159;;;;;
2024-09-10;2;LEV;*****601;12.4;;;;
2024-06-04;2;LEV;*****471;12.2;;;;
2023-12-29;2;MOD;*****314;11.3;13.0;10.9;10.4;
2024-03-23;2;LEV;*****951;12.4;13.0;10.4;10.4;
2024-05-08;2;LEV;*****561;10.8;;;;
;2;SEV;*****877;;13.1;;;
2024-04-12;2;LEV;*****778;12.5;11.5;10.5;11.4;
2024-02-01;2;LEV;*****201;12.2;;;;
2023-11-03;2;LEV;*****314;12.6;13.0;11.6;10.7;11.6
2023-10-12;2;LEV;*****836;9.2;;;;
2024-07-06;2;MOD;*****735;11.8;;;;
2024-08-03;2;MOD;*****218;11.8;12.9;12.9;12.2;
2025-05-20;2;MOD;*****797;11.8;;;;
2024-05-15;2;MOD;*****047;9.6;9.3;;13.2;
2024-10-17;2;LEV;*****857;12.1;12.1;;;
2024-02-05;2;LEV;*****931;12.7;14.7;14.6;;
2024-09-26;2;LEV;*****293;12.9;;;;
2024-03-28;2;LEV;*****361;11.4;12.6;12.0;;
2024-07-20;1;LEV;*****842;13.0;;;;
2024-09-07;2;LEV;*****792;13.0;;;;
2024-03-07;2;MOD;*****786;12.0;;;;
2025-01-02;2;MOD;*****831;11.3;;10.5;;
2024-05-17;2;MOD;*****002;11.2;11.2;14.3;;
2023-12-18;2;LEV;*****529;;;;;
2024-07-08;2;LEV;*****224;12.7;;;;
2025-05-14;2;LEV;*****922;12.8;;;;
2024-12-04;2;LEV;*****688;12.3;12.8;;;
2024-10-26;2;LEV;*****432;12.7;12.9;12.9;14.5;13.7
2025-04-03;2;LEV;*****307;12.4;13.8;;;
2024-04-27;2;LEV;*****238;11.4;13.1;13.1;;
2024-11-27;2;LEV;*****661;12.5;13.4;;;
2025-05-29;2;MOD;*****811;11.9;;;;
2024-07-03;1;MOD;*****312;12.0;;;;
2025-05-17;2;MOD;*****534;8.9;;;;
2024-06-25;2;MOD;*****621;11.0;;;;
2024-01-05;2;LEV;*****245;12.6;11.0;11.0;12.1;14.5
2024-03-26;2;MOD;*****369;11.3;11.9;11.5;;
2025-05-10;2;MOD;*****009;11.8;;;;
2024-09-12;2;MOD;*****790;11.8;12.6;;;
2024-11-20;2;MOD;*****736;10.8;12.0;12.9;11.3;13.6
;2;MOD;*****626;;;;;
2025-01-24;2;MOD;*****309;11.6;14.6;;;
2025-04-19;2;LEV;*****421;12.1;14.0;;;
2023-10-23;2;LEV;*****359;11.2;11.9;;;
2024-01-04;10;LEV;*****586;12.7;13.0;;;
2025-01-23;2;MOD;*****390;11.9;11.9;;;
2024-08-16;1;LEV;*****983;12.4;;;;
2024-07-05;2;LEV;*****267;13.0;;;;
2025-04-26;2;LEV;*****385;12.2;9.7;;;
2024-11-26;2;LEV;*****697;12.0;12.0;;;
2024-12-11;2;MOD;*****073;11.7;;;;
2024-05-17;2;LEV;*****580;13.0;;;;
;1;;*****310;;;;13.3;
2024-06-17;2;MOD;*****755;14.0;;;;
2024-11-27;2;LEV;*****764;13.0;;;;
2024-02-22;2;LEV;*****745;12.3;;;;
2025-04-26;2;LEV;*****606;12.3;10.5;;;
2024-03-11;2;LEV;*****119;12.4;12.9;13.3;;
2024-01-25;2;LEV;*****733;12.2;13.7;;;
2024-12-03;2;MOD;*****024;11.5;15.0;;14.2;
2024-06-25;2;MOD;*****494;11.6;11.4;12.6;10.6;
2024-05-04;2;LEV;*****503;12.6;12.2;;12.8;
2024-10-29;2;LEV;*****353;12.6;12.6;13.7;;
2024-03-23;2;LEV;*****732;12.9;;;;
;1;MOD;*****400;;;;;
2024-12-12;2;LEV;*****300;12.3;11.5;;;
2025-02-14;2;MOD;*****111;11.3;11.3;;;
2023-11-13;2;LEV;*****656;12.7;;12.8;;
2024-12-05;2;MOD;*****434;11.7;13.3;14.0;;
2025-05-19;2;LEV;*****801;12.3;;;;
2024-11-04;1;MOD;*****483;11.5;;;;
;2;MOD;*****201;;;;;
2024-02-08;2;MOD;*****870;12.0;12.0;13.2;;12.7
2024-06-20;2;LEV;*****092;12.2;11.9;14.8;;
;2;;*****653;;;;;
2025-03-05;2;MOD;*****283;11.5;;;;
2024-04-22;2;MOD;*****338;12.0;11.7;12.8;13.5;
2024-10-31;2;MOD;*****588;11.3;11.0;;12.8;
2024-11-28;2;SEV;*****673;9.9;9.9;11.9;12.1;
2024-06-28;1;LEV;*****590;12.9;;;14.9;
2023-10-18;2;LEV;*****441;12.2;;13.2;13.3;
2025-05-12;2;MOD;*****984;10.8;;;;
2023-11-15;2;LEV;*****703;12.8;11.9;;;
2024-03-23;2;MOD;*****486;12.0;;;;
2023-10-24;2;MOD;*****627;11.7;13.2;;;
2024-01-27;2;MOD;*****724;11.6;10.2;;;
2025-04-15;2;LEV;*****539;12.2;14.0;;;
2024-03-11;2;MOD;*****768;11.5;12.7;;13.3;
2024-10-14;2;LEV;*****121;12.5;12.5;;;
2023-11-04;2;LEV;*****187;12.4;;12.2;;
2024-02-13;2;MOD;*****757;11.2;;12.4;;
2025-02-07;2;LEV;*****758;12.4;12.4;;;
2024-01-22;2;LEV;*****264;12.2;;;;
2024-07-01;2;LEV;*****290;12.9;;14.8;;
2024-07-23;1;LEV;*****297;12.7;11.5;11.5;;12.7
;2;LEV;*****594;;;;;
2025-01-10;1;LEV;*****513;10.1;12.5;;;
2024-04-06;2;LEV;*****023;;;;;
2025-03-15;2;LEV;******212;12.1;13.0;12.1;;
2024-02-06;2;LEV;*****655;12.5;;;;
2025-05-23;2;LEV;*****362;12.3;;;;
2024-03-13;2;LEV;*****329;14.4;12.0;;13.2;
2024-07-23;2;LEV;*****686;12.4;;11.3;;
2025-04-22;2;MOD;*****462;11.1;11.1;;;
2023-10-21;2;MOD;*****156;11.4;;;;
2024-10-02;2;LEV;*****035;12.6;12.7;14.4;;
2024-08-20;2;LEV;*****634;12.2;;;;
2025-01-18;2;MOD;*****455;11.4;11.4;13.5;;
2025-05-06;2;LEV;*****023;13.7;;;;
2024-03-15;1;LEV;*****948;12.5;;;;
2024-01-17;2;MOD;*****203;11.6;10.8;;;
;1;LEV;*****282;;;;;
2024-09-17;2;MOD;*****413;11.1;13.0;;12.2;
2025-05-21;2;MOD;*****903;10.3;;;;
2024-09-13;2;LEV;*****654;12.4;12.4;12.3;12.8;13.7
2025-03-25;2;LEV;*****873;11.5;13.1;;;
;1;MOD;*****654;;13.2;;;
2024-10-19;2;MOD;*****402;11.4;12.5;13.1;;
2024-03-21;2;LEV;*****702;12.8;14.1;;;
2024-08-28;2;LEV;*****108;12.4;;;;
2024-01-05;2;LEV;*****597;12.5;;;;
2024-04-01;2;LEV;*****411;12.6;;;;
2025-02-19;2;LEV;*****568;12.5;;;;
;2;;*****801;;;;;
2023-12-20;2;LEV;*****515;12.3;;;12.8;
2023-10-11;2;LEV;*****596;12.2;;;;
2024-02-10;2;LEV;*****582;12.7;12.5;;;
2024-01-19;2;LEV;*****902;12.4;;14.2;;
2025-05-09;2;MOD;*****711;10.3;;;;
2024-01-03;2;LEV;*****785;;;;;
2024-06-17;2;LEV;*****718;12.2;;12.3;;
2024-03-28;2;LEV;*****012;10.7;12.5;11.8;;
2023-10-18;2;LEV;*****611;12.8;;;;
2024-04-12;2;LEV;*****534;12.3;13.1;;;
2025-01-16;2;MOD;*****561;12.1;12.1;;;
2024-09-27;2;LEV;*****211;12.3;13.4;;;
2024-05-03;2;LEV;*****719;12.6;12.6;;12.0;
2025-01-18;2;LEV;*****502;12.2;14.4;12.1;;
2024-11-21;2;LEV;*****387;12.4;12.4;13.4;12.9;12.9
2024-11-05;2;MOD;*****126;11.6;;;;
2023-10-27;2;LEV;*****047;16.3;13.8;13.8;;
2024-08-23;2;LEV;*****198;12.4;13.4;12.2;;
2023-10-11;1;MOD;*****919;11.7;13.4;;13.4;13.4
2024-02-29;2;LEV;*****084;12.7;;;;
2024-11-02;2;MOD;*****189;10.9;10.9;;;
2023-11-06;2;LEV;*****427;12.5;;12.9;13.0;
2024-05-14;2;LEV;*****048;10.4;9.1;10.8;10.5;9.7
2024-04-02;2;LEV;*****662;12.2;11.9;13.5;13.6;
2024-06-04;2;LEV;*****352;12.3;;;;
2025-05-26;2;MOD;*****241;10.8;;;;
2024-06-08;2;MOD;*****933;10.9;;;;
2024-02-26;2;LEV;*****785;12.4;12.4;12.6;;
2024-08-07;2;LEV;*****086;12.4;13.7;13.2;;
2024-10-23;2;MOD;*****702;11.6;;;;
2024-07-03;2;LEV;*****849;12.2;;12.2;13.0;
2025-05-06;2;SEV;*****946;8.8;;;;
2024-03-19;2;LEV;*****479;12.2;;;;
2024-09-23;1;MOD;*****237;11.7;;;;
2025-04-14;2;LEV;*****281;11.6;10.8;;;
2025-05-21;2;LEV;*****011;12.4;;;;
2024-03-20;2;LEV;*****832;12.8;13.7;12.5;13.2;12.4
2024-04-26;2;LEV;*****024;12.6;11.8;11.8;;
2024-06-17;2;LEV;*****594;12.6;;;;
2024-10-24;2;LEV;*****640;12.4;;;;
2025-05-27;2;MOD;*****898;11.4;;;;
2024-12-30;2;LEV;*****129;12.3;11.4;13.9;;
2024-11-07;2;LEV;*****842;12.4;13.2;;;
2023-10-17;2;MOD;*****752;11.1;;;;
2023-11-06;10;LEV;*****055;12.3;;;;
2025-05-15;2;MOD;*****986;11.4;;;;
2025-04-07;2;LEV;*****681;10.4;9.4;;;
2023-10-17;2;LEV;*****879;12.4;;13.2;;13.2
2025-02-28;2;LEV;*****694;12.5;;;;
2024-07-27;2;MOD;*****687;12.0;13.2;;;
2024-03-28;2;MOD;*****115;12.0;;;14.6;
2024-05-10;2;LEV;*****970;12.8;14.9;;;
2024-05-25;2;MOD;*****971;11.3;;;;
;2;LEV;*****226;;;;;
2024-05-08;2;LEV;*****870;12.2;;;13.7;
2024-06-24;2;LEV;*****189;12.3;;;;
;2;LEV;*****145;;;;;
2025-03-20;2;LEV;*****457;11.4;12.1;;;
2024-01-26;2;LEV;*****247;12.5;;;;
2024-06-26;2;MOD;*****093;11.3;15.0;13.0;;14.9
2024-07-08;2;MOD;*****146;11.2;;;;
2023-12-09;2;LEV;*****152;10.7;13.2;13.2;;
2024-01-22;2;LEV;*****681;12.4;;;;
2024-09-25;2;LEV;*****234;13.0;11.2;;;
2024-06-27;2;LEV;*****432;13.1;;;;
;2;MOD;*****922;;;;;
2024-10-15;1;LEV;*****544;12.7;13.6;;;
2025-04-23;2;MOD;*****386;11.5;11.5;;;
2023-12-28;2;LEV;*****033;13.1;;;;
2024-02-28;2;LEV;*****960;12.6;;;;
2025-05-28;2;LEV;*****122;12.1;;;;
2024-02-26;2;LEV;*****091;13.3;;;;
2024-03-13;2;LEV;*******624;12.1;12.1;12.0;;
2025-04-23;2;LEV;*****463;12.3;;;;
2025-05-16;2;MOD;*****091;10.0;;;;
2025-04-19;2;LEV;*****499;12.4;13.0;;;
2024-07-08;2;MOD;*****477;11.3;;;;
2024-10-17;2;LEV;*****167;10.5;;;;
2025-02-19;2;LEV;*****248;12.6;13.2;;;
2024-07-15;2;LEV;*****835;13.0;;13.7;13.5;
2025-05-15;2;LEV;*****304;12.2;;;;
2025-01-27;2;LEV;*****143;12.4;13.8;;;
2024-09-06;2;LEV;*****891;12.8;12.8;;13.1;13.1
2024-05-31;2;LEV;*****431;12.7;;;;
2024-08-26;2;MOD;*****339;11.5;12.4;;;
2025-02-20;2;LEV;*****898;12.2;12.2;;;
;2;;*****937;;;;;
2024-10-17;2;LEV;*****570;10.9;;;;
2024-05-18;2;LEV;*****537;12.9;10.4;;;
2024-06-08;2;MOD;*****436;11.9;;;;
2023-11-29;2;MOD;*****050;12.0;12.0;;;
2024-10-21;2;LEV;*****048;13.0;;;;
2023-10-11;2;LEV;*****558;12.5;12.5;13.2;;
2024-02-28;2;LEV;*****705;12.2;11.3;12.0;12.1;
2025-05-12;2;LEV;*****506;12.9;;;;
2024-08-29;2;LEV;*****690;12.3;;;;
2023-11-24;2;LEV;*****197;12.8;11.8;;;
2024-08-12;2;LEV;*****942;12.5;12.5;12.5;;
2024-10-18;2;LEV;*****620;12.7;;;;
2024-06-19;1;LEV;*****102;12.8;15.2;13.0;;
2024-06-04;2;MOD;*****131;12.0;;;;
;2;LEV;*****767;;;;;
2025-05-23;2;LEV;*****215;11.9;;;;
2025-02-17;2;LEV;*****973;12.4;12.4;14.5;;
2025-04-19;2;LEV;*****218;11.8;11.8;;;
2024-03-22;2;MOD;*****162;11.3;;;15.7;
2025-04-29;2;MOD;*****034;11.7;12.3;;;
2024-01-24;2;LEV;*****640;13.0;;;;
2023-11-07;2;LEV;*****092;12.9;12.3;14.2;;13.5
2024-12-16;2;MOD;*****505;11.8;11.8;;;
2024-02-03;2;LEV;*****635;12.8;14.4;;;
2024-07-09;2;MOD;*****774;13.6;;;;
2024-08-28;2;LEV;*****095;12.2;12.8;11.3;10.7;11.7
2023-10-12;2;MOD;*****611;11.0;;;;
2025-01-15;2;LEV;*****823;11.8;13.1;;;
2025-05-07;1;MOD;*****179;14.0;;;;
2024-06-21;2;LEV;*****465;16.2;15.5;15.8;13.7;
2025-01-23;2;LEV;*****600;12.5;13.2;;;
2024-06-26;2;MOD;*****981;10.5;;;;
2024-07-12;2;LEV;*****078;12.8;12.0;12.6;10.8;
2024-06-10;2;LEV;*****564;12.0;;;;
2024-10-10;2;LEV;*****839;12.1;;;;
2024-12-18;2;MOD;*****290;12.0;12.0;;;
2024-04-10;2;LEV;*****586;13.0;;14.4;;
2024-03-07;2;LEV;*****166;12.7;13.4;;;
2024-08-26;2;LEV;*****878;12.7;11.7;;;
2024-08-09;2;MOD;*****502;12.8;13.2;;;
2024-07-27;2;LEV;*****016;12.4;10.5;;;
2024-05-27;2;LEV;*****919;12.3;;;;
2024-04-02;2;LEV;*****826;12.4;12.6;13.6;;13.2
2024-07-03;2;LEV;*****977;12.3;;13.7;;
2024-09-06;2;LEV;*****993;12.8;12.3;12.0;13.1;13.8
2024-03-05;2;LEV;*****387;12.6;13.0;14.9;;
2024-05-20;2;LEV;*****125;12.4;;;;
2024-09-27;2;LEV;*****486;12.5;12.5;;;
2024-09-05;2;LEV;*****661;12.4;13.2;13.1;;
2024-01-03;2;LEV;*****045;;;;;
2024-02-02;1;LEV;*****268;10.1;;;;
2024-07-30;2;MOD;******254;;;;;
2024-02-23;2;LEV;*****402;;11.5;11.5;;
2024-04-09;2;LEV;*****006;;;;;
2025-02-25;2;LEV;*****341;12.9;13.6;;;
2025-05-15;2;LEV;*****167;12.1;;;;
2025-04-30;2;MOD;*****966;11.8;;;;
2025-05-23;2;LEV;*****758;12.7;;;;
2024-04-08;2;LEV;*****230;13.2;10.7;;;
2025-02-26;2;MOD;*****751;11.8;12.1;12.0;;
2023-11-27;2;LEV;*****805;12.9;;;;
2025-01-06;2;MOD;*****695;11.9;12.5;;;
2025-02-10;2;LEV;*****108;12.5;13.1;;;
2023-11-10;2;LEV;*****478;12.4;12.6;14.5;;
2024-07-12;2;MOD;*****360;9.3;;;;
2025-04-29;1;LEV;*****754;;;;;
2024-03-01;2;LEV;*****184;12.5;;;12.5;
2024-12-10;2;LEV;*****608;12.8;12.6;12.9;12.2;11.8
2025-01-13;2;MOD;*****133;11.0;11.3;10.0;;
2024-07-03;2;MOD;*****833;11.3;11.3;12.3;;12.2
2024-06-20;2;MOD;*****704;11.6;11.6;11.9;11.9;
2024-05-31;1;LEV;*****246;13.0;;;;
2023-11-15;2;MOD;*****605;9.9;9.7;10.2;12.5;
2025-04-29;2;LEV;*****417;12.2;;;;
2024-01-04;2;MOD;*****438;14.4;12.1;12.4;;
2024-05-07;2;MOD;*****590;12.0;14.7;;;
2024-01-10;2;MOD;*****042;11.7;;;;
2024-09-07;2;LEV;*****729;12.8;12.6;12.7;;
;2;;*****742;;;;;
;1;MOD;*****892;;;;;
2024-01-25;2;LEV;*****174;12.8;12.7;13.1;12.7;
2024-03-06;2;LEV;*****676;10.6;;;;
;2;;*****291;;;;;
;2;MOD;*****117;;;;;
;2;LEV;*****709;;;;;
2024-04-01;2;MOD;*****456;11.5;;;;
2023-11-02;2;LEV;*****127;12.2;;;;
2024-03-16;2;LEV;*****641;;;;;
2024-01-25;2;LEV;*****007;;;;;
2024-11-18;1;MOD;*****811;;10.9;12.6;;
2024-02-22;2;LEV;*****162;;;;;
2024-05-25;1;MOD;*****772;;;;;
2024-09-07;1;MOD;*****062;8.0;;;;
2024-01-15;2;LEV;*****550;;;;;
;2;LEV;*****639;;;;14.6;
2023-11-15;2;MOD;*****948;;;;;
2024-12-12;2;MOD;*****157;10.8;;12.2;14.5;
2024-05-04;2;LEV;*****459;;13.2;;;
2025-03-25;1;LEV;*****325;12.4;13.3;;;
2024-09-03;1;LEV;*****937;;;;;
2024-01-22;2;LEV;*****891;;;;;
2025-03-01;2;LEV;*****581;;10.8;10.8;;
2024-01-16;2;MOD;*****150;;10.8;11.1;11.6;
2024-05-17;1;MOD;*****070;;;;;
2025-04-04;2;LEV;*****729;12.7;13.0;;;
2023-11-22;2;MOD;*****916;;;;;
2024-09-30;2;MOD;*****375;;;;;
;2;LEV;*****440;;;;;
;1;LEV;*****937;;;;;
;2;;*****960;;;;;
2024-04-18;1;LEV;*****052;;;;;
2024-05-01;1;LEV;*****094;;;;;
2023-10-09;2;LEV;*****694;;;;;
2024-09-06;1;LEV;*****099;;;13.6;;
2024-01-30;2;LEV;*****713;;;;;
2025-01-21;1;MOD;*****536;;12.1;;;
2024-05-04;1;LEV;*****211;;;;;
2023-12-29;2;MOD;*****086;;;;;
2024-07-26;1;MOD;*****209;;;;;
2024-08-03;1;LEV;*****870;11.7;;;;
2024-09-02;1;LEV;*****729;;;;;
;2;LEV;*****893;;;;;
2024-03-16;2;LEV;*****595;;;;;
2024-01-30;2;LEV;*****937;;;;;
2024-02-02;2;LEV;*****692;;13.1;;;
2024-11-11;1;MOD;*****794;11.3;14.0;14.5;14.1;
;2;LEV;*****182;;;;;
2023-11-27;10;LEV;*****778;;;;;
2024-04-08;2;MOD;*****424;;;;;
2024-09-10;1;LEV;*****054;;;;;
2024-04-08;1;LEV;*****682;;;;;
2025-02-19;1;LEV;*****937;12.9;;;;
2023-11-17;2;LEV;*****507;;;14.2;;
2024-09-09;1;LEV;*****054;12.8;;;;
2024-04-09;1;LEV;*****344;;;;;
2024-04-23;2;LEV;*****930;;;;;
2024-11-08;2;MOD;*****059;11.4;14.0;;;
2023-11-15;2;MOD;*****968;;;;;
;1;MOD;*****364;;;;;
2024-06-01;1;LEV;*****877;;13.2;;;
2025-02-27;2;LEV;*****635;12.9;;;;
2023-11-27;1;LEV;*****917;;13.2;;;
2025-03-11;2;MOD;*****346;9.2;;;;
2024-03-23;1;MOD;*****152;;;;;
;2;MOD;*****138;;;;;
;1;MOD;*****998;;;;;
2024-11-08;1;LEV;*****702;12.7;;13.2;14.8;
2023-11-24;1;LEV;*****616;;14.3;;;
2023-11-02;2;LEV;*****628;;;;;
2024-06-01;1;LEV;*****862;;;;14.0;
2024-10-02;2;MOD;*****616;9.3;;;14.2;
2025-02-22;1;LEV;*****677;12.7;;12.8;;
2023-10-17;2;MOD;*****459;;;10.5;;
2025-04-30;2;MOD;*****388;10.9;;;;
2024-09-24;1;MOD;*****940;11.2;13.9;;;
2024-04-16;1;LEV;*****575;;;;;
2024-04-03;1;LEV;*****738;;;;;
2023-12-20;2;LEV;*****191;;;;;
2024-04-23;1;LEV;*****620;;15.4;;;
2024-08-26;1;MOD;*****528;9.4;;;;
2025-02-03;1;LEV;*****981;12.3;;14.5;;
2023-10-12;2;LEV;*****398;;;;;
2024-05-15;2;MOD;*****080;;;;;
2025-04-23;1;MOD;*****769;10.9;;;;
2023-11-14;2;LEV;*****249;;;;;
2024-08-08;1;LEV;*****585;;;;;
2024-01-16;1;LEV;*****936;;;;;
2024-10-04;2;LEV;*****697;;;;;
2024-01-04;2;LEV;*****546;;;;;
2024-04-05;2;MOD;*****789;;;;;
2024-05-03;1;LEV;*****661;;;;;
2024-11-28;2;LEV;*****900;;;;;
;1;LEV;*****658;;;;;
2024-01-02;2;LEV;*****595;;;;;
2024-03-08;2;MOD;*****140;;;;;
2023-12-18;2;MOD;*****587;;;;;
;2;LEV;*****147;;;;;
2024-03-18;1;LEV;*****180;;;;;
2024-11-06;1;LEV;*****073;;;;;
2024-08-15;1;LEV;*****750;;;;;
2023-12-04;2;LEV;*****917;;;;;
2024-12-24;1;LEV;*****927;;;;;
2025-04-07;2;LEV;*****196;12.2;;;;
2024-04-06;1;LEV;*****773;;;;;
2023-11-07;2;MOD;*****989;;;;;
2024-09-20;1;LEV;*****362;;;;12.1;
2024-11-05;1;LEV;*****930;;10.2;10.6;;
2024-04-11;1;LEV;*****739;;;14.6;;
2024-05-03;2;LEV;*****759;;;;;
2024-01-18;1;LEV;*****589;;;;;
2023-11-10;10;LEV;*****343;;;;;
2024-03-15;2;LEV;*****195;;;;;
2024-06-10;1;LEV;*****829;;;;;
2024-03-06;2;LEV;*****042;;;;;
2024-05-20;1;LEV;*****430;;;;;
2025-03-18;2;LEV;*****712;10.0;;;;
2024-06-13;1;LEV;*****502;;;;;
2024-01-13;2;LEV;*****275;;;;;
2024-08-26;1;LEV;*****882;;;;13.0;
2024-03-19;1;LEV;*****439;;;;;
2024-12-01;1;LEV;*****284;;;12.6;;
2024-02-22;2;LEV;*****103;;;;;
2023-11-24;2;LEV;*****175;;;;;
2025-04-02;1;LEV;*****364;13.1;;;;
2023-11-30;2;LEV;*****137;;;;;
2024-01-24;2;LEV;*****408;;;;;
2024-12-16;1;LEV;*****201;;10.0;;;
2024-09-11;1;LEV;*****714;;;;;
2023-12-09;2;LEV;*****229;;;;;
2023-12-29;2;MOD;*****728;;;;;
2025-01-21;2;LEV;*****286;11.4;;;;
2024-08-01;1;LEV;*****251;;;;;
2024-08-08;1;MOD;*****292;;;;;
2024-04-05;1;LEV;*****057;;13.3;;;
2024-09-10;1;LEV;*****774;;;;;12.0
2024-05-09;1;LEV;*****293;;;;;
2023-10-18;2;LEV;*****828;;;;;
2024-06-26;1;LEV;*****830;;;;;
2024-06-03;1;LEV;*****667;;;;;
2025-02-28;2;MOD;*****137;11.3;;;;
;2;MOD;*****587;;;13.3;14.2;
2025-03-17;2;MOD;*****987;10.7;12.2;;;
2025-01-16;2;LEV;*****897;12.4;13.5;10.9;13.2;
;1;LEV;*****526;;13.2;;;
2024-10-10;2;SEV;*****143;7.7;11.5;11.8;13.1;
2025-01-10;2;MOD;*****998;12.0;;;;
2025-05-06;2;LEV;*****919;9.2;;;;
;1;MOD;*****079;;;;;
2024-03-28;1;LEV;*****324;13.2;14.2;14.3;;
2024-02-10;2;LEV;*****513;12.8;11.8;15.4;;
2024-08-13;1;LEV;*****384;12.9;;;;
;2;MOD;*****304;;;;;
;1;LEV;*****130;;;;;
;2;MOD;*****840;;;13.3;13.5;
2024-04-11;2;LEV;*****527;13.1;13.0;12.3;;14.2
2023-11-09;2;MOD;*****139;10.6;11.2;11.5;13.8;
2023-11-24;2;LEV;*****599;13.4;14.5;;14.8;
2025-01-03;2;LEV;*****400;12.8;14.4;;;
2024-05-14;2;MOD;*****634;12.3;12.5;11.0;12.5;
;10;LEV;*****959;;;;;
;2;LEV;*****405;;;;14.2;
2024-11-19;2;MOD;*****054;12.0;12.6;;;
2023-12-06;2;LEV;*****214;12.8;11.4;;;
2024-05-06;1;LEV;*****199;12.5;;;;
;2;MOD;*****629;;12.6;;13.3;
;2;LEV;*****344;;;14.5;;
2024-10-11;1;LEV;*****915;12.6;14.1;;;
;2;MOD;*****327;;;;;
;2;MOD;*****847;;;;15.5;
;2;LEV;*****219;;;;14.7;
;1;MOD;*****832;;;;;15.3
;2;LEV;*****474;;;;14.9;
;2;LEV;*****094;;;;;12.2
;2;LEV;*****331;;;;;
2024-03-14;2;MOD;*****431;10.9;;;13.7;
;2;MOD;*****791;;;;;
;2;MOD;*****866;;;;12.1;
;2;;*****615;;;;;
;2;LEV;*****567;;;;;
2024-08-08;2;MOD;*****479;;12.3;;;
2024-05-06;2;LEV;*****855;;;;;
2024-05-21;2;MOD;*****263;;9.5;10.0;;
2023-10-21;2;LEV;*****357;11.1;12.1;;;
2024-03-01;2;LEV;*****345;;;;;
2024-01-03;2;LEV;*****649;;;;;
2024-03-21;1;MOD;*****488;;;;;
2023-12-27;2;LEV;*****250;;;;;
;1;MOD;*****280;;;;;
2025-04-01;2;LEV;*****427;12.5;;;;
2024-02-16;1;LEV;*****138;8.6;11.3;12.1;11.1;13.0
2024-01-30;2;LEV;*****046;12.4;;;14.1;
;2;MOD;*****735;;;;;
2024-01-29;1;MOD;*****367;12.0;;;;14.0
;2;MOD;*****300;;;;;
2024-10-15;2;LEV;*****797;12.5;12.5;;;
2024-03-13;2;LEV;*****403;12.7;14.4;15.7;;
;1;LEV;*****094;;;;;
2024-07-18;2;LEV;*****879;12.1;13.0;13.0;13.6;14.8
2024-01-18;1;MOD;*****759;12.1;12.1;;13.4;
2025-05-09;2;LEV;*****788;12.8;;;;
;2;LEV;*****717;;;;;15.2
;2;LEV;*****114;;;;;
;2;LEV;*****066;;;;;
2025-05-28;2;LEV;*****352;12.8;;;;
2025-01-16;2;LEV;*****119;12.6;14.7;14.0;;
;2;LEV;*****515;;;;14.6;
2024-10-05;2;MOD;*****411;10.0;;;;
2024-07-18;2;LEV;*****217;12.8;12.2;12.8;;
;1;;*****748;;;;;
2024-06-17;2;LEV;*****634;12.7;12.1;12.1;;
;10;LEV;*****508;;;;;
2024-05-22;2;LEV;*****213;12.7;;13.3;14.5;
2024-04-22;2;LEV;*****863;12.1;12.6;;;14.5
2024-08-05;2;LEV;*****434;12.9;12.9;14.1;12.3;13.1
2024-11-18;2;LEV;*****061;12.1;11.5;13.4;;
;2;MOD;*****797;;;;13.9;
2024-03-23;2;LEV;*****596;12.7;14.8;15.2;17.3;16.4
2025-01-15;2;LEV;*****228;12.4;12.8;14.5;14.8;14.5
2025-04-29;2;MOD;*****227;10.9;9.8;;;
2025-05-01;2;MOD;*****708;11.3;10.3;;;
;2;SEV;*****604;;;;;
;2;LEV;*****486;;;;;
;2;;*****181;;10.5;12.6;14.1;
2024-04-04;2;LEV;*****684;12.5;15.1;14.4;14.9;16.5
2024-05-04;2;LEV;*****882;12.1;11.9;12.9;12.9;12.9
2024-06-12;2;LEV;*****312;12.3;;;;
2024-10-21;2;LEV;*****797;12.1;12.3;12.3;12.9;
2024-04-25;2;LEV;*****853;12.6;13.3;;13.8;
;2;MOD;*****179;;;;13.6;
;2;MOD;*****919;;;;;
2024-11-07;2;MOD;*****167;11.7;14.2;;;
2023-11-17;2;LEV;*****641;10.7;;;;
;1;LEV;*****136;;;;;
;10;;*****790;;;;14.1;
;1;LEV;*****053;;;;;
;2;MOD;*****567;;;;;
;1;MOD;*****482;;;;;
;1;;*****128;;;;;
;2;LEV;*****220;;;;;
;2;MOD;*****950;;;;;
;1;;*****121;;;;;
;10;;*****778;;;;;
;2;LEV;*****815;;;;;
;1;;*****596;;;;;
;1;;*****519;;;;;
;1;LEV;*****705;;;;12.8;
;2;LEV;*****609;;;;;
;2;;*****156;;;;;
;1;MOD;*****015;;;;;
;1;;*****299;;;;;
;1;;*****459;;;;;
;1;LEV;*****455;;;;;
;2;MOD;*****391;;;;;
;2;LEV;*****949;;;;;
;2;;*****748;;;;;
;2;;*****115;;;;;
;1;LEV;*****056;;;;;
;1;;*****927;;;;;
;1;LEV;*****120;;;;;
;2;;*****661;;;;;
;2;LEV;*****993;;;;;
;2;LEV;*****776;;;;;
;1;LEV;*****709;;;;;
;1;MOD;*****561;;;;;
;1;;*****169;;;;;
;2;;*****489;;;;;
;1;SEV;*****284;;;;;
;2;;*****500;;;;;
;2;LEV;*****364;;;;;
;2;MOD;*****129;;;;;
;2;LEV;*****982;;;;;
;1;LEV;*****486;;;;;
;1;MOD;*****334;;;;;
;1;LEV;*****786;;;;;
;1;;*****375;;;;;
;2;;*****761;;;;;
;10;;*****347;;;;;
;2;;*****943;;;;;
2024-04-09;2;MOD;*****383;11.3;;;;
;2;;*****336;;;;;
;2;LEV;*****960;;;;;
;10;SEV;*****568;;;;;
;2;MOD;*****400;;;;;
;2;;*****608;;;;;
;1;MOD;*****574;;;;;
;2;;*****363;;;;;
;1;LEV;*****855;;;;;
;1;MOD;*****716;;;11.6;14.1;
;2;;*****454;;;;;
;1;LEV;*****356;;;14.1;;
;1;;*****984;;;;;
;1;LEV;*****415;;12.8;;;
;2;;*****975;;;;;
;2;LEV;*****078;;;;;
;10;SEV;*****580;;;;;
;2;LEV;*****747;;;;;
;2;;*****106;;;;;
;2;;*****607;;;;;
;2;MOD;*****114;;;;;
;1;LEV;*****057;;;;;
;2;MOD;*****337;;;;;
;1;;*****867;;;;;
;1;LEV;*****041;;;;;
;1;LEV;*****264;;;;;
;1;;*****471;;;;;
;1;;*****692;;;;;
;2;MOD;*****192;;;;13.5;
;1;;*****210;;;;14.4;
;2;MOD;*****033;;;;;
;1;LEV;*****419;;;;;
;1;;*****437;;;;;
;1;;*****721;;;;;
;2;LEV;*****884;;10.9;;;
;1;;*****777;;;;;
;2;LEV;*****742;;;;;
;1;;*****867;;;;14.2;
;2;;*****889;;;;;
2024-01-27;2;MOD;*****657;14.7;14.7;;13.2;
;2;;*****402;;;;;
;1;LEV;*****228;;;;;
;1;MOD;*****929;;;;;
2024-10-22;2;MOD;*****586;11.4;;;14.2;
;1;MOD;*****787;;;;;
;2;LEV;*****544;;;;;
;2;;*****021;;;;;
;1;MOD;*****935;;;;;
;2;;*****861;;;;;
;2;MOD;*****614;;;;;
;1;LEV;*****695;;;;;
;1;;*****428;;;;;
;1;LEV;*****250;;;;;
;2;MOD;*****998;;;;;
;1;MOD;*****132;;12.3;;14.2;
;2;;*****131;;;;;
2025-04-03;2;MOD;*****882;11.7;;;;
;1;LEV;*****589;;;;;
;10;;*****401;;;;;
;2;;*****060;;;;;
;1;LEV;*****376;;;;;
;1;;*****404;;;;;
;1;LEV;*****398;;;;;
;2;;*****707;;;;;
;2;LEV;*****321;;;;;
;2;LEV;*****016;;;;;
;2;;*****403;;;;;
;2;MOD;*****431;;13.2;;;
;1;LEV;*****871;;;;;
;2;SEV;*****756;;;;;
;1;;*****295;;;;;
2024-04-09;2;;*****967;11.7;;;;
;2;;*****268;;;;;
2024-09-18;1;LEV;*****921;10.9;;;;
;1;LEV;*****695;;;;;
;1;LEV;*****263;;13.8;;14.4;
;2;SEV;*****766;;;;;
;2;;*****567;;;;;
;2;LEV;*****389;;;;;
;1;LEV;*****844;;;;;
;2;;*****807;;;;15.3;
;2;LEV;*****776;;;;;
;2;SEV;*****338;;;;;
;2;;*****036;;;;;
;2;LEV;*****918;;;;;
;2;LEV;*****039;;;;;
;2;LEV;*****692;;;;;
;1;SEV;*****158;;;;;
;2;SEV;*****692;;;;;
;2;MOD;*****795;;;;;
;10;;*****780;;;;;
;1;;*****831;;;;;
;2;;*****514;;;;;
;1;LEV;*****973;;;14.5;;
2024-02-09;2;;*****333;11.7;;;;
;1;;*****114;;;;;
;2;;*****886;;;;;
2025-04-11;2;SEV;*****811;9.8;;;;
;2;;*****897;;;;;
;2;MOD;*****259;;;;;
;1;MOD;*****472;;;;;
;1;MOD;*****752;;;;;
;1;MOD;*****469;;;;;
;2;;*****124;;;;;
;2;;*****971;;;;;
;1;LEV;*****282;;;;;
;1;;*****425;;;;;
;2;MOD;*****448;;;;;
;2;LEV;*****105;;;;;
;2;;*****021;;;;;
;10;;*****311;;;;;
;2;;*****982;;;;;
;2;;*****435;;;;;
;2;LEV;*****824;;;;;
2025-02-17;2;LEV;*****565;10.6;;;;
2024-11-04;2;LEV;*****047;10.4;12.0;12.2;10.4;
2025-02-28;2;MOD;*****075;8.6;8.8;10.0;8.7;
2025-04-29;2;MOD;*****005;9.0;;;;
;2;LEV;*****616;;;;;
;2;MOD;*****800;;;;;
;2;MOD;*****639;;;;;
;2;LEV;*****402;;;;;
;2;MOD;*****545;;;;;
;2;LEV;*****082;;;;;
;2;LEV;*****098;;;;;
;1;LEV;*****452;;;;;
2025-01-14;2;LEV;*****163;10.9;10.9;10.9;;
;2;LEV;*****747;;;;;
;2;LEV;*****801;;;;;
;2;LEV;*****885;;;;;
2023-12-01;2;LEV;*****312;10.0;9.0;10.0;11.1;10.7
;2;LEV;*****976;;;;;
;2;LEV;*****826;;;;;
;2;LEV;*****104;;;;;
2023-11-25;2;LEV;*****941;10.0;9.8;;;
;2;LEV;*****157;;;;;
;2;;*****513;;;;;
;2;MOD;*****889;;;;;
2024-10-09;8;LEV;*****545;10.6;10.0;10.7;;
2025-01-07;2;LEV;*****988;11.3;12.5;12.8;12.3;
2025-01-14;1;LEV;*****563;10.9;10.5;11.8;11.4;
;2;LEV;*****818;;;;;
2024-08-15;2;LEV;*****169;10.0;11.2;;11.4;
;2;MOD;*****925;;;;;
;2;LEV;*****912;;;;;
2024-03-10;2;MOD;*****776;9.3;10.0;10.7;11.8;11.2
;2;MOD;*****329;;;;;
;2;MOD;*****770;;;;;
;2;LEV;*****680;;;;12.2;
;2;MOD;*****511;;;;;
;2;MOD;*****017;;;;;
;2;LEV;*****124;;;;;
;2;LEV;*****443;;;;;
;2;LEV;*****174;;;;;
2025-01-10;2;LEV;*****966;10.4;11.4;10.4;;
;2;LEV;*****222;;;;;
2024-08-20;2;LEV;*****091;10.3;11.2;9.8;11.5;12.3
;2;LEV;*****321;;;;;
;2;LEV;*****227;;;;;
2025-05-27;2;MOD;*****968;10.1;;;;
;2;LEV;*****406;;;;;
2025-05-22;2;MOD;*****508;8.9;;;;
2024-11-14;2;LEV;*****743;10.5;9.5;;;
;2;LEV;*****516;;;;;
;2;LEV;*****526;;;;;
2024-08-26;2;LEV;*****279;10.6;11.2;11.5;11.4;11.4
2023-10-16;2;LEV;*****724;10.6;8.4;9.7;;9.4
2025-03-01;2;LEV;*****948;10.4;11.4;;;
;2;LEV;*****836;;;;;
;2;LEV;*****045;;;;;
;2;LEV;*****226;;;;;
;2;LEV;*****491;;;;;
;2;LEV;*****843;;;;;
;2;LEV;*****906;;;;;
;2;LEV;*****324;;;;;
;2;LEV;*****698;;;;;
;2;MOD;*****843;;;;;
;2;LEV;*****791;;;;;
;2;LEV;*****302;;;;;
;2;MOD;*****242;;;;;
2025-02-04;2;LEV;*****685;10.9;11.8;11.6;11.0;
;1;LEV;*****536;;;;;
2025-05-15;2;MOD;*****009;9.6;;;;
2025-05-28;2;MOD;*****298;9.5;;;;
;2;LEV;*****671;;;;;
;2;LEV;*****112;;;;;
;2;LEV;*****300;;;;;
2024-09-10;2;LEV;*****312;10.4;10.4;11.0;12.2;
;2;MOD;*****203;;;;;
;2;LEV;*****389;;;;;
;2;LEV;*****714;;;;;
;2;LEV;*****831;;;;;
;2;MOD;*****681;;;;;
2024-09-24;2;LEV;*****496;10.0;10.7;;;
;2;LEV;*****523;;;;;
;2;LEV;*****467;;;;;
;2;LEV;*****732;;;;;
;2;LEV;*****878;;;;;
2024-03-19;2;LEV;*****719;10.1;8.8;7.3;9.8;10.5
2025-02-24;2;LEV;*****712;10.5;10.9;10.4;12.7;
;2;MOD;*****224;;;;;
2024-02-27;2;MOD;*****794;9.6;;;;
2024-08-21;2;LEV;*****435;10.2;10.0;9.0;12.4;
;2;LEV;*****577;;;;;
2025-01-11;2;MOD;*****990;9.2;8.4;;;
;2;LEV;*****704;;;;;
;2;LEV;*****771;;;;;
;2;LEV;*****660;;;;;
;2;LEV;*****769;;;;;
;2;LEV;*****055;;;;;
;2;LEV;*****093;;;;;
2025-01-15;2;LEV;*****027;10.6;11.1;;;
2024-02-01;2;LEV;*****383;10.6;10.6;10.0;10.9;11.1
;2;MOD;*****814;;;;;
;2;LEV;*****018;;;;;
2025-03-19;2;MOD;*****506;10.1;10.5;10.4;;
2024-11-23;2;MOD;*****692;9.8;10.9;;;
;2;LEV;*****362;;;;;
;2;LEV;*****320;;11.3;;;
;2;LEV;*****962;;;;;
2024-11-01;2;LEV;*****039;10.5;10.5;9.9;;
2023-10-13;2;MOD;*****114;9.6;9.5;10.3;10.8;10.3
;2;MOD;*****522;;;;;
2025-01-10;2;LEV;*****182;10.6;10.9;7.9;9.5;
2025-03-18;2;LEV;*****564;10.8;10.9;;;
2024-07-22;2;MOD;*****555;;;10.8;;10.5
2023-10-19;2;MOD;*****322;9.4;;;;
2025-02-06;1;LEV;*****179;10.1;;;;
2025-03-05;2;LEV;*****147;10.2;10.5;7.7;;
2024-02-12;2;LEV;*****970;;;;;
2024-04-12;1;LEV;*****144;;;;;
2024-02-13;2;MOD;*****687;;;;;
2024-01-20;2;LEV;*****203;;;;;
2023-12-05;1;LEV;*****265;;;;;
2024-03-22;1;LEV;*****248;;;;;
2025-01-16;2;LEV;*****513;9.8;10.2;;;
2024-08-17;1;LEV;*****168;;;11.6;;
2023-12-11;2;LEV;*****865;10.2;;;;
2024-04-09;1;LEV;*****372;10.4;;9.7;11.0;9.1
2024-11-04;10;MOD;*****427;10.3;10.1;10.3;10.3;10.0
2023-11-09;2;LEV;*****306;9.3;;;;
2024-02-11;1;LEV;*****097;9.8;;;10.7;10.9
2024-02-11;2;LEV;*****397;8.6;;;;
2024-02-11;2;LEV;*****584;9.1;;;;
;2;MOD;*****060;;;;;
;1;LEV;*****408;;;;12.4;
2024-10-01;1;LEV;*****754;11.6;;;14.0;
2024-02-15;1;LEV;*****480;10.0;;;;
2024-01-12;1;LEV;*****446;10.1;;;;
2024-11-24;2;LEV;*****824;10.1;;;13.2;
2024-08-12;1;LEV;*****342;;;;;
2024-02-14;2;MOD;*****136;;;;;
2024-10-10;2;MOD;*****874;9.0;;;;
2025-04-22;2;LEV;*****473;;;;;
2024-08-15;1;SEV;*****650;7.0;;;;
2025-04-02;2;LEV;*****927;;;;;
2025-03-22;1;LEV;*****727;;;;;
2024-03-01;2;MOD;*****921;;;;;
2024-06-07;1;LEV;*****802;;;;;
2024-03-18;2;MOD;*****407;;;;;
2024-10-15;2;MOD;*****264;8.0;8.8;11.2;;
2024-05-12;2;LEV;*****842;;;;;
2023-12-18;2;MOD;*****054;;;;;
2025-01-25;1;LEV;*****901;10.6;10.1;;;
;1;LEV;*****388;;;;;
;2;LEV;*****252;;;;;
;2;LEV;*****030;;;;;
;2;;*****630;;;;;
2023-10-17;2;MOD;*****363;10.5;;;;
2025-04-09;2;LEV;*****501;10.0;;;;
;2;LEV;*****377;;;;;
;2;MOD;*****641;;;;;
2023-12-10;2;LEV;*****431;;;;;
2024-12-19;2;LEV;*****809;10.8;12.6;12.7;12.9;
;2;LEV;*****633;;;;;
2024-07-01;2;LEV;*****739;10.0;;;;10.6
2024-02-05;2;LEV;*****738;12.9;13.2;;;
2024-09-17;1;MOD;*****439;12.0;10.9;11.5;13.0;13.3
2024-10-19;2;LEV;*****805;10.5;;;;
2024-03-21;2;MOD;*****418;;;;11.0;
2024-04-19;2;MOD;*****195;;11.0;;;
;1;LEV;*****013;;;12.0;;
2023-10-19;2;MOD;*****415;;;;;
2024-05-19;1;MOD;*****567;7.8;10.0;;;
;1;LEV;*****588;;10.4;;;
2024-06-19;1;LEV;*****313;10.2;10.2;;;
;2;MOD;*****687;;12.6;;;
2024-04-18;2;MOD;*****145;;;;;
2025-01-24;2;LEV;*****107;11.2;10.9;;12.4;
2025-04-15;2;LEV;*****260;10.9;10.9;;;
;2;LEV;*****496;;;;;
;2;;*****183;;;;;
2024-10-18;2;LEV;*****233;10.6;;;;
2024-07-18;1;LEV;*****696;10.6;;;;
2023-11-23;2;MOD;*****096;;;;;
2024-04-12;1;LEV;*****501;10.5;10.1;10.8;10.3;
2024-07-18;2;LEV;*****620;10.0;10.8;11.6;11.4;11.5
2024-04-25;1;LEV;*****500;10.0;10.5;10.8;;11.2
2025-03-05;2;LEV;*****470;10.0;10.3;;;
2024-04-12;2;MOD;*****004;11.8;11.9;;;
;2;MOD;*****728;;;;;
;2;LEV;*****750;;;11.0;13.5;
2025-01-08;2;LEV;*****959;13.0;12.7;12.9;13.0;18.2
;2;LEV;*****690;;;;;
2024-04-23;2;MOD;*****317;12.1;10.5;;12.1;
2025-04-04;2;LEV;*****923;12.1;13.3;;;
2024-12-07;10;MOD;*****722;10.8;12.2;;14.3;
2025-02-26;2;LEV;*****644;13.0;14.3;;;
;2;;*****747;;;13.5;14.6;
;2;LEV;*****645;;;;;
2024-02-23;2;LEV;*****753;;;;;
2024-01-24;1;LEV;*****228;;;;;
2024-06-26;1;MOD;*****198;;;;;
2024-03-23;1;LEV;*****785;;;;;
2024-04-20;2;LEV;*****254;;;12.8;;
2024-04-08;2;LEV;*****540;;;;;
2024-06-09;1;LEV;*****376;;;;;
2023-10-13;2;LEV;*****248;13.6;13.0;13.4;14.1;14.1
;1;SEV;*****040;;;;;
2024-03-13;2;LEV;*****425;10.0;;;;
2023-11-13;2;MOD;*****172;9.3;;;;
2024-04-29;2;LEV;*****421;9.0;;;;
2025-05-21;2;LEV;*****815;9.8;;;;
2023-11-07;2;LEV;*****250;10.1;;;;
2024-08-23;2;MOD;*****538;9.9;;;;
2024-10-10;2;MOD;*****280;9.4;11.8;;;
2024-01-12;2;LEV;*****859;9.9;;;;
2024-05-01;2;LEV;*****075;10.3;;;;
2024-10-16;2;LEV;*****993;10.0;10.7;;;
2024-01-17;2;LEV;*****973;10.0;;;;
2025-02-16;2;LEV;*****108;10.3;;;;
2024-09-15;2;LEV;*****201;10.5;;;;
2024-12-09;2;MOD;*****593;9.6;9.8;10.0;;
2024-05-09;2;MOD;*****628;9.5;;;;
2023-11-08;2;LEV;*****594;10.0;;;;
2025-01-23;2;MOD;*****018;9.4;10.5;;;10.9
2024-05-09;2;MOD;*****321;9.5;;;;
2024-07-16;2;MOD;*****562;9.5;;;;
2024-08-30;2;MOD;*****885;9.2;10.8;;;
2025-05-13;2;MOD;*****383;9.0;;;;
2024-12-09;2;LEV;*****310;9.5;;;;
2023-12-12;2;LEV;*****367;10.0;;;;
2024-06-25;2;MOD;*****055;8.5;;12.0;;
2024-07-29;2;MOD;*****759;8.7;;;;
2025-01-14;2;LEV;*****427;10.9;10.9;;;
2025-05-13;2;LEV;*****283;10.8;;;;
2025-04-14;2;LEV;*****288;10.2;;;;
2024-07-15;2;LEV;*****693;10.8;11.0;;;
2024-12-15;1;LEV;*****999;10.8;;;;
;1;LEV;*****448;;;;;
2024-09-22;1;LEV;*****157;9.3;9.9;;;
2024-02-12;1;LEV;*****847;;;;;
2024-06-14;1;LEV;*****784;;;;;
2025-03-05;2;LEV;*****398;9.9;10.8;;;
2024-05-01;1;LEV;*****697;9.3;12.1;;;
2025-03-11;1;MOD;*****971;;;;;
2025-05-09;1;LEV;*****952;;;;;
2024-11-01;2;MOD;*****088;9.5;13.7;;;
2024-08-19;1;LEV;*****911;;;;;
2023-11-18;2;LEV;*****539;10.3;;;;
2024-02-17;2;LEV;*****300;10.0;;;;
2024-02-08;1;LEV;*****728;10.9;;;;
2024-10-13;2;LEV;*****954;10.0;11.8;;;
2024-11-20;2;LEV;*****829;10.6;10.6;12.5;12.0;
;1;LEV;*****868;;;;;
;2;LEV;*****954;;;;;
2024-10-28;2;LEV;*****825;10.3;10.4;;;
2023-11-29;2;LEV;*****984;10.7;;;;
2024-10-07;2;MOD;*****920;10.4;;;;
2025-02-13;2;LEV;*****408;10.2;;;;
2025-03-13;2;MOD;*****179;8.8;9.9;11.2;;
;2;LEV;*****756;;;;;
2024-12-13;2;LEV;*****976;10.0;;;;
2024-10-09;2;LEV;*****961;11.4;;;;
2024-02-21;2;LEV;*****327;10.5;;;;
;2;MOD;*****848;;;;;
2024-11-27;2;LEV;*****913;10.0;10.6;10.2;10.2;
;2;MOD;*****830;;;;;
2025-02-10;2;LEV;*****032;10.5;12.2;;;
2024-10-21;2;MOD;*****477;9.6;;;;
2024-02-20;2;MOD;*****323;9.1;;;;
2025-04-25;2;LEV;*****540;10.3;;;;
2024-12-03;2;LEV;*****087;9.9;9.9;9.9;;10.5
2024-09-23;1;LEV;*****865;10.5;;;;
2025-01-08;2;LEV;*****250;10.9;;;;
2024-11-18;2;LEV;*****854;10.8;;;;
2025-03-27;2;LEV;*****771;10.9;10.7;10.0;;
2024-04-25;2;LEV;*****210;10.9;11.3;;;
2024-01-05;2;LEV;*****276;10.5;;;;
;2;;*****338;;;;;
2025-05-13;2;LEV;*****808;9.9;;;;
2025-02-28;2;MOD;*****862;8.9;;;;
2024-09-30;2;LEV;*****479;10.5;11.8;;;
2025-05-21;2;LEV;*****672;10.0;;;;
2024-07-16;2;MOD;*****625;9.5;11.1;11.1;;
;2;LEV;*****064;;10.9;11.2;;
2025-04-19;2;LEV;*****194;11.3;;;;
2024-10-03;2;MOD;*****837;8.7;12.0;;;
2024-05-10;2;MOD;*****775;9.8;;;;
2023-12-11;2;LEV;*****712;10.9;;;;
;2;MOD;*****964;;;;;
;1;LEV;*****886;;;;;
2024-09-26;2;LEV;*****326;10.9;;;;
;2;LEV;*****747;;11.6;;;
;2;LEV;*****923;;;;;
;1;LEV;*****943;;10.3;10.9;;
2023-12-20;2;LEV;*****459;10.1;10.7;;;
;2;MOD;*****229;;;;;
;1;MOD;*****693;;;;;
2025-05-10;2;LEV;*****002;9.5;;;;
2025-02-22;2;LEV;*****237;10.2;;;;
;2;MOD;*****491;;;;;
2025-04-24;2;LEV;*****481;10.0;;;;
2025-05-23;2;MOD;*****217;7.7;;;;
;1;MOD;*****537;;;;;
2025-04-22;2;LEV;*****499;9.3;10.6;;;
2024-08-07;2;LEV;*****135;10.7;10.3;10.7;;
2024-09-23;2;LEV;*****507;10.5;10.2;;13.4;
2025-04-04;2;LEV;*****905;10.8;11.2;;;
2025-02-24;2;LEV;*****392;9.6;;;;
2025-05-29;2;MOD;*****206;9.0;;;;
;2;LEV;*****344;;;11.6;;
2024-02-21;2;LEV;*****460;10.4;;16.3;;
;2;MOD;*****486;;;;;
2024-07-17;2;MOD;*****268;9.4;;;;
;1;MOD;*****466;;;;;
2024-12-13;1;MOD;*****576;9.9;12.2;12.2;11.2;
2024-04-04;1;LEV;*****643;10.1;;;;
2024-12-02;2;MOD;*****612;8.5;10.8;10.8;;
2025-05-23;1;LEV;*****780;10.7;;;;
2025-03-24;2;LEV;*****903;10.7;11.1;;;
;2;MOD;*****760;;;;;
2025-04-15;2;MOD;*****718;8.9;8.5;;;
2024-09-06;2;LEV;*****438;10.1;11.2;;;
;2;LEV;*****852;;;;;
2025-01-15;2;MOD;*****582;9.5;11.1;;;
2025-03-25;2;LEV;*****204;10.8;10.1;;;
2024-11-16;2;MOD;*****567;8.6;9.4;;;
2025-04-24;2;LEV;*****385;10.1;;;;
2024-03-13;2;MOD;*****806;9.7;9.5;10.7;;10.5
2024-07-16;2;LEV;*****084;10.6;;;;
;2;LEV;*****953;;;;;
2024-01-18;2;MOD;*****537;10.5;8.7;10.5;;
2024-04-01;1;LEV;*****018;10.5;;;;
2025-04-22;2;LEV;*****488;10.0;11.2;;;
2025-03-12;2;LEV;*****150;10.0;;9.2;;
2025-04-28;2;LEV;*****498;10.4;;;;
2025-04-14;2;LEV;*****313;10.5;9.8;;;
;2;LEV;*****356;;;;;
;2;LEV;*****578;;;;;
2024-09-13;2;LEV;*****104;10.3;10.3;;;
2025-02-04;2;LEV;*****283;10.8;;;12.0;
2025-01-11;2;LEV;*****264;10.1;10.1;;;
;2;LEV;*****406;;;;;
2024-11-20;2;MOD;*****575;9.1;10.5;10.5;;
;2;LEV;*****396;;;10.3;;
2024-01-09;2;LEV;*****309;10.1;;;;
2025-04-28;2;LEV;*****994;10.8;11.0;;;
;2;MOD;*****983;;;;;
2024-09-12;2;LEV;*****508;9.7;10.5;10.7;;
2025-05-20;2;MOD;*****205;10.0;;;;
;2;LEV;*****093;;;;;
;2;LEV;*****061;;;;;
;2;MOD;*****909;;;;;
2024-09-14;2;MOD;*****552;8.9;9.5;;;
;2;LEV;*****283;;10.8;;;
;2;LEV;*****711;;;;;
;2;LEV;*****547;;10.1;10.1;10.9;
2024-01-11;1;LEV;*****999;11.8;;;;
;2;LEV;*****360;;;;;
2023-11-07;2;LEV;*****774;11.4;;;;
2024-07-04;2;LEV;*****408;10.1;9.8;11.2;;
2025-01-07;2;LEV;*****447;9.5;10.3;11.3;9.7;
2024-08-20;2;LEV;*****568;10.6;;;;
2025-05-05;2;MOD;*****177;7.8;;;;
2024-07-05;2;LEV;*****188;10.6;;;;
2025-05-02;2;MOD;*****618;9.8;;;;
2024-02-06;2;LEV;*****309;10.5;;;;
;2;LEV;*****293;;;;;
2024-10-16;2;LEV;*****890;10.9;11.9;12.1;10.0;
2025-04-29;2;LEV;*****831;11.3;;;;
;2;LEV;*****717;;;;;
2023-11-13;2;LEV;*****205;;;;;
2025-05-08;2;LEV;*****593;11.0;;;;
2024-10-29;2;MOD;*****557;8.5;9.6;10.2;11.0;
2024-02-22;2;LEV;*****080;;10.6;;;
2024-03-22;2;MOD;*****226;9.2;;;;
;2;MOD;*****757;;;;;
2024-09-09;2;MOD;*****491;8.8;;;;
;2;LEV;*****722;;;10.5;;
2024-10-16;1;MOD;*****244;9.1;9.1;;12.3;
2023-11-29;2;MOD;*****861;9.8;11.6;12.3;;
2024-06-06;1;LEV;*****748;10.7;;;;
2024-07-09;2;LEV;*****384;10.5;;;;
2025-05-10;2;MOD;******685;9.3;;;;
2024-10-09;2;LEV;*****097;10.9;;;;
;2;LEV;*****350;;10.5;10.1;;
;2;LEV;*****283;;;;;
2024-10-12;2;LEV;*****671;10.8;10.8;10.8;;
2024-04-24;2;LEV;*****712;10.6;;;;
2024-03-18;2;LEV;*****241;10.2;;;;
2024-07-20;2;LEV;*****519;10.0;;;;
2024-11-23;2;LEV;*****189;10.4;10.1;10.0;10.0;
;2;LEV;*****314;;;;;
;2;MOD;*****508;;;;;
2024-07-31;1;LEV;*****392;10.9;;11.5;;
;1;LEV;*****911;;;;;
;2;LEV;*****527;;;;;
;2;LEV;*****861;;;;;
;2;LEV;*****501;;10.8;10.5;;
2024-10-25;2;MOD;*****181;8.5;9.5;10.0;;
;2;MOD;*****317;;;;;
2024-12-04;2;MOD;*****656;9.0;9.9;11.3;;
2024-09-19;2;LEV;*****618;10.8;;;;
2024-08-12;2;LEV;*****298;10.7;10.3;10.3;10.6;10.6
2024-04-09;2;LEV;*****616;10.7;;11.8;;
2024-10-03;2;MOD;*****494;9.9;11.3;;12.0;
2025-05-08;2;LEV;*****027;10.0;;;;
2025-05-07;2;LEV;*****761;10.6;;;;
2025-05-21;2;MOD;*****500;10.5;;;;
;1;LEV;*****309;;;;;
2025-05-14;2;MOD;*****247;9.4;;;;
;2;LEV;*****568;;;;;
2024-04-30;2;LEV;*****778;10.7;;;;
2024-10-11;2;MOD;*****922;9.9;;;;
2024-12-26;2;LEV;*****239;10.4;10.4;10.4;;
2024-11-27;2;LEV;*****075;10.6;11.0;10.5;10.5;
;1;LEV;*****158;;;;;
2024-04-22;1;LEV;*****544;10.8;;11.3;11.3;
2024-07-09;1;LEV;*****507;10.6;;;;
2025-03-29;2;LEV;*****441;10.8;9.3;;;
;2;LEV;*****172;;;;;
;1;LEV;*****650;;;;;
2024-10-07;2;LEV;*****390;10.1;10.9;;;
2024-06-06;2;MOD;*****806;9.9;;;;
;2;MOD;*****254;;;;;
;2;LEV;*****189;;;;;
2025-05-12;2;LEV;*****317;10.2;;;;
2024-04-17;2;MOD;*****153;9.4;;9.6;;
2024-01-10;2;MOD;*****673;9.7;;;;
2024-12-10;2;LEV;*****834;10.8;;;;
2025-02-20;2;MOD;*****309;9.9;;;;
2024-09-23;2;LEV;*****254;10.3;11.9;;;
2024-04-19;1;LEV;*****420;10.3;;;;
;2;MOD;*****160;;;;;
;2;MOD;*****652;;10.2;;;
;2;MOD;*****272;;;;;
;2;MOD;*****861;;;;;
;2;MOD;*****123;;;;;
;2;;*****826;;;;;
;2;LEV;*****250;;;11.6;;
;2;LEV;*****220;;;;12.4;
;2;LEV;*****842;;;;;
;2;MOD;*****932;;;;;
;1;LEV;*****078;;;;;
;1;LEV;*****021;;;;;
;2;LEV;*****419;;;;;
;1;LEV;*****267;;;;;
;2;LEV;*****801;;;;;
;2;MOD;*****366;;;;;
;2;LEV;*****997;;11.8;;;
;2;MOD;*****027;;;;;
;2;;*****720;;;;;
;2;;*****533;;;;;
;2;;*****233;;;;;
;2;LEV;*****044;;;;;
;2;;*****347;;;;;
;2;LEV;*****840;;;;11.3;
;1;;*****600;;;;;
2023-10-11;2;MOD;*****013;7.5;;;;
;2;;*****779;;;;;
;2;MOD;*****441;;;;;
;2;;*****782;;;;;
;2;MOD;*****577;;;;;
;2;SEV;*****895;;;;;
;2;LEV;*****091;;;11.2;;
;2;LEV;*****980;;;;;
2025-03-14;2;LEV;*****493;10.9;;;;
;2;LEV;*****848;;;;;
;2;LEV;*****675;;;;11.6;
;2;LEV;*****373;;;;12.3;
;2;LEV;*****874;;;;;
;2;;*****513;;;;;
;1;;*****521;;;;;
;2;MOD;*****469;;;;;
;2;;*****012;;;;;
;3;LEV;*****243;;;;;
;2;LEV;*****106;;;;;
;2;LEV;*****661;;;;;
;2;LEV;*****598;;;;;
2025-04-10;2;LEV;*****965;10.4;;;;
;2;LEV;*****356;;;;;
;2;LEV;*****406;;;;;
;2;LEV;*****147;;;;;
;2;;*****064;;;;;
;2;MOD;*****661;;;;;
;2;LEV;*****858;;;;;
;1;;*****510;;;;;
;2;MOD;*****085;;;;;
;2;;*****719;;;;;
;2;;*****797;;;;;
;2;LEV;*****225;;;;;
;2;MOD;*****907;;;;;
;2;LEV;*****084;;;;;
;2;LEV;*****392;;;;;
;1;MOD;*****227;;;;;
2023-12-12;1;LEV;*****759;10.3;12.3;;;
;2;;*****310;;;;;
;1;LEV;*****869;;;;;
;2;LEV;*****641;;;;;
;2;LEV;*****984;;;;;
;2;MOD;*****203;;;;;
;2;LEV;*****594;;;;;
;2;MOD;*****095;;;;;
;2;LEV;*****409;;;;;
;2;LEV;*****399;;;;10.5;
;2;LEV;*****309;;;;;
;2;MOD;*****777;;;;;
;1;MOD;*****287;;;;;
;2;;*****066;;;;;
;2;LEV;*****499;;;;;
;2;MOD;*****706;;;;;
2023-12-19;2;MOD;*****548;8.3;10.8;;;
2023-10-17;2;MOD;*****106;9.3;9.3;10.0;;
;2;LEV;*****455;;12.2;;;
;1;MOD;*****512;;;;;
;2;LEV;*****257;;;;;
;2;;*****318;;;;;
;2;;*****790;;;;;
;2;;*****783;;;;;
;2;LEV;*****090;;;9.3;;
;1;LEV;*****682;;;;;
;2;MOD;*****915;;;;;
;1;;*****536;;;;;
;1;LEV;*****178;;;;;
2025-03-29;2;MOD;*****952;9.4;;;;
;2;LEV;*****213;;;;13.7;
;2;LEV;*****602;;;;;
;2;;*****299;;;;;
;2;;*****047;;;;;
;2;LEV;*****231;;13.5;;;
;2;MOD;*****453;;;;;
;2;;*****584;;;;;
;2;;*****857;;;;;
;2;;*****568;;;;;
2024-04-06;2;LEV;*****698;11.6;11.3;;;
;2;;*****923;;;;;
;2;LEV;*****563;;;;;
2025-02-19;2;LEV;*****216;10.0;;;;
;2;;*****679;;;;;
2024-08-08;1;LEV;*****483;10.9;;;;
;2;;*****802;;;;;
;2;LEV;*****963;;;;;
2024-04-11;2;LEV;*****542;10.9;;;;
2023-10-31;2;LEV;*****098;10.3;10.0;10.2;11.0;11.0
;2;;*****430;;;;;
2025-05-27;2;LEV;*****849;10.6;;;;
2023-11-04;2;LEV;*****626;10.2;10.2;;12.0;
2025-02-12;2;MOD;*****857;9.6;;;;
;2;MOD;*****354;;;;;
2024-02-09;2;LEV;*****983;10.3;;;;
;2;LEV;*****280;;;;;
;2;LEV;*****659;;;;;
;1;;*****682;;;;;
;2;MOD;*****507;;;;;
2024-01-04;2;MOD;*****523;11.9;;;;
;2;;*****561;;12.5;;;
2024-08-03;2;LEV;*****269;13.3;;;;
;2;LEV;*****833;;10.0;10.0;12.2;
;2;LEV;*****688;;;;;
2025-02-03;2;MOD;*****253;9.2;;;;
;2;LEV;*****747;;;12.3;;
;2;LEV;*****726;;;;;
;2;MOD;*****428;;;;;
;2;LEV;*****627;;;;;
;2;MOD;*****731;;;;;
2025-03-17;2;LEV;*****042;10.0;10.9;10.9;;
;2;;*****258;;;12.3;;
;2;LEV;*****390;;;;;
2025-04-04;2;MOD;*****883;10.0;9.0;;;
;2;MOD;*****177;;10.8;;;
;2;LEV;*****730;;;;;
;2;LEV;*****333;;;;;
;2;;*****641;;11.3;;;
;2;MOD;*****240;;;9.9;;
;2;;*****249;;;;;
2025-05-27;2;MOD;*****199;9.2;;;;
;2;LEV;*****649;;;;10.9;
;2;MOD;*****396;;;;;
2023-11-11;2;MOD;*****601;7.9;;11.2;12.5;12.3
;2;MOD;*****549;;;;;
;2;LEV;*****488;;;;10.4;
;1;LEV;*****227;;;;;
;2;MOD;*****887;;;;;
;2;LEV;*****461;;;;;
;2;LEV;*****230;;;;;
;2;LEV;*****442;;;12.4;;
2024-02-28;2;MOD;*****494;9.9;11.5;;;
;2;MOD;*****115;;;;;
;2;LEV;*****254;;;;;
;2;;*****272;;;;;
;2;;*****462;;;;;
2024-03-22;2;LEV;*****980;10.3;;10.4;13.1;
;2;MOD;*****442;;9.6;9.6;;
;2;LEV;*****048;;;;;
;2;MOD;*****543;;;11.8;;
;2;LEV;*****795;;;;;
;2;LEV;*****833;;;;;
;2;MOD;*****958;;;;;
;2;LEV;*****489;;;;11.8;
2023-10-17;2;MOD;*****550;9.4;;;;
;1;LEV;*****051;;;;;
;2;MOD;*****865;;;;;
2024-03-20;2;MOD;*****177;8.1;;;;
;2;MOD;*****998;;;;;
;2;MOD;*****860;;;;;
;2;MOD;*****417;;;;;
;2;MOD;*****623;;;;;
;1;LEV;*****632;;;;;
;2;LEV;*****153;;;;;
;2;MOD;*****321;;;;;
2025-04-30;2;MOD;*****722;9.9;9.3;;;
;2;MOD;*****393;;;;;
;2;LEV;*****061;;;;;10.1
;2;LEV;*****618;;;;;
;2;MOD;*****346;;;;;
;2;LEV;*****349;;;;;
;1;LEV;*****282;;;;;
;2;LEV;*****096;;;;;
;2;LEV;*****456;;;10.4;;
;2;;*****951;;;;;
;2;LEV;*****747;;;;;
;2;MOD;*****833;;;;;
;1;;*****580;;;;;
;2;MOD;*****111;;;;;
;2;LEV;*****793;;;;;
;2;LEV;*****772;;;;;
;1;LEV;*****409;;;;;
;2;LEV;*****906;;;;;
;2;;*****679;;;;;
;2;LEV;*****201;;;;;
;2;LEV;*****928;;;;11.6;
;2;LEV;*****373;;;;;
;2;;*****719;;;;;
;2;MOD;*****706;;;;;
;2;LEV;*****792;;;;;
;2;;*****227;;;;;
2023-11-27;2;LEV;*****665;10.6;;;;
;2;LEV;*****133;;;;;
;2;MOD;*****509;;;;;
;2;LEV;*****339;;;;;
2025-03-05;2;LEV;*****808;10.1;10.9;;;
;2;MOD;*****940;;;;;
;2;LEV;*****492;;;;;
;2;MOD;*****613;;;;;
;2;LEV;*****985;;;;;
;2;LEV;*****992;;10.0;9.5;;
;2;MOD;*****978;;8.7;11.0;;
;2;LEV;*****832;;;;;
;2;LEV;*****966;;;;;
;2;MOD;*****403;;;;12.0;
2025-04-11;2;MOD;*****578;9.9;10.2;;;
;2;;*****008;;;;;
2024-10-31;2;MOD;*****223;9.5;11.7;;;
;2;LEV;*****228;;;;;
2025-02-07;2;LEV;*****503;10.8;;11.4;;
;2;MOD;*****194;;;;;
2025-02-25;2;LEV;*****698;10.2;;;;
;2;LEV;*****690;;;;;
2025-02-21;2;MOD;*****255;9.7;;11.9;;
2024-09-27;2;LEV;*****899;10.9;;;;
2025-02-27;2;LEV;*****414;10.0;9.3;;;
;2;LEV;*****048;;;12.2;;
;2;LEV;*****072;;;;;
2025-03-28;2;LEV;*****232;10.0;12.3;12.3;;
2025-05-15;2;LEV;*****148;10.3;;;;
2025-04-15;2;LEV;*****879;10.9;10.2;;;
2024-10-22;2;MOD;*****055;9.6;9.2;;11.6;
;2;MOD;*****482;;;11.2;;
;2;LEV;*****842;;;;;
;2;MOD;*****891;;;;;
;2;;*****052;;;10.3;;10.9
;2;;*****457;;;;;
;2;LEV;*****569;;;10.4;;
2025-05-13;2;LEV;*****114;10.0;;;;
;2;;*****504;;;;;
2025-04-16;2;LEV;*****155;9.6;;;;
2025-05-16;2;LEV;*****357;10.5;;;;
2025-05-03;2;LEV;*****356;10.6;;;;
;2;MOD;*****274;;;;;
;2;;*****163;;;;;
2025-04-03;2;MOD;*****499;9.0;11.3;;;
;2;;*****131;;;;;
2024-10-02;2;MOD;*****302;8.6;11.8;12.9;13.1;
;2;LEV;*****413;;;;;
2024-06-09;2;LEV;*****757;10.4;;;;
;2;MOD;*****841;;;;;
;2;LEV;*****455;;;;;
;2;MOD;*****423;;;;;
;2;LEV;*****524;;;;;
;2;LEV;*****914;;;;;
;2;LEV;*****996;;13.1;;;
;2;LEV;*****784;;;;;
;2;LEV;*****527;;;;;
;2;LEV;*****623;;;;;
;2;LEV;*****000;;;;;
;2;LEV;*****959;;;11.1;;
;2;LEV;*****017;;;;;
;2;LEV;*****935;;;;;
;2;LEV;*****052;;;;;
;2;LEV;*****346;;;;;
;2;;*****538;;;12.4;;
2023-12-04;2;MOD;*****769;7.6;8.7;12.1;11.1;
;2;MOD;*****283;;;;;
2024-10-30;2;;*****957;11.0;;;;
;2;LEV;*****853;;;;;
;2;LEV;*****907;;;12.4;10.1;
2024-03-16;2;MOD;*****384;9.5;11.4;11.9;11.4;11.6
;2;LEV;*****590;;;;;
;2;;*****465;;;;;
;2;LEV;*****705;;;;;
;2;;*****866;;;;;
2023-12-14;2;LEV;*****171;10.8;11.4;11.4;;
;2;LEV;*****236;;;;;
;2;;*****848;;;;;
;2;LEV;*****874;;;;;
2025-02-22;2;LEV;*****263;;;;;
;2;LEV;*****749;;;;;
;2;LEV;*****544;;;;;
;2;LEV;*****967;;;11.8;;
;2;LEV;*****870;;;;;
2025-04-16;2;LEV;*****404;10.8;;;;
;2;LEV;*****962;;;;;
;2;LEV;*****083;;;;;
;2;;*****149;;;;;
;2;LEV;*****941;;;;;
;2;LEV;*****688;;;;;
;2;LEV;*****359;;;;;
;2;LEV;*****928;;;;;
;2;;*****848;;;;;
;2;;*****607;;;;;
2023-12-05;2;MOD;*****240;9.8;;;;
;2;LEV;*****505;;;;;
;1;LEV;*****771;;;;;
2024-10-15;2;MOD;*****155;9.3;11.4;11.4;;
;2;LEV;*****814;;;;;
2024-11-13;2;LEV;*****689;;15.9;15.9;;
;2;LEV;*****683;;;;;
;2;LEV;*****269;;;;;
;2;MOD;*****516;;;;;
2024-02-10;2;LEV;*****950;10.3;;;;
2023-11-15;2;MOD;*****422;9.6;;;;
2024-07-28;2;SEV;*****036;6.8;;;;
2024-08-16;2;MOD;*****200;9.6;12.1;12.6;;
;2;MOD;*****935;;;;;
;2;LEV;*****551;;;;;
2024-04-30;2;LEV;*****051;10.1;12.1;12.0;;11.2
;2;MOD;*****703;;;;;
2024-06-14;2;LEV;*****081;10.4;;;;
;2;LEV;*****810;;;;;
2023-10-28;2;MOD;*****296;9.4;;;;
;2;;*****008;;;;;
2024-01-08;2;LEV;*****225;10.1;11.0;11.3;;
2024-08-27;2;MOD;*****770;8.1;;;;
;2;MOD;*****368;;;;;
;2;MOD;*****275;;;;;
;2;MOD;*****034;;;;;
2023-11-08;2;MOD;*****202;9.7;10.8;;10.6;10.0
;2;MOD;*****904;;;;;
2024-03-30;2;MOD;*****794;9.9;;11.0;9.9;
2024-02-09;2;MOD;*****867;7.8;;;;
;2;SEV;*****494;;;;;
;2;MOD;*****219;;;;;
;2;;*****126;;;;;
2024-12-13;2;MOD;*****602;9.8;10.1;10.4;;
;2;;*****522;;;;;
;2;;*****429;;;;;
2024-11-21;2;LEV;*****660;10.4;;;;
2025-01-08;2;LEV;*****742;10.3;10.4;11.3;12.6;11.4
;2;LEV;*****393;;;;;
;2;LEV;*****028;;;;;
2024-07-15;2;MOD;*****716;9.9;11.0;;;
2024-04-03;2;LEV;*****533;10.0;;11.0;11.0;
;2;MOD;*****091;;;;;
;2;;*****840;;;;;
2024-12-27;2;SEV;*****584;6.0;;;;
2024-06-18;1;MOD;*****409;7.7;;;;
;2;;*****443;;;;;
;2;;*****089;;;;;
2024-04-12;2;MOD;*****773;9.8;;;;
;2;MOD;*****932;;;;;
;2;LEV;*****735;;;;;
;2;LEV;*****731;;;;;
;2;MOD;*****638;;;;;
2023-12-12;2;MOD;*****238;9.9;;;;
2024-08-21;2;MOD;*****374;8.7;;12.4;13.4;
;1;MOD;*****469;;;;;
;2;MOD;*****031;;;;;
2023-11-07;2;MOD;*****062;9.6;;;;
;2;MOD;*****321;;;;;
;2;;*****536;;;13.3;;
;2;MOD;*****884;;;;;
2024-11-02;2;LEV;*****680;10.9;;;;
2025-02-03;2;LEV;*****968;10.4;9.4;12.0;11.1;
;2;LEV;*****270;;;;;
;2;;*****684;;11.7;;;
2025-05-23;2;LEV;*****322;10.3;;;;
2023-12-20;2;MOD;*****597;9.7;11.0;;;
;2;MOD;*****562;;;;;
;2;MOD;*****722;;;;;
;2;MOD;*****444;;;;;
;2;;*****715;;;;;
2024-08-19;2;SEV;*****125;6.9;11.1;11.7;11.4;11.4
;2;MOD;*****369;;;;;
;2;LEV;*****454;;;;;
;2;;*****071;;;;;
;2;;*****304;;;;;
2024-06-10;2;LEV;*****778;10.0;;11.4;11.4;11.0
;2;LEV;*****132;;;;;
2024-08-29;2;MOD;*****354;9.7;;;;
2024-03-25;1;MOD;*****122;7.5;7.5;9.1;9.9;10.0
2024-08-14;2;LEV;*****756;10.0;;11.0;;
;2;;*****943;;11.5;13.0;;
;2;;*****513;;11.2;;;
;2;;*****213;;11.2;;;
2025-04-21;2;MOD;*****684;9.2;10.6;;;
2024-07-08;2;LEV;*****727;10.1;11.8;12.5;;
2024-06-06;2;MOD;*****455;8.8;;;;
2024-10-02;2;LEV;*****148;10.3;10.3;10.7;;
;2;MOD;*****355;;;;;
;2;MOD;*****300;;;;;
;2;LEV;*****130;;;;;
2024-10-15;2;LEV;*****152;10.0;12.0;11.4;;
2023-11-30;2;MOD;*****173;8.6;;;;
;2;LEV;*****626;;;;;
2024-01-06;2;MOD;*****050;9.3;9.3;9.3;10.0;10.0
2023-11-15;2;MOD;*****195;9.1;9.1;;;
;2;;*****868;;;;;
;2;LEV;*****224;;;;;
2024-04-10;1;LEV;*****366;10.0;;10.2;;
2024-04-01;2;LEV;*****609;10.2;;;;
2024-01-30;2;MOD;*****128;8.6;8.0;7.0;8.4;9.0
;2;LEV;*****016;;;;;
;2;MOD;*****502;;;;;
;2;LEV;*****870;;;;;
2025-01-06;2;LEV;*****380;9.6;10.8;11.0;;
;2;;*****000;;;;;
;2;MOD;*****503;;;;11.5;
;2;LEV;*****524;;;;;
;2;MOD;*****286;;;;;
;2;LEV;*****107;;11.0;;;
;2;LEV;*****234;;;;;
;2;MOD;*****866;;;11.5;;
;2;LEV;*****290;;;;;
;2;LEV;*****886;;;;;
;2;LEV;*****452;;;;;
;2;MOD;*****082;;;;;
2024-12-11;2;MOD;*****486;9.5;9.5;10.8;11.9;11.8
;2;MOD;*****937;;;;;
;2;;*****521;;;;;
;2;;*****397;;;;;
;2;LEV;*****311;;;;;
2025-01-20;1;LEV;*****859;10.4;;;;
2024-10-24;2;MOD;*****066;9.5;9.7;9.8;9.6;
;2;MOD;*****279;;;;;
;2;LEV;*****441;;;;;
;2;LEV;*****527;;;;;
;2;;*****800;;;;;
;2;MOD;*****991;;;;;
2025-05-28;2;LEV;*****389;10.2;;;;
;2;;*****051;;;;;
;2;MOD;*****690;;;;;
;2;MOD;*****629;;;;;
2025-02-01;2;LEV;*****853;9.9;10.0;12.8;12.8;
;2;MOD;*****342;;;;;
;2;MOD;*****338;;;;;
;2;LEV;*****976;;;;;
2023-10-21;2;MOD;*****612;8.4;;;;
;2;MOD;*****598;;;;;
2024-05-01;2;MOD;*****681;9.0;;;;
;2;;*****727;;;;;
2024-01-04;2;MOD;*****203;8.8;;;;
;2;LEV;*****710;;;;;
;2;MOD;*****398;;;;;
;2;LEV;*****114;;;;;
;2;LEV;*****794;;10.4;;;
;2;MOD;*****065;;;;;
;2;;*****406;;;;;
2024-10-12;2;MOD;*****030;9.8;;;;
2025-03-21;2;MOD;*****636;8.9;;;;
;2;;*****025;;;;;
2024-09-28;2;LEV;*****072;10.4;;;;
;2;;*****257;;;;;
2024-11-15;2;MOD;*****828;9.1;;;;
;2;MOD;*****328;;;;;
;2;LEV;*****606;;;;11.2;
;2;LEV;*****870;;;;;
;2;LEV;*****064;;10.2;12.5;;
2025-02-18;2;LEV;*****263;10.4;;9.4;;
2025-02-01;2;MOD;*****562;8.6;11.9;;;
;2;LEV;*****635;;;;;
;2;LEV;*****930;;;;;
2024-12-02;2;LEV;*****480;10.6;10.7;;;
2024-08-21;2;LEV;*****242;10.9;12.5;;;
2025-01-18;2;MOD;*****962;;;;;
2025-04-11;1;LEV;*****261;10.3;;;;
2024-02-01;2;LEV;*****535;12.7;;;;
2025-01-21;2;MOD;*****190;9.6;10.5;;12.7;
;1;LEV;*****241;;;;;
;2;LEV;*****803;;;;11.8;
2024-11-12;2;LEV;*****288;;10.2;;11.5;
;2;LEV;*****115;;10.9;;;
2025-02-03;2;MOD;*****369;9.4;;;;
2025-05-05;2;LEV;*****638;;;;;
;2;LEV;*****807;;10.9;;;
;1;LEV;*****360;;;;;
;2;LEV;*****175;;;;;
2025-02-12;2;LEV;*****856;10.1;;;11.5;
2025-03-26;2;MOD;*****960;10.2;;;;
2025-01-03;2;LEV;*****581;10.0;10.2;;;
2025-03-08;2;MOD;*****796;9.1;11.3;;;
2025-02-22;2;MOD;*****327;7.5;9.1;12.2;;
;1;LEV;*****030;;;;;
;2;LEV;*****270;;11.5;11.5;12.0;
;2;LEV;*****418;;;11.9;;
;2;MOD;*****857;;;10.2;11.0;
;2;MOD;*****242;;;;;
2025-05-27;2;MOD;*****330;9.2;;;;
;2;MOD;*****920;;;;;
;2;LEV;*****285;;;;;
2024-04-11;2;LEV;*****658;10.0;;;;
;2;LEV;*****803;;;;;
;2;LEV;*****068;;;;;
;2;LEV;*****956;;;;;
;2;MOD;*****978;;;;;
2024-06-03;2;MOD;*****030;9.4;;;;
2024-12-04;2;MOD;*****847;9.5;9.9;;9.9;
;2;MOD;*****006;;;;;
;1;LEV;*****696;;;;;
2025-03-05;2;MOD;*****361;9.3;9.0;;;
;2;MOD;*****004;;;;;
2024-11-08;2;LEV;*****878;10.9;;11.1;;
;1;LEV;*****380;;;;;
;2;LEV;*****363;;;;;
;2;LEV;*****627;;;;;
2024-12-16;2;LEV;*****659;;;;;
2025-02-12;2;LEV;*****233;10.0;;;;
;2;LEV;*****588;;;;10.4;
;2;MOD;*****834;;;;;
;2;LEV;*****605;;11.0;;;
2024-11-02;9;MOD;*****264;9.2;11.6;;;
;2;MOD;*****712;;;;;
2024-06-17;2;LEV;*****913;10.4;;;;
2024-04-20;2;LEV;*****565;10.8;;11.5;12.5;
;2;LEV;*****159;;12.5;;;
;2;MOD;*****532;;;;;
;2;LEV;*****194;;;;;
2025-02-21;2;MOD;*****961;9.1;;;;
;2;MOD;*****455;;9.4;;12.5;
;2;MOD;*****749;;;;;
;2;MOD;*****604;;;;;12.1
2024-08-27;2;MOD;*****397;9.2;;;;
;2;MOD;*****038;;;;;
;2;MOD;*****505;;;;;
2025-04-02;2;LEV;*****087;;;;;
2025-03-06;2;LEV;*****512;10.5;7.7;;;
;2;LEV;*****233;;;;;
2024-12-30;2;LEV;*****689;10.2;10.8;12.9;;
2024-12-23;2;LEV;*****970;10.9;;;10.3;
;2;LEV;*****720;;;12.1;12.1;
;2;LEV;*****764;;;10.8;;
;2;MOD;*****453;;;;;
;2;LEV;*****035;;;9.8;12.6;
;2;LEV;*****822;;;;12.6;
2024-07-08;2;LEV;*****473;10.6;10.8;;;
;2;LEV;*****046;;;;;
;2;LEV;*****728;;;;;
;2;MOD;*****096;;;;;
;1;LEV;*****138;;;;14.1;
2024-02-19;2;MOD;*****391;9.3;;;;
;2;LEV;*****884;;;;13.1;
;2;LEV;*****213;;;;12.0;
2025-01-05;2;LEV;*****058;10.5;10.8;;;
;2;MOD;*****065;;;;;
2025-05-16;2;LEV;*****253;11.6;;;;
2023-11-14;2;LEV;*****645;;;;;
2023-10-16;2;MOD;*****987;9.9;;;;
2025-01-14;2;MOD;*****453;11.1;10.8;10.5;10.5;10.1
2024-07-17;2;MOD;*****107;11.6;14.3;;12.0;
2024-12-02;2;LEV;*****495;12.1;11.0;11.9;;
2024-03-25;2;MOD;*****396;;10.3;10.8;10.6;13.0
2025-03-21;2;MOD;*****246;10.9;10.9;11.0;;
;2;MOD;*****152;;;;;
2024-05-16;2;MOD;*****680;9.7;9.6;9.7;13.8;
2024-02-21;2;MOD;*****905;11.4;11.4;;;14.4
2023-10-27;2;LEV;*****903;12.7;13.2;13.0;;11.7
2024-02-09;2;LEV;*****990;12.6;12.0;12.3;12.3;13.1
2024-08-02;2;MOD;*****436;11.3;13.0;;14.9;
2024-11-22;2;MOD;*****432;11.8;12.3;13.2;12.6;
2025-01-31;2;MOD;*****554;11.4;11.4;12.0;11.6;
2024-05-27;2;LEV;*****345;10.5;;;;
2025-01-21;2;LEV;*****467;11.0;11.0;;12.8;
2024-01-26;2;MOD;*****821;11.0;;;;
2024-09-20;2;MOD;*****215;13.7;10.7;;12.0;
;2;MOD;*****736;;11.1;11.1;;
2024-05-07;2;LEV;*****609;12.1;12.6;13.2;13.3;
2024-12-03;2;MOD;*****688;8.4;9.3;6.2;6.2;6.2
;2;MOD;*****467;;;13.5;14.1;
2023-10-12;2;LEV;*****789;12.6;12.9;13.0;12.6;
2025-01-22;1;LEV;*****910;12.3;;;;
2024-04-03;2;LEV;*****165;12.6;12.2;14.0;13.5;
2024-09-03;2;LEV;*****060;12.3;11.2;11.1;14.4;
2024-02-14;2;LEV;*****999;10.4;11.3;10.8;10.7;12.8
2025-02-01;2;LEV;*****440;13.1;14.3;;;
2025-01-13;2;MOD;*****414;12.0;12.3;12.8;;
2023-12-01;2;LEV;*****272;10.9;13.2;;;
2024-08-24;2;LEV;*****733;13.0;13.5;;14.8;
;2;LEV;*****299;;;;;
2024-04-02;2;MOD;*****518;11.4;11.8;12.6;13.8;
2024-04-11;1;LEV;*****600;12.9;;13.3;12.5;
2023-11-17;2;MOD;*****501;12.2;;13.5;13.0;
2025-01-27;2;LEV;*****160;12.4;12.6;12.4;16.1;
2024-06-14;2;LEV;*****504;12.5;12.0;12.4;14.1;
2024-02-08;2;LEV;*****013;12.4;12.4;;;
2024-01-04;2;LEV;*****560;13.3;14.6;;;
2025-01-15;2;LEV;*****670;12.1;12.1;12.0;;
2025-02-21;2;LEV;*****850;12.2;14.1;12.1;12.9;
2024-09-12;1;MOD;*****626;11.4;;12.1;12.4;
2024-08-17;2;LEV;*****023;12.4;14.1;;;
2024-05-13;2;MOD;*****835;11.1;12.5;12.5;13.9;
2024-01-12;2;LEV;*****905;13.0;12.9;;12.2;
2024-02-09;2;LEV;*****615;12.5;11.5;12.1;12.6;11.1
2024-06-17;2;LEV;*****731;12.3;10.9;10.9;11.2;
2024-10-25;2;MOD;*****667;11.3;11.3;11.3;;
2024-10-28;2;LEV;*****713;12.5;12.7;13.6;13.1;
2024-06-19;2;MOD;*****466;11.9;13.8;;15.0;
2023-12-18;2;LEV;*****749;12.5;12.5;;13.4;14.8
2024-10-21;2;LEV;*****154;12.4;13.3;12.8;14.8;
2023-11-18;2;MOD;*****718;12.3;13.1;13.4;11.8;12.1
2024-09-26;2;LEV;*****962;12.7;12.2;;;
2024-08-19;2;MOD;*****840;13.4;11.6;;;
;2;LEV;*****689;;;;;
2025-05-30;2;MOD;*****439;11.0;;;;
;2;MOD;*****874;;;;;
2023-12-02;2;LEV;*****746;12.6;13.4;13.4;13.1;
;2;MOD;*****012;;;;;
2024-07-01;2;MOD;*****870;12.0;;11.3;14.9;
2024-10-16;2;MOD;*****744;10.7;;;;
2024-10-12;2;LEV;*****071;12.5;11.2;12.5;;
2024-10-21;2;MOD;*****955;11.5;;;;
2024-09-04;2;MOD;*****146;10.7;;12.2;;
2025-02-05;2;LEV;*****130;13.0;14.6;;;
2024-07-02;2;MOD;*****751;11.1;15.6;;;
2024-11-20;2;LEV;*****442;13.2;14.2;;;
2024-10-14;2;LEV;*****607;12.4;11.0;;;
2024-04-12;1;LEV;******895;12.7;;13.4;;
2024-07-12;2;MOD;*****992;10.8;;12.6;;
2024-04-15;2;MOD;*****764;12.0;12.0;11.4;12.4;
2025-04-04;2;MOD;*****434;11.5;11.5;;;
2024-03-19;2;MOD;*****427;9.6;13.0;13.4;;
2024-08-12;2;LEV;*****387;12.9;13.8;;;
2024-06-12;2;MOD;*****716;11.1;10.8;11.3;14.2;
2024-05-25;2;MOD;*****769;11.7;14.5;;;
2024-11-13;2;LEV;*****768;11.4;;;;
2024-11-27;2;LEV;*****066;12.8;13.4;;;
2025-04-14;2;MOD;*****451;10.0;;;;
2025-01-13;2;LEV;*****287;12.3;12.5;11.1;12.3;13.1
2025-03-10;2;LEV;*****425;14.0;12.5;;;
2024-10-19;2;LEV;*****000;12.5;12.9;13.8;13.5;16.3
;2;LEV;*****157;;;;;
;2;LEV;*****020;;;;;
2024-10-24;2;LEV;*****056;12.6;12.6;13.4;13.0;
2024-10-25;2;MOD;*****376;12.0;10.3;;;
2024-04-19;2;LEV;*****069;12.6;14.6;12.7;15.2;
2024-06-12;2;LEV;*****577;10.3;9.3;10.3;;14.6
2024-07-26;2;LEV;*****079;12.7;;;;
2024-02-06;2;LEV;*****455;12.8;13.1;13.2;14.1;14.4
2024-08-15;2;LEV;*****076;12.7;13.5;;;
2024-09-02;2;LEV;*****293;12.5;;14.0;;
2024-08-23;1;MOD;*****683;9.7;11.8;15.0;;
2024-04-22;1;MOD;*****617;11.7;;;14.4;
2024-04-30;2;LEV;*****273;12.7;;;;
2023-11-22;2;MOD;*****793;10.6;;;;
2025-01-09;2;LEV;*****642;12.0;12.7;12.7;;
2024-12-19;2;MOD;*****496;12.3;13.2;12.2;;
;2;MOD;*****074;;;11.5;;
2024-02-01;2;MOD;*****856;10.4;;;;
;2;LEV;*****044;;;;;
;1;MOD;*****316;;;;;
2025-05-26;2;LEV;*****652;10.4;;;;
2025-01-13;2;MOD;*****836;9.0;10.0;10.3;11.2;
2024-08-13;2;LEV;*****741;12.5;12.5;12.5;13.3;
2025-02-13;2;MOD;*****119;10.7;;;;
2025-05-20;2;MOD;*****633;12.0;;;;
2024-01-19;2;MOD;*****946;11.7;12.5;;13.0;
2024-12-20;2;MOD;*****510;12.2;12.5;13.0;;
