cod_pc;fecha_nacimiento;Id_Financiador;valor_labo;fecha_dosaje_1;hemoglobina_1;fecha_dosaje_2;hemoglobina_2;fecha_dosaje_3;hemoglobina_3;fecha_dosaje_4;hemoglobina_4;fecha_dosaje_5;hemoglobina_5;fecha_supT1;fecha_supT2;fecha_supT3
*****728;1/08/1998;2;LEV;30/12/2024;12.5;29/01/2025;12.6;NULL;NULL;NULL;NULL;NULL;NULL;30/12/2024;29/01/2025;28/02/2025
*****636;15/08/1999;2;MOD;27/03/2024;9.7;NULL;NULL;NULL;NULL;NULL;NULL;NULL;NULL;27/03/2024;11/04/2024;NULL
*****786;27/02/2002;2;LEV;14/02/2025;12.8;17/03/2025;10.6;21/04/2025;13.5;NULL;NULL;NULL;NULL;14/02/2025;17/03/2025;NULL
*****917;19/12/1989;2;LEV;8/03/2025;12.3;7/04/2025;12.3;8/05/2025;12.4;NULL;NULL;NULL;NULL;8/03/2025;7/04/2025;8/05/2025
*****096;25/08/1987;2;LEV;17/11/2023;12.8;18/12/2023;12.8;16/01/2024;12.8;21/02/2024;13.9;NULL;NULL;17/11/2023;18/12/2023;16/01/2024
*****085;11/01/1999;2;LEV;13/03/2024;12.5;NULL;NULL;13/05/2024;13.5;5/07/2024;14.6;NULL;NULL;13/03/2024;12/04/2024;NULL
*****321;29/10/1998;2;LEV;27/09/2024;12.9;28/10/2024;10.6;26/11/2024;10.9;26/12/2024;13.6;NULL;NULL;27/09/2024;28/10/2024;26/11/2024
*****479;18/04/1993;1;LEV;4/01/2024;10.5;3/02/2024;11.4;4/03/2024;9.8;3/04/2024;9.9;3/05/2024;11.1;4/01/2024;3/02/2024;4/03/2024
*****202;9/10/1998;2;MOD;10/10/2023;11.7;9/11/2023;12;NULL;NULL;NULL;NULL;NULL;NULL;10/10/2023;9/11/2023;8/12/2023
*****838;22/11/2003;2;LEV;2/01/2024;12;1/02/2024;11.9;2/03/2024;11.3;1/04/2024;11;2/05/2024;11;2/01/2024;1/02/2024;2/03/2024
*****985;9/02/1995;2;LEV;27/09/2024;11.6;26/10/2024;13.4;26/11/2024;10.6;26/12/2024;12;25/01/2025;12.8;27/09/2024;26/10/2024;26/11/2024
*****127;25/11/2003;2;LEV;25/09/2024;11.2;25/10/2024;11.2;NULL;NULL;NULL;NULL;NULL;NULL;25/09/2024;25/10/2024;23/11/2024
*****213;10/12/1998;2;MOD;2/04/2024;11.8;2/05/2024;12.3;1/06/2024;11.1;1/07/2024;11.1;1/08/2024;12;2/04/2024;2/05/2024;1/06/2024
*****163;5/04/1999;2;MOD;13/07/2024;11.2;27/08/2024;13;NULL;NULL;NULL;NULL;NULL;NULL;13/07/2024;NULL;NULL
*****183;28/11/2006;2;MOD;12/04/2025;10.6;12/05/2025;14.9;NULL;NULL;NULL;NULL;NULL;NULL;12/04/2025;12/05/2025;NULL
*****817;28/04/1997;2;LEV;22/01/2024;12.5;7/05/2024;13;22/03/2024;13;22/04/2024;13.6;NULL;NULL;22/01/2024;21/02/2024;22/03/2024
*****762;26/02/1999;2;MOD;1/04/2024;11;2/05/2024;11;NULL;NULL;NULL;NULL;NULL;NULL;1/04/2024;2/05/2024;1/06/2024
*****742;6/07/1999;2;LEV;19/12/2023;13.1;18/01/2024;12.3;18/03/2024;13.3;2/04/2024;12.7;NULL;NULL;19/12/2023;18/01/2024;17/02/2024
*****532;10/11/1993;2;LEV;10/08/2024;12.9;9/09/2024;15.9;22/10/2024;15.7;NULL;NULL;NULL;NULL;10/08/2024;9/09/2024;22/10/2024
*****612;7/08/1992;2;LEV;12/02/2024;12.7;13/03/2024;14.5;15/04/2024;14.6;NULL;NULL;NULL;NULL;12/02/2024;13/03/2024;15/04/2024
*****927;1/11/2002;2;LEV;2/12/2024;13;10/01/2025;14.4;10/02/2025;14;12/03/2025;14.4;20/05/2025;15;2/12/2024;10/01/2025;10/02/2025
*****233;11/05/2005;2;LEV;4/01/2024;13.5;3/02/2024;13.6;3/04/2024;14;23/05/2024;15.3;NULL;NULL;4/01/2024;3/02/2024;4/03/2024
*****052;12/01/2002;2;MOD;12/07/2024;9.6;11/08/2024;10.2;10/09/2024;11.6;14/10/2024;13;16/11/2024;12.8;12/07/2024;11/08/2024;10/09/2024
*****570;5/08/2001;2;NULL;NULL;NULL;NULL;NULL;20/02/2024;NULL;8/04/2024;15.2;NULL;NULL;NULL;NULL;NULL
*****953;18/09/1992;2;MOD;25/04/2025;14.8;NULL;NULL;NULL;NULL;NULL;NULL;NULL;NULL;25/04/2025;NULL;NULL
*****679;20/05/2000;1;LEV;8/08/2024;12.9;9/09/2024;13.3;21/10/2024;13.3;3/12/2024;13;20/12/2024;NULL;8/08/2024;9/09/2024;NULL
*****340;10/07/1991;2;MOD;3/04/2024;12;3/05/2024;12.1;2/06/2024;11.9;2/07/2024;12.7;1/08/2024;13.5;3/04/2024;3/05/2024;2/06/2024
*****051;30/05/2006;2;MOD;6/01/2025;11;5/02/2025;11;7/03/2025;10.2;NULL;NULL;8/05/2025;13.5;6/01/2025;5/02/2025;7/03/2025
*****710;8/11/2007;1;MOD;25/11/2024;11;26/12/2024;12;NULL;NULL;NULL;NULL;NULL;NULL;25/11/2024;26/12/2024;NULL
*****077;15/12/2005;2;LEV;17/01/2024;13.5;16/02/2024;13.6;18/03/2024;13.2;26/04/2024;14.2;NULL;NULL;17/01/2024;16/02/2024;18/03/2024
*****002;28/05/1998;1;LEV;18/06/2024;13.2;17/07/2024;13.3;20/08/2024;13.8;NULL;NULL;NULL;NULL;18/06/2024;17/07/2024;20/08/2024
*****037;4/01/1993;2;LEV;29/01/2025;12.7;28/02/2025;12.5;NULL;NULL;NULL;NULL;NULL;NULL;29/01/2025;28/02/2025;28/03/2025
*****051;28/07/2004;1;LEV;2/01/2024;10;1/02/2024;10;2/03/2024;10.8;2/04/2024;10.8;NULL;NULL;2/01/2024;1/02/2024;2/03/2024
*****163;8/05/2001;2;LEV;23/04/2025;11.8;23/05/2025;12.5;NULL;NULL;NULL;NULL;NULL;NULL;23/04/2025;23/05/2025;NULL
*****105;10/04/2002;2;LEV;18/02/2025;12;19/04/2025;10.9;20/05/2025;11.5;NULL;NULL;NULL;NULL;18/02/2025;3/07/2023;2/08/2023
*****973;13/12/2003;2;LEV;17/05/2024;12.6;17/06/2024;NULL;17/07/2024;NULL;15/08/2024;NULL;17/09/2024;11.1;17/05/2024;17/06/2024;17/07/2024
*****571;24/06/1994;2;LEV;24/07/2024;9.4;24/08/2024;10.3;24/09/2024;NULL;11/12/2024;13.4;NULL;NULL;24/07/2024;24/08/2024;24/09/2024
*****087;29/09/1990;1;MOD;2/12/2024;11.8;17/01/2025;12.2;7/02/2025;12.9;NULL;NULL;NULL;NULL;2/12/2024;2/01/2025;NULL
*****697;15/03/2001;1;LEV;27/04/2024;11.9;27/05/2024;NULL;3/07/2024;13.8;NULL;NULL;NULL;NULL;27/04/2024;27/05/2024;NULL
*****544;23/08/1995;1;LEV;20/05/2024;11.8;19/06/2024;NULL;NULL;NULL;NULL;NULL;NULL;NULL;20/05/2024;19/06/2024;NULL
*****530;15/10/2005;10;LEV;24/10/2024;12.4;NULL;NULL;NULL;NULL;NULL;NULL;NULL;NULL;24/10/2024;18/11/2024;18/12/2024
*****667;6/12/1996;2;LEV;NULL;NULL;NULL;NULL;NULL;NULL;NULL;NULL;NULL;NULL;NULL;NULL;NULL
*****628;3/03/2009;2;MOD;NULL;NULL;NULL;NULL;NULL;NULL;NULL;NULL;NULL;NULL;14/05/2025;NULL;NULL
*****443;18/02/1992;1;LEV;NULL;NULL;NULL;NULL;6/01/2025;13;NULL;NULL;NULL;NULL;NULL;NULL;NULL
*****945;24/12/1998;2;LEV;20/10/2023;13.2;NULL;NULL;NULL;NULL;NULL;NULL;NULL;NULL;20/10/2023;13/11/2023;13/12/2023
*****498;2/09/1997;2;MOD;20/10/2023;12.9;20/11/2023;15.5;20/12/2023;15.5;18/01/2024;12.7;17/02/2024;14.9;20/10/2023;20/11/2023;20/12/2023
*****391;13/09/1997;2;MOD;NULL;NULL;NULL;NULL;NULL;NULL;NULL;NULL;NULL;NULL;19/10/2023;NULL;NULL
*****889;6/09/2005;1;MOD;20/11/2024;11.6;20/12/2024;12.3;20/01/2025;13.1;27/02/2025;13.5;NULL;NULL;20/11/2024;20/12/2024;20/01/2025
*****769;9/08/1999;1;MOD;13/11/2024;11.5;13/12/2024;11.3;13/01/2025;11.2;12/02/2025;11.5;14/03/2025;13.5;13/11/2024;13/12/2024;13/01/2025
*****950;4/05/2006;2;LEV;25/01/2024;13.8;24/02/2024;14.7;25/03/2024;15.2;24/04/2024;15.2;NULL;NULL;25/01/2024;24/02/2024;25/03/2024
*****229;10/12/1987;2;NULL;NULL;NULL;14/10/2024;NULL;NULL;NULL;NULL;NULL;NULL;NULL;NULL;NULL;NULL
*****878;30/03/1980;2;LEV;16/05/2025;10.8;NULL;NULL;NULL;NULL;NULL;NULL;NULL;NULL;16/05/2025;NULL;NULL
*****714;26/04/1993;2;LEV;6/12/2024;10.3;25/02/2025;12;NULL;NULL;NULL;NULL;NULL;NULL;NULL;NULL;NULL
*****686;3/03/2001;2;LEV;18/12/2024;10.8;17/03/2025;11.8;8/04/2025;11;16/05/2025;11;NULL;NULL;NULL;NULL;NULL
*****872;22/02/2005;2;NULL;NULL;NULL;NULL;NULL;NULL;NULL;NULL;NULL;NULL;NULL;NULL;NULL;NULL
*****962;22/10/1990;2;NULL;NULL;NULL;26/10/2024;NULL;NULL;NULL;NULL;NULL;NULL;NULL;NULL;NULL;NULL
*****688;20/07/2009;2;LEV;14/08/2024;10.7;NULL;NULL;NULL;NULL;NULL;NULL;NULL;NULL;14/08/2024;NULL;NULL
*****008;24/11/1994;2;MOD;29/05/2025;9.9;NULL;NULL;NULL;NULL;NULL;NULL;NULL;NULL;NULL;NULL;NULL
*****887;28/07/1996;1;NULL;NULL;NULL;NULL;NULL;NULL;NULL;NULL;NULL;NULL;NULL;NULL;NULL;NULL
*****248;8/11/2004;2;LEV;3/09/2024;10.5;3/10/2024;10.3;4/11/2024;9.8;NULL;NULL;NULL;NULL;3/09/2024;3/10/2024;4/11/2024
*****763;28/03/2001;2;NULL;NULL;NULL;13/05/2024;11;NULL;NULL;18/07/2024;12.2;NULL;NULL;NULL;NULL;NULL
*****454;11/11/2010;2;NULL;NULL;NULL;NULL;NULL;NULL;NULL;NULL;NULL;NULL;NULL;NULL;NULL;NULL
*****722;6/02/1997;2;NULL;NULL;NULL;NULL;NULL;NULL;NULL;NULL;NULL;NULL;NULL;NULL;NULL;NULL
*****430;4/12/1995;2;MOD;23/04/2025;9.9;NULL;NULL;NULL;NULL;NULL;NULL;NULL;NULL;23/04/2025;NULL;NULL
*****901;10/09/1999;2;LEV;31/03/2025;10.2;NULL;NULL;NULL;NULL;NULL;NULL;NULL;NULL;31/03/2025;NULL;NULL
*****926;2/11/1989;2;MOD;9/10/2024;11;NULL;NULL;NULL;NULL;NULL;NULL;NULL;NULL;9/10/2024;NULL;NULL
*****268;23/04/1992;2;NULL;NULL;NULL;NULL;NULL;NULL;NULL;NULL;NULL;NULL;NULL;NULL;NULL;NULL
*****962;10/04/1992;2;MOD;9/10/2024;8.2;NULL;NULL;NULL;NULL;NULL;NULL;NULL;NULL;9/10/2024;9/11/2024;NULL
*****589;9/08/1995;2;LEV;29/04/2025;10.6;NULL;NULL;NULL;NULL;NULL;NULL;NULL;NULL;29/04/2025;NULL;NULL
*****825;30/08/1997;2;NULL;NULL;NULL;NULL;NULL;NULL;NULL;NULL;NULL;NULL;NULL;NULL;NULL;NULL
*****937;20/03/1999;2;NULL;NULL;NULL;NULL;NULL;NULL;NULL;NULL;NULL;NULL;NULL;NULL;NULL;NULL
*****096;13/07/1995;2;NULL;NULL;NULL;NULL;NULL;NULL;NULL;NULL;NULL;NULL;NULL;NULL;NULL;NULL
*****341;17/01/2005;2;NULL;NULL;NULL;NULL;NULL;NULL;NULL;NULL;NULL;NULL;NULL;NULL;NULL;NULL
*****393;14/05/1997;2;LEV;3/04/2025;9.7;NULL;NULL;NULL;NULL;NULL;NULL;NULL;NULL;3/04/2025;NULL;NULL
*****061;21/04/1994;2;LEV;12/11/2024;10.8;12/12/2024;11;NULL;NULL;5/03/2025;12.5;NULL;NULL;12/11/2024;NULL;NULL
*****331;22/09/2002;2;LEV;6/11/2024;11.6;NULL;NULL;NULL;NULL;NULL;NULL;NULL;NULL;6/11/2024;NULL;NULL
***074;14/10/1997;1;LEV;10/12/2024;10.2;NULL;NULL;NULL;NULL;11/03/2025;12;NULL;NULL;NULL;NULL;NULL
*****066;20/08/1983;2;NULL;NULL;NULL;NULL;NULL;NULL;NULL;NULL;NULL;NULL;NULL;NULL;NULL;NULL
*****006;8/04/1992;2;LEV;11/04/2025;10.8;NULL;NULL;NULL;NULL;NULL;NULL;NULL;NULL;11/04/2025;8/05/2025;NULL
*****043;11/06/2005;2;NULL;NULL;NULL;NULL;NULL;NULL;NULL;NULL;NULL;NULL;NULL;NULL;NULL;NULL
*****082;17/07/2003;2;LEV;1/04/2025;10.5;NULL;NULL;NULL;NULL;NULL;NULL;NULL;NULL;1/04/2025;NULL;NULL
*****988;13/10/2009;2;NULL;NULL;NULL;NULL;NULL;NULL;NULL;NULL;NULL;NULL;NULL;NULL;NULL;NULL
*****879;25/05/2003;2;NULL;NULL;NULL;NULL;NULL;NULL;NULL;NULL;NULL;NULL;NULL;NULL;NULL;NULL
*****930;17/11/1997;1;LEV;7/04/2025;10;NULL;NULL;NULL;NULL;NULL;NULL;NULL;NULL;7/04/2025;NULL;NULL
*****910;26/03/2001;2;LEV;17/12/2024;9.8;NULL;NULL;NULL;NULL;NULL;NULL;NULL;NULL;NULL;NULL;NULL
*****899;4/07/2005;2;MOD;13/08/2024;NULL;NULL;NULL;NULL;NULL;NULL;NULL;NULL;NULL;13/08/2024;NULL;NULL
*****902;18/06/2001;2;LEV;18/11/2024;9.9;18/12/2024;11.3;NULL;NULL;NULL;NULL;NULL;NULL;18/11/2024;NULL;NULL
*****143;30/08/2005;2;MOD;7/03/2025;9.2;8/04/2025;11;NULL;NULL;NULL;NULL;NULL;NULL;7/03/2025;8/04/2025;NULL
*****499;16/07/1987;2;LEV;4/10/2024;10.2;9/11/2024;11.8;NULL;NULL;NULL;NULL;NULL;NULL;4/10/2024;9/11/2024;NULL
*****791;5/02/1991;2;MOD;2/05/2025;9.3;NULL;NULL;NULL;NULL;NULL;NULL;NULL;NULL;2/05/2025;NULL;NULL
*****110;20/07/1991;2;MOD;NULL;NULL;NULL;NULL;NULL;NULL;NULL;NULL;NULL;NULL;NULL;NULL;NULL
*****214;8/02/2000;2;LEV;8/04/2025;9.9;NULL;NULL;NULL;NULL;NULL;NULL;NULL;NULL;8/04/2025;NULL;NULL
*****100;1/06/2002;2;LEV;6/03/2025;10.2;4/04/2025;10;NULL;NULL;NULL;NULL;NULL;NULL;6/03/2025;4/04/2025;NULL
*****042;10/03/2002;2;LEV;NULL;NULL;1/02/2024;NULL;NULL;NULL;NULL;NULL;NULL;NULL;NULL;NULL;NULL
*****601;3/08/1996;2;MOD;31/03/2025;8.2;NULL;NULL;NULL;NULL;NULL;NULL;NULL;NULL;31/03/2025;NULL;NULL
*****164;4/11/1988;2;NULL;NULL;NULL;NULL;NULL;NULL;NULL;NULL;NULL;NULL;NULL;NULL;NULL;NULL
*****842;28/04/1979;2;NULL;NULL;NULL;NULL;NULL;NULL;NULL;NULL;NULL;NULL;NULL;NULL;NULL;NULL
*****476;19/02/2006;2;MOD;11/10/2024;9.4;11/11/2024;9.7;17/12/2024;12;NULL;NULL;NULL;NULL;11/10/2024;11/11/2024;NULL
*****532;28/03/1994;2;NULL;NULL;NULL;23/10/2024;11.8;NULL;NULL;NULL;NULL;NULL;NULL;NULL;NULL;NULL
*****953;26/09/1998;2;NULL;NULL;NULL;NULL;NULL;NULL;NULL;NULL;NULL;NULL;NULL;NULL;NULL;NULL
*****326;31/12/2004;1;NULL;NULL;NULL;NULL;NULL;NULL;NULL;2/10/2024;NULL;NULL;NULL;NULL;NULL;NULL
*****511;30/07/1988;1;LEV;NULL;NULL;NULL;NULL;NULL;NULL;NULL;NULL;NULL;NULL;6/08/2024;NULL;NULL
*****812;11/09/2008;2;MOD;12/05/2025;9.4;NULL;NULL;NULL;NULL;NULL;NULL;NULL;NULL;12/05/2025;NULL;NULL
*****239;30/01/1986;2;MOD;18/03/2025;8.9;17/04/2025;9.4;17/05/2025;10.4;NULL;NULL;NULL;NULL;18/03/2025;17/04/2025;17/05/2025
*****663;29/12/1996;2;NULL;NULL;NULL;NULL;NULL;NULL;NULL;NULL;NULL;NULL;NULL;NULL;NULL;NULL
*****544;6/12/2004;2;MOD;6/06/2024;NULL;NULL;NULL;NULL;NULL;NULL;NULL;NULL;NULL;NULL;NULL;NULL
*****428;21/07/2003;2;NULL;NULL;NULL;NULL;NULL;NULL;NULL;27/04/2024;NULL;NULL;NULL;NULL;NULL;NULL
*****804;18/10/1993;2;NULL;NULL;NULL;NULL;NULL;NULL;NULL;NULL;NULL;NULL;NULL;NULL;NULL;NULL
*****967;20/01/1994;2;LEV;27/05/2024;10.8;NULL;NULL;NULL;NULL;NULL;NULL;NULL;NULL;27/05/2024;NULL;NULL
*****305;22/09/2008;2;LEV;7/11/2023;10.9;7/12/2023;10.9;8/01/2024;10.9;8/02/2024;10.9;NULL;NULL;7/11/2023;7/12/2023;8/01/2024
*****356;10/12/1991;2;LEV;NULL;NULL;NULL;NULL;NULL;NULL;NULL;NULL;NULL;NULL;3/08/2024;NULL;NULL
*****487;12/04/2007;2;MOD;20/02/2025;9.6;22/03/2025;8.4;NULL;NULL;NULL;NULL;NULL;NULL;20/02/2025;21/01/2025;NULL
*****569;18/06/2007;2;NULL;NULL;NULL;NULL;NULL;NULL;NULL;NULL;NULL;NULL;NULL;NULL;NULL;NULL
*****242;19/01/2003;2;LEV;NULL;NULL;16/09/2024;10.4;16/10/2024;8.7;15/11/2024;9.6;16/12/2024;9.6;16/08/2024;16/09/2024;16/10/2024
*****512;23/01/2002;2;LEV;NULL;NULL;15/10/2024;12;15/11/2024;12.6;16/12/2024;11;16/01/2025;12.4;15/09/2024;15/10/2024;15/11/2024
*****846;22/08/2006;2;MOD;12/02/2024;9.8;13/03/2024;9.8;13/04/2024;9.8;6/07/2024;9.9;NULL;NULL;12/02/2024;13/03/2024;13/04/2024
*****809;27/04/1999;2;MOD;2/10/2024;9.3;2/11/2024;9.3;2/12/2024;9.8;7/01/2025;9;NULL;NULL;2/10/2024;2/11/2024;2/12/2024
*****721;28/10/2004;2;LEV;10/03/2025;10.4;9/04/2025;10.4;9/05/2025;10.9;NULL;NULL;NULL;NULL;10/03/2025;9/04/2025;9/05/2025
*****836;6/02/1985;2;NULL;NULL;NULL;NULL;NULL;NULL;NULL;NULL;NULL;NULL;NULL;NULL;NULL;NULL
*****513;28/03/1987;2;LEV;6/11/2023;10.1;6/12/2023;10.1;NULL;NULL;7/03/2024;NULL;NULL;NULL;6/11/2023;NULL;NULL
*****955;27/11/1989;2;NULL;NULL;NULL;NULL;NULL;NULL;NULL;NULL;NULL;NULL;NULL;NULL;NULL;NULL
*****993;14/08/1987;2;MOD;NULL;NULL;25/04/2024;10;NULL;NULL;NULL;NULL;NULL;NULL;26/03/2024;25/04/2024;25/05/2024
*****642;4/06/1990;2;NULL;NULL;NULL;NULL;NULL;NULL;NULL;NULL;NULL;NULL;NULL;NULL;NULL;NULL
*****451;11/02/1993;2;MOD;NULL;NULL;NULL;NULL;26/10/2024;11.1;12/12/2024;NULL;NULL;NULL;4/08/2024;3/09/2024;4/10/2024
*****357;16/07/2007;2;LEV;22/03/2025;10.4;21/04/2025;11.5;NULL;NULL;NULL;NULL;NULL;NULL;22/03/2025;21/04/2025;NULL
*****730;7/09/2008;1;MOD;27/09/2024;8.4;28/10/2024;11;27/11/2024;12;NULL;NULL;NULL;NULL;27/09/2024;28/10/2024;27/11/2024
*****913;5/06/2008;2;MOD;27/12/2024;9.1;27/01/2025;9.3;27/02/2025;10.3;15/04/2025;11.2;NULL;NULL;27/12/2024;27/01/2025;27/02/2025
*****989;2/03/1999;2;LEV;16/10/2024;10.6;16/11/2024;11;NULL;NULL;11/02/2025;NULL;NULL;NULL;16/10/2024;16/11/2024;NULL
*****991;25/08/2000;1;NULL;NULL;NULL;NULL;NULL;NULL;NULL;NULL;NULL;NULL;NULL;NULL;NULL;NULL
*****460;25/02/2003;2;LEV;6/09/2024;10.5;7/10/2024;10.5;6/11/2024;12;NULL;NULL;NULL;NULL;6/09/2024;7/10/2024;6/11/2024
*****961;15/07/2003;2;NULL;NULL;NULL;NULL;NULL;NULL;NULL;NULL;NULL;NULL;NULL;NULL;NULL;NULL
*****552;20/03/2005;2;LEV;NULL;NULL;NULL;NULL;NULL;NULL;NULL;NULL;NULL;NULL;NULL;NULL;NULL
*****935;2/08/1986;1;MOD;10/05/2024;9.8;9/06/2024;10;9/07/2024;10.4;NULL;NULL;NULL;NULL;10/05/2024;9/06/2024;9/07/2024
*****925;9/06/1985;2;MOD;NULL;NULL;23/10/2024;9.8;23/11/2024;9.6;NULL;NULL;NULL;NULL;22/09/2024;23/10/2024;23/11/2024
*****441;16/08/1990;2;MOD;8/11/2023;9.2;8/12/2023;10;8/02/2024;NULL;NULL;NULL;NULL;NULL;8/11/2023;8/12/2023;5/01/2024
*****989;25/02/1992;2;LEV;NULL;NULL;NULL;NULL;NULL;NULL;NULL;NULL;NULL;NULL;NULL;NULL;NULL
*****299;1/09/2008;2;MOD;5/01/2024;9.5;27/04/2024;9.8;NULL;NULL;13/04/2024;9.8;NULL;NULL;5/01/2024;13/02/2024;14/03/2024
*****633;27/09/2005;2;NULL;NULL;NULL;NULL;NULL;NULL;NULL;NULL;NULL;NULL;NULL;NULL;NULL;NULL
*****369;27/05/1995;2;NULL;NULL;NULL;NULL;NULL;NULL;NULL;NULL;NULL;NULL;NULL;NULL;NULL;NULL
*****443;22/04/2008;2;MOD;18/03/2025;9.1;19/04/2025;10.1;NULL;NULL;NULL;NULL;NULL;NULL;18/03/2025;19/04/2025;NULL
*****048;25/08/1994;1;MOD;24/03/2025;9.4;24/04/2025;10.3;23/05/2025;10.5;NULL;NULL;NULL;NULL;24/03/2025;24/04/2025;23/05/2025
*****806;25/03/2005;2;LEV;30/01/2025;9.7;3/03/2025;9.7;NULL;NULL;16/05/2025;10.5;NULL;NULL;30/01/2025;3/03/2025;NULL
*****548;28/05/2004;1;NULL;NULL;NULL;NULL;NULL;NULL;NULL;NULL;NULL;NULL;NULL;NULL;NULL;NULL
*****427;26/03/2001;2;NULL;NULL;NULL;NULL;NULL;NULL;NULL;NULL;NULL;NULL;NULL;NULL;NULL;NULL
*****175;6/05/2006;2;LEV;30/10/2023;NULL;NULL;NULL;NULL;NULL;NULL;NULL;NULL;NULL;30/10/2023;NULL;NULL
*****098;12/04/2009;1;LEV;23/10/2024;NULL;NULL;NULL;NULL;NULL;NULL;NULL;NULL;NULL;23/10/2024;NULL;NULL
*****004;12/09/2002;2;MOD;NULL;NULL;NULL;NULL;NULL;NULL;NULL;NULL;NULL;NULL;NULL;NULL;NULL
*****576;18/07/1999;2;NULL;NULL;NULL;NULL;NULL;NULL;NULL;NULL;NULL;NULL;NULL;NULL;NULL;NULL
*****739;23/08/1987;2;MOD;NULL;NULL;NULL;NULL;10/01/2024;11.3;10/02/2024;11.3;NULL;NULL;10/11/2023;10/12/2023;NULL
*****326;2/03/1994;2;LEV;NULL;NULL;NULL;NULL;11/02/2024;NULL;20/03/2024;NULL;NULL;NULL;11/12/2023;11/01/2024;11/02/2024
*****923;25/12/1981;2;LEV;NULL;NULL;NULL;NULL;NULL;NULL;NULL;NULL;NULL;NULL;NULL;NULL;NULL
*****698;6/08/2006;2;LEV;23/01/2025;10.4;22/02/2025;10.4;25/03/2025;10.8;26/05/2025;11.4;NULL;NULL;23/01/2025;22/02/2025;25/03/2025
*****696;13/01/2002;1;NULL;NULL;NULL;NULL;NULL;NULL;NULL;NULL;NULL;NULL;NULL;NULL;NULL;NULL
*****192;26/12/2003;2;NULL;NULL;NULL;NULL;NULL;NULL;NULL;NULL;NULL;NULL;NULL;NULL;NULL;NULL
*****824;13/08/1986;2;LEV;NULL;NULL;NULL;NULL;NULL;NULL;25/04/2024;NULL;NULL;NULL;NULL;NULL;NULL
*****534;29/05/2007;1;MOD;19/03/2024;8.8;19/04/2024;10.4;20/05/2024;10.4;NULL;NULL;NULL;NULL;19/03/2024;19/04/2024;20/05/2024
*****203;22/07/2007;2;MOD;NULL;NULL;NULL;NULL;16/04/2024;9.8;16/05/2024;10.9;15/06/2024;11.3;NULL;NULL;NULL
*****245;2/08/1998;2;LEV;15/01/2025;10.7;14/02/2025;10.7;17/03/2025;10.7;15/04/2025;10.7;NULL;NULL;15/01/2025;14/02/2025;17/03/2025
*****331;31/05/1989;2;LEV;NULL;NULL;5/09/2024;10.2;5/10/2024;11.3;4/12/2024;NULL;NULL;NULL;5/08/2024;5/09/2024;5/10/2024
*****415;2/04/1992;2;NULL;NULL;NULL;NULL;NULL;NULL;NULL;NULL;NULL;NULL;NULL;NULL;NULL;NULL
*****692;31/08/2005;2;MOD;NULL;NULL;NULL;NULL;NULL;NULL;NULL;NULL;NULL;NULL;12/01/2024;12/02/2024;NULL
*****677;25/07/2009;2;LEV;8/12/2023;10.2;NULL;NULL;7/02/2024;10.2;NULL;NULL;NULL;NULL;1/12/2023;2/01/2024;7/02/2024
*****403;9/04/2004;2;MOD;10/04/2025;8.8;10/05/2025;12;NULL;NULL;NULL;NULL;NULL;NULL;10/04/2025;10/05/2025;NULL
*****290;9/12/1992;2;NULL;NULL;NULL;NULL;NULL;NULL;NULL;NULL;NULL;NULL;NULL;NULL;NULL;NULL
*****524;16/04/1991;2;LEV;17/03/2025;10.5;16/04/2025;10.7;16/05/2025;12.4;NULL;NULL;NULL;NULL;17/03/2025;16/04/2025;NULL
*****059;14/09/1993;2;LEV;NULL;NULL;NULL;NULL;NULL;NULL;NULL;NULL;NULL;NULL;16/11/2023;15/12/2023;NULL
*****600;10/12/1999;1;LEV;13/05/2024;10.56;15/07/2024;12;NULL;NULL;NULL;NULL;NULL;NULL;13/05/2024;12/06/2024;NULL
*****751;1/05/2008;2;LEV;NULL;NULL;26/09/2024;10.8;26/10/2024;11.9;17/12/2024;NULL;NULL;NULL;26/08/2024;26/09/2024;26/10/2024
*****319;13/06/2006;2;MOD;NULL;NULL;NULL;NULL;NULL;NULL;NULL;NULL;NULL;NULL;NULL;NULL;NULL
*****711;30/09/2004;1;MOD;17/02/2025;9.8;NULL;NULL;NULL;NULL;NULL;NULL;NULL;NULL;17/02/2025;NULL;NULL
*****561;7/06/1991;2;NULL;NULL;NULL;NULL;NULL;NULL;NULL;NULL;NULL;NULL;NULL;NULL;NULL;NULL
*****264;13/09/2007;2;NULL;NULL;NULL;NULL;NULL;NULL;NULL;NULL;NULL;NULL;NULL;NULL;NULL;NULL
*****324;10/04/2001;2;LEV;15/11/2024;9.6;NULL;NULL;NULL;NULL;NULL;NULL;NULL;NULL;15/11/2024;NULL;NULL
*****988;29/09/1999;2;MOD;NULL;NULL;NULL;NULL;NULL;NULL;NULL;NULL;NULL;NULL;14/08/2024;NULL;NULL
*****785;23/02/1987;2;LEV;NULL;NULL;NULL;NULL;NULL;NULL;NULL;NULL;NULL;NULL;NULL;NULL;NULL
*****318;18/09/1995;2;NULL;NULL;NULL;NULL;NULL;NULL;NULL;NULL;NULL;NULL;NULL;NULL;NULL;NULL
*****568;17/03/2005;2;LEV;18/10/2024;10.7;18/11/2024;10.7;19/12/2024;10.6;NULL;NULL;NULL;NULL;18/10/2024;18/11/2024;19/12/2024
*****174;3/09/1998;2;LEV;17/07/2024;10.6;16/08/2024;10.6;NULL;NULL;NULL;NULL;NULL;NULL;17/07/2024;16/08/2024;NULL
*****954;17/11/1996;2;MOD;NULL;NULL;NULL;NULL;27/08/2024;13.3;3/10/2024;NULL;NULL;NULL;28/06/2024;NULL;NULL
*****930;15/11/1996;2;LEV;4/03/2025;10.5;3/04/2025;9.4;NULL;NULL;NULL;NULL;NULL;NULL;4/03/2025;3/04/2025;NULL
*****758;28/09/1999;2;LEV;NULL;NULL;NULL;NULL;NULL;NULL;30/01/2024;NULL;NULL;NULL;NULL;NULL;NULL
*****640;6/07/2003;2;LEV;NULL;NULL;NULL;NULL;NULL;NULL;NULL;NULL;NULL;NULL;NULL;NULL;NULL
*****738;30/04/1995;2;MOD;NULL;NULL;3/07/2024;9.5;2/08/2024;11;NULL;NULL;NULL;NULL;3/06/2024;3/07/2024;NULL
*****087;14/05/2003;2;LEV;12/10/2024;10.1;12/11/2024;10.7;12/12/2024;9.8;NULL;NULL;NULL;NULL;12/10/2024;12/11/2024;12/12/2024
*****010;20/05/2008;1;NULL;NULL;NULL;NULL;NULL;NULL;NULL;NULL;NULL;NULL;NULL;NULL;NULL;NULL
*****525;15/02/2007;2;MOD;22/11/2024;10.2;23/12/2024;10.2;22/01/2025;10.4;22/02/2025;10.1;24/03/2025;10.3;22/11/2024;23/12/2024;22/01/2025
*****293;28/06/2002;2;NULL;NULL;NULL;NULL;NULL;NULL;NULL;NULL;NULL;NULL;NULL;NULL;NULL;NULL
*****406;5/10/2003;1;MOD;19/03/2025;10.1;19/04/2025;11;19/05/2025;12.3;NULL;NULL;NULL;NULL;19/03/2025;19/04/2025;19/05/2025
*****323;10/01/1995;1;LEV;NULL;NULL;11/10/2024;12;NULL;NULL;NULL;NULL;NULL;NULL;11/09/2024;NULL;NULL
*****939;16/02/2007;2;NULL;NULL;NULL;NULL;NULL;NULL;NULL;NULL;NULL;NULL;NULL;NULL;NULL;NULL
*****329;30/03/2009;1;LEV;25/05/2024;NULL;25/06/2024;11.5;2/08/2024;11;25/09/2024;NULL;NULL;NULL;25/05/2024;25/06/2024;NULL
*****445;25/12/2000;1;LEV;NULL;NULL;NULL;NULL;7/09/2024;12.6;12/10/2024;NULL;NULL;NULL;11/06/2024;11/07/2024;NULL
*****066;18/12/1996;2;LEV;NULL;NULL;NULL;NULL;NULL;NULL;14/07/2024;NULL;NULL;NULL;1/04/2024;NULL;NULL
*****953;15/04/1984;2;LEV;1/02/2024;NULL;1/03/2024;NULL;NULL;NULL;NULL;NULL;NULL;NULL;1/02/2024;NULL;NULL
*****658;19/09/1986;1;LEV;10/05/2024;NULL;10/06/2024;12.2;9/08/2024;12.3;16/09/2024;NULL;NULL;NULL;10/05/2024;NULL;NULL
*****363;15/01/2009;1;LEV;NULL;NULL;NULL;NULL;NULL;NULL;NULL;NULL;NULL;NULL;NULL;NULL;NULL
*****761;30/12/2004;1;LEV;4/08/2024;10.5;4/09/2024;11;NULL;NULL;NULL;NULL;NULL;NULL;4/08/2024;4/09/2024;NULL
*****415;27/03/2009;1;LEV;5/05/2024;10.6;4/06/2024;11.2;4/08/2024;NULL;13/09/2024;NULL;NULL;NULL;5/05/2024;4/06/2024;NULL
*****928;16/12/1997;2;LEV;NULL;NULL;NULL;NULL;11/05/2024;NULL;24/06/2024;NULL;NULL;NULL;11/03/2024;NULL;NULL
*****329;16/07/2007;1;LEV;23/08/2024;10.1;23/09/2024;11;23/10/2024;10.5;23/11/2024;10;NULL;NULL;23/08/2024;23/09/2024;23/10/2024
*****212;11/06/2003;2;MOD;13/12/2024;9.7;13/01/2025;NULL;NULL;NULL;NULL;NULL;NULL;NULL;13/12/2024;9/10/2024;9/11/2024
*****830;15/10/1990;2;MOD;12/03/2025;9.8;12/04/2025;8.9;NULL;NULL;NULL;NULL;NULL;NULL;12/03/2025;12/04/2025;NULL
*****869;4/05/1993;2;LEV;15/11/2024;10.3;15/12/2024;10.8;NULL;NULL;3/03/2025;NULL;NULL;NULL;15/11/2024;15/12/2024;NULL
*****463;9/01/2010;2;LEV;NULL;NULL;NULL;NULL;NULL;NULL;7/10/2024;NULL;NULL;NULL;NULL;NULL;NULL
*****419;14/02/1991;1;MOD;17/11/2024;9.7;NULL;NULL;NULL;NULL;NULL;NULL;NULL;NULL;17/11/2024;NULL;NULL
*****985;22/11/1986;2;LEV;NULL;NULL;NULL;NULL;21/05/2024;12;3/07/2024;NULL;NULL;NULL;6/03/2024;NULL;NULL
*****723;24/12/1999;1;MOD;25/03/2025;9.5;25/04/2025;9.5;26/05/2025;10.8;NULL;NULL;NULL;NULL;25/03/2025;25/04/2025;26/05/2025
*****515;22/02/1995;2;NULL;NULL;NULL;NULL;NULL;NULL;NULL;NULL;NULL;NULL;NULL;NULL;NULL;NULL
*****992;17/06/1994;2;NULL;NULL;NULL;NULL;NULL;NULL;NULL;NULL;NULL;NULL;NULL;NULL;NULL;NULL
*****676;19/07/2005;2;LEV;18/03/2025;10;18/04/2025;10.5;18/05/2025;10.5;NULL;NULL;NULL;NULL;18/03/2025;18/04/2025;18/05/2025
*****887;15/09/2008;1;MOD;7/08/2024;9.8;7/11/2024;NULL;NULL;NULL;16/11/2024;NULL;NULL;NULL;NULL;NULL;NULL
*****709;13/04/1993;2;LEV;6/07/2024;10.5;NULL;NULL;NULL;NULL;NULL;NULL;NULL;NULL;6/07/2024;NULL;NULL
*****219;4/10/1997;2;LEV;NULL;NULL;NULL;NULL;NULL;NULL;NULL;NULL;NULL;NULL;NULL;NULL;NULL
*****410;5/09/1989;1;LEV;NULL;NULL;NULL;NULL;NULL;NULL;23/05/2024;12.1;NULL;NULL;NULL;NULL;NULL
*****043;18/08/1991;2;LEV;25/02/2024;NULL;NULL;NULL;NULL;NULL;NULL;NULL;NULL;NULL;NULL;NULL;NULL
*****983;7/09/1985;2;NULL;NULL;NULL;NULL;NULL;NULL;NULL;NULL;NULL;NULL;NULL;NULL;NULL;NULL
*****654;28/07/1987;2;LEV;NULL;NULL;NULL;NULL;NULL;NULL;NULL;NULL;NULL;NULL;NULL;NULL;NULL
*****257;24/05/2000;2;MOD;NULL;NULL;NULL;NULL;NULL;NULL;NULL;NULL;NULL;NULL;NULL;NULL;NULL
*****085;13/10/1981;2;LEV;NULL;NULL;NULL;NULL;NULL;NULL;NULL;NULL;NULL;NULL;NULL;NULL;NULL
*****963;12/03/2007;2;LEV;9/08/2024;10;NULL;NULL;21/11/2024;10.3;NULL;NULL;NULL;NULL;9/08/2024;NULL;NULL
*****086;9/03/2003;2;LEV;NULL;NULL;NULL;NULL;NULL;NULL;NULL;NULL;NULL;NULL;NULL;NULL;NULL
*****968;4/03/2006;2;NULL;11/12/2024;NULL;NULL;NULL;NULL;NULL;NULL;NULL;NULL;NULL;NULL;NULL;NULL
*****275;17/08/1991;2;LEV;NULL;NULL;NULL;NULL;NULL;NULL;NULL;NULL;NULL;NULL;NULL;NULL;NULL
*****241;20/10/2000;2;MOD;NULL;NULL;NULL;NULL;NULL;NULL;NULL;NULL;NULL;NULL;NULL;NULL;NULL
*****387;3/01/1993;2;LEV;NULL;NULL;NULL;NULL;NULL;NULL;NULL;NULL;NULL;NULL;NULL;NULL;NULL
*****830;18/02/2000;2;LEV;NULL;NULL;NULL;NULL;NULL;NULL;NULL;NULL;NULL;NULL;NULL;NULL;NULL
*****554;30/08/1994;2;LEV;8/04/2025;9.8;NULL;NULL;NULL;NULL;NULL;NULL;NULL;NULL;8/04/2025;NULL;NULL
*****561;23/11/2004;2;NULL;NULL;NULL;NULL;NULL;NULL;NULL;NULL;NULL;NULL;NULL;NULL;NULL;NULL
*****726;8/02/2007;2;MOD;NULL;NULL;NULL;NULL;NULL;NULL;NULL;NULL;NULL;NULL;NULL;NULL;NULL
*****297;9/09/2009;1;LEV;30/09/2024;9.9;30/10/2024;9.9;NULL;NULL;NULL;NULL;NULL;NULL;30/09/2024;30/10/2024;NULL
*****823;25/04/2001;2;MOD;NULL;NULL;NULL;NULL;NULL;NULL;NULL;NULL;NULL;NULL;NULL;NULL;NULL
*****553;23/12/2004;2;LEV;NULL;NULL;NULL;NULL;NULL;NULL;NULL;NULL;NULL;NULL;NULL;NULL;NULL
*****690;29/03/1997;2;MOD;NULL;NULL;NULL;NULL;NULL;NULL;NULL;NULL;NULL;NULL;NULL;NULL;NULL
*****512;29/07/1999;2;LEV;NULL;NULL;NULL;NULL;NULL;NULL;NULL;NULL;NULL;NULL;NULL;NULL;NULL
*****152;23/01/2005;2;MOD;NULL;NULL;NULL;NULL;11/10/2024;10.9;NULL;NULL;NULL;NULL;NULL;NULL;NULL
*****336;30/01/1997;2;NULL;NULL;NULL;NULL;NULL;NULL;NULL;NULL;NULL;NULL;NULL;NULL;NULL;NULL
*****626;11/08/2003;2;LEV;NULL;NULL;NULL;NULL;NULL;NULL;NULL;NULL;NULL;NULL;NULL;NULL;NULL
*****622;2/10/2003;2;MOD;8/04/2024;NULL;NULL;NULL;NULL;NULL;NULL;NULL;NULL;NULL;NULL;NULL;NULL
*****707;3/10/1988;1;NULL;NULL;NULL;NULL;NULL;NULL;NULL;NULL;NULL;NULL;NULL;NULL;NULL;NULL
*****549;4/04/1991;2;MOD;NULL;NULL;NULL;NULL;NULL;NULL;NULL;NULL;NULL;NULL;26/12/2024;NULL;NULL
*****347;16/10/1993;2;MOD;18/01/2024;9.6;NULL;NULL;NULL;NULL;NULL;NULL;NULL;NULL;18/01/2024;NULL;NULL
*****800;9/07/1994;2;LEV;NULL;NULL;NULL;NULL;NULL;NULL;NULL;NULL;NULL;NULL;NULL;NULL;NULL
*****841;20/01/1998;2;LEV;NULL;NULL;NULL;NULL;NULL;NULL;NULL;NULL;NULL;NULL;27/03/2025;NULL;NULL
*****477;9/08/2003;2;MOD;NULL;NULL;NULL;NULL;NULL;NULL;NULL;NULL;NULL;NULL;NULL;NULL;NULL
*****378;28/11/2003;2;LEV;NULL;NULL;NULL;NULL;NULL;NULL;NULL;NULL;NULL;NULL;NULL;NULL;NULL
*****595;6/05/1999;2;NULL;NULL;NULL;NULL;NULL;NULL;NULL;NULL;NULL;NULL;NULL;NULL;NULL;NULL
*****227;30/09/2004;2;MOD;NULL;NULL;NULL;NULL;NULL;NULL;NULL;NULL;NULL;NULL;NULL;NULL;NULL
*****485;14/11/1999;2;MOD;NULL;NULL;NULL;NULL;NULL;NULL;NULL;NULL;NULL;NULL;NULL;NULL;NULL
*****437;21/12/2002;2;LEV;NULL;NULL;NULL;NULL;NULL;NULL;5/11/2024;13.1;NULL;NULL;NULL;NULL;NULL
*****772;23/01/1990;2;NULL;NULL;NULL;NULL;NULL;NULL;NULL;NULL;NULL;NULL;NULL;NULL;NULL;NULL
*****218;10/01/1990;2;MOD;NULL;NULL;NULL;NULL;NULL;NULL;NULL;NULL;NULL;NULL;NULL;NULL;NULL
*****818;8/12/1992;2;LEV;NULL;NULL;NULL;NULL;NULL;NULL;NULL;NULL;NULL;NULL;NULL;NULL;NULL
*****392;13/09/2008;2;LEV;25/08/2024;NULL;NULL;NULL;NULL;NULL;NULL;NULL;NULL;NULL;NULL;NULL;NULL
*****444;15/09/1993;2;LEV;NULL;NULL;NULL;NULL;NULL;NULL;NULL;NULL;NULL;NULL;24/03/2025;22/04/2025;22/05/2025
*****123;14/12/2006;2;MOD;NULL;NULL;NULL;NULL;NULL;NULL;NULL;NULL;NULL;NULL;NULL;NULL;NULL
*****262;1/09/1997;2;LEV;18/10/2023;NULL;NULL;NULL;NULL;NULL;NULL;NULL;NULL;NULL;NULL;NULL;NULL
*****002;3/05/2004;2;MOD;NULL;NULL;NULL;NULL;NULL;NULL;NULL;NULL;NULL;NULL;NULL;NULL;NULL
*****188;9/01/2005;2;LEV;NULL;NULL;NULL;NULL;NULL;NULL;NULL;NULL;NULL;NULL;NULL;NULL;NULL
*****914;25/07/1996;1;NULL;NULL;NULL;NULL;NULL;NULL;NULL;NULL;NULL;NULL;NULL;NULL;NULL;NULL
*****469;19/02/2002;2;LEV;17/04/2025;10;NULL;NULL;NULL;NULL;NULL;NULL;NULL;NULL;17/04/2025;NULL;NULL
*****850;29/09/1998;10;NULL;NULL;NULL;NULL;NULL;NULL;NULL;NULL;NULL;NULL;NULL;NULL;NULL;NULL
*****304;27/08/1988;2;LEV;NULL;NULL;NULL;NULL;NULL;NULL;NULL;NULL;NULL;NULL;NULL;NULL;NULL
*****751;20/05/1984;2;NULL;NULL;NULL;NULL;NULL;6/03/2025;11;NULL;NULL;NULL;NULL;NULL;NULL;NULL
*****808;21/11/1992;2;LEV;NULL;NULL;NULL;NULL;NULL;NULL;NULL;NULL;NULL;NULL;NULL;NULL;NULL
*****027;3/05/1992;2;LEV;19/05/2025;9.5;NULL;NULL;NULL;NULL;NULL;NULL;NULL;NULL;19/05/2025;NULL;NULL
*****458;25/11/2007;10;LEV;NULL;NULL;NULL;NULL;NULL;NULL;NULL;NULL;NULL;NULL;NULL;NULL;NULL
*****761;9/08/2004;2;LEV;19/08/2024;11.3;NULL;NULL;17/12/2024;11.4;NULL;NULL;NULL;NULL;19/08/2024;NULL;NULL
*****170;25/04/2003;2;LEV;NULL;NULL;NULL;NULL;14/06/2024;11.7;NULL;NULL;NULL;NULL;NULL;NULL;NULL
*****307;28/03/1991;2;LEV;NULL;NULL;NULL;NULL;NULL;NULL;NULL;NULL;NULL;NULL;NULL;NULL;NULL
*****918;21/05/1993;2;LEV;NULL;NULL;NULL;NULL;NULL;NULL;NULL;NULL;NULL;NULL;NULL;NULL;NULL
*****427;19/11/1999;2;MOD;27/04/2024;NULL;NULL;NULL;NULL;NULL;NULL;NULL;NULL;NULL;NULL;NULL;NULL
*****086;30/09/1994;2;NULL;NULL;NULL;NULL;NULL;NULL;NULL;NULL;NULL;NULL;NULL;NULL;NULL;NULL
*****928;26/09/2003;2;MOD;NULL;NULL;NULL;NULL;NULL;NULL;NULL;NULL;NULL;NULL;NULL;NULL;NULL
*****549;12/01/2004;2;MOD;NULL;NULL;NULL;NULL;NULL;NULL;NULL;NULL;NULL;NULL;NULL;NULL;NULL
*****565;8/06/1998;2;MOD;NULL;NULL;NULL;NULL;NULL;NULL;NULL;NULL;NULL;NULL;NULL;NULL;NULL
*****607;7/07/2001;2;MOD;NULL;NULL;NULL;NULL;NULL;NULL;NULL;NULL;NULL;NULL;NULL;NULL;NULL
*****985;14/03/1991;1;SEV;30/04/2024;NULL;NULL;NULL;NULL;NULL;NULL;NULL;NULL;NULL;30/04/2024;NULL;NULL
*****545;20/07/2007;2;MOD;10/05/2025;9.2;NULL;NULL;NULL;NULL;NULL;NULL;NULL;NULL;10/05/2025;NULL;NULL
*****165;31/08/2004;1;LEV;5/09/2024;10.8;NULL;NULL;NULL;NULL;NULL;NULL;NULL;NULL;5/09/2024;NULL;NULL
*****011;20/06/2010;2;LEV;6/02/2025;9.7;NULL;NULL;19/05/2025;NULL;NULL;NULL;NULL;NULL;6/02/2025;NULL;NULL
*****370;22/09/2008;2;LEV;17/02/2025;9.7;NULL;NULL;NULL;NULL;NULL;NULL;NULL;NULL;17/02/2025;15/03/2025;14/04/2025
*****058;4/05/2007;2;MOD;25/03/2025;9.3;18/05/2025;NULL;NULL;NULL;NULL;NULL;NULL;NULL;25/03/2025;18/05/2025;NULL
*****700;16/08/2004;2;MOD;19/05/2025;9.9;NULL;NULL;NULL;NULL;NULL;NULL;NULL;NULL;19/05/2025;NULL;NULL
*****030;18/11/1996;2;LEV;24/10/2024;10.4;NULL;NULL;NULL;NULL;NULL;NULL;NULL;NULL;24/10/2024;NULL;NULL
*****912;3/02/1996;2;MOD;6/10/2024;9.4;NULL;NULL;NULL;NULL;NULL;NULL;NULL;NULL;6/10/2024;NULL;NULL
*****735;22/09/1988;2;MOD;8/01/2024;8.8;NULL;NULL;NULL;NULL;NULL;NULL;NULL;NULL;8/01/2024;NULL;NULL
*****242;11/12/2006;2;LEV;6/11/2024;9.6;4/12/2024;9.6;NULL;NULL;NULL;NULL;NULL;NULL;4/11/2024;4/12/2024;NULL
*****508;1/08/1990;2;MOD;1/02/2024;NULL;2/03/2024;NULL;1/04/2024;NULL;NULL;NULL;NULL;NULL;1/02/2024;2/03/2024;NULL
*****854;29/01/1994;1;MOD;NULL;NULL;NULL;NULL;NULL;NULL;NULL;NULL;NULL;NULL;NULL;NULL;NULL
*****300;12/05/1995;2;LEV;10/02/2024;NULL;10/03/2024;NULL;10/04/2024;NULL;NULL;NULL;NULL;NULL;10/02/2024;10/03/2024;10/04/2024
*****676;13/05/1986;1;NULL;NULL;NULL;NULL;NULL;NULL;NULL;NULL;NULL;NULL;NULL;NULL;NULL;NULL
*****787;22/02/2005;2;MOD;6/02/2024;NULL;6/03/2024;NULL;7/04/2024;NULL;6/05/2024;NULL;NULL;NULL;6/02/2024;6/03/2024;7/04/2024
*****112;12/07/2007;2;LEV;10/05/2025;10;NULL;NULL;NULL;NULL;NULL;NULL;NULL;NULL;10/05/2025;NULL;NULL
*****258;20/05/1991;2;MOD;NULL;NULL;1/09/2024;8.4;1/10/2024;9.8;1/11/2024;12.1;8/12/2024;12.1;NULL;NULL;NULL
*****543;2/03/1992;1;LEV;3/07/2024;10.8;3/08/2024;10.9;3/09/2024;12.3;14/11/2024;12.5;NULL;NULL;3/07/2024;NULL;NULL
*****367;25/12/1999;2;LEV;15/05/2025;11;NULL;NULL;NULL;NULL;NULL;NULL;NULL;NULL;15/05/2025;NULL;NULL
*****610;13/10/2006;2;LEV;31/07/2024;10.4;NULL;NULL;NULL;NULL;NULL;NULL;NULL;NULL;31/07/2024;27/08/2024;NULL
*****080;4/11/2009;2;LEV;NULL;NULL;25/02/2025;10.9;NULL;NULL;NULL;NULL;NULL;NULL;25/12/2024;25/01/2025;NULL
*****086;25/02/2010;1;LEV;NULL;NULL;29/03/2025;10.9;NULL;NULL;NULL;NULL;NULL;NULL;NULL;NULL;NULL
*****875;2/03/2008;2;LEV;17/01/2025;11.3;17/03/2025;11.6;NULL;NULL;17/04/2025;12;17/05/2025;NULL;17/01/2025;17/02/2025;17/03/2025
*****639;16/11/1994;2;LEV;20/03/2025;10.9;NULL;NULL;20/05/2025;10.9;NULL;NULL;NULL;NULL;20/03/2025;20/04/2025;NULL
*****569;12/05/2000;2;LEV;17/03/2025;10.8;NULL;NULL;NULL;NULL;NULL;NULL;NULL;NULL;17/03/2025;17/04/2025;17/05/2025
*****306;6/03/1993;2;LEV;2/08/2024;10.6;NULL;NULL;NULL;NULL;NULL;NULL;NULL;NULL;2/08/2024;NULL;NULL
*****474;18/10/2000;2;LEV;11/06/2024;10.5;NULL;NULL;NULL;NULL;NULL;NULL;NULL;NULL;11/06/2024;11/07/2024;11/08/2024
*****897;4/02/2001;2;LEV;4/09/2024;10.8;NULL;NULL;NULL;NULL;NULL;NULL;NULL;NULL;4/09/2024;4/10/2024;4/11/2024
*****001;8/12/1988;2;LEV;24/10/2024;10;NULL;NULL;NULL;NULL;24/01/2025;9.1;24/02/2025;10.7;NULL;NULL;NULL
*****733;11/01/2004;2;LEV;NULL;NULL;NULL;NULL;24/08/2024;NULL;NULL;NULL;NULL;NULL;NULL;NULL;NULL
*****995;31/01/1995;2;MOD;NULL;NULL;NULL;NULL;NULL;NULL;NULL;NULL;NULL;NULL;NULL;NULL;NULL
*****751;18/04/1994;2;LEV;12/11/2023;9.6;NULL;NULL;NULL;NULL;NULL;NULL;NULL;NULL;12/11/2023;NULL;NULL
*****550;10/10/1996;1;LEV;14/03/2024;10.6;14/04/2024;NULL;14/05/2024;NULL;14/06/2024;NULL;14/07/2024;10.6;14/03/2024;14/04/2024;14/05/2024
*****447;10/09/1998;10;MOD;NULL;NULL;NULL;NULL;NULL;NULL;NULL;NULL;NULL;NULL;NULL;NULL;NULL
*****756;3/12/2006;2;LEV;12/12/2023;10.6;NULL;NULL;12/02/2024;NULL;19/04/2024;NULL;NULL;NULL;12/12/2023;NULL;NULL
*****658;4/10/2004;2;LEV;4/11/2023;10.7;NULL;NULL;NULL;NULL;NULL;NULL;NULL;NULL;4/11/2023;4/01/2024;NULL
*****755;16/11/2000;2;LEV;15/10/2023;10.9;NULL;NULL;NULL;NULL;NULL;NULL;NULL;NULL;15/10/2023;12/11/2023;12/12/2023
*****687;15/12/2003;2;LEV;27/04/2025;10.7;27/05/2025;10.7;NULL;NULL;NULL;NULL;NULL;NULL;NULL;NULL;NULL
*****289;29/07/2001;2;MOD;NULL;NULL;NULL;NULL;NULL;NULL;NULL;NULL;NULL;NULL;13/04/2025;NULL;NULL
*****882;19/08/1997;1;MOD;NULL;NULL;NULL;NULL;NULL;NULL;NULL;NULL;NULL;NULL;NULL;NULL;NULL
*****671;2/03/1987;2;LEV;25/10/2023;10.5;16/02/2024;NULL;NULL;NULL;NULL;NULL;NULL;NULL;25/10/2023;25/12/2023;25/01/2024
*****596;21/07/2005;1;LEV;7/07/2024;10.9;NULL;NULL;NULL;NULL;NULL;NULL;NULL;NULL;7/07/2024;NULL;NULL
*****921;19/06/1983;2;MOD;10/03/2025;9.8;10/04/2025;10.8;10/05/2025;11.5;NULL;NULL;NULL;NULL;10/03/2025;10/04/2025;10/05/2025
*****639;8/05/1997;2;MOD;9/02/2025;10.5;NULL;NULL;NULL;NULL;NULL;NULL;NULL;NULL;NULL;NULL;NULL
*****547;17/04/1987;1;LEV;10/07/2024;10.5;NULL;NULL;NULL;NULL;NULL;NULL;NULL;NULL;10/07/2024;NULL;NULL
*****574;15/01/1996;2;LEV;23/03/2025;10.8;NULL;NULL;NULL;NULL;NULL;NULL;NULL;NULL;23/03/2025;NULL;NULL
*****009;4/07/2004;2;LEV;10/02/2025;10.8;NULL;NULL;NULL;NULL;NULL;NULL;NULL;NULL;10/02/2025;10/03/2025;10/04/2025
*****289;27/11/1986;2;LEV;14/03/2025;10.2;17/04/2025;10.8;NULL;NULL;NULL;NULL;NULL;NULL;14/03/2025;17/04/2025;NULL
*****148;23/09/1984;2;LEV;13/01/2025;10.8;13/02/2025;11;15/04/2025;NULL;NULL;NULL;NULL;NULL;13/01/2025;13/02/2025;13/03/2025
*****062;7/05/1985;2;LEV;18/05/2025;10.2;NULL;NULL;NULL;NULL;NULL;NULL;NULL;NULL;18/05/2025;NULL;NULL
*****004;29/11/1994;2;LEV;17/06/2024;10.5;NULL;NULL;NULL;NULL;NULL;NULL;NULL;NULL;17/06/2024;NULL;NULL
*****623;21/08/2003;2;LEV;10/06/2024;10.9;NULL;NULL;NULL;NULL;NULL;NULL;NULL;NULL;10/06/2024;NULL;NULL
*****648;1/03/1988;2;MOD;20/04/2024;8.5;NULL;NULL;16/07/2024;NULL;NULL;NULL;NULL;NULL;20/04/2024;20/05/2024;20/06/2024
*****369;13/04/2007;2;LEV;NULL;NULL;4/06/2024;NULL;28/06/2024;NULL;NULL;NULL;NULL;NULL;NULL;NULL;NULL
*****626;3/04/1999;2;LEV;19/12/2023;9.9;NULL;NULL;NULL;NULL;NULL;NULL;NULL;NULL;19/12/2023;NULL;NULL
*****773;10/12/1996;2;LEV;10/04/2024;10.5;NULL;NULL;NULL;NULL;NULL;NULL;NULL;NULL;10/04/2024;10/06/2024;NULL
*****741;2/12/1996;2;LEV;10/02/2024;9.6;NULL;NULL;NULL;NULL;NULL;NULL;NULL;NULL;10/02/2024;NULL;NULL
*****913;24/05/1996;2;LEV;10/12/2023;10.3;25/03/2024;NULL;27/03/2024;NULL;NULL;NULL;NULL;NULL;10/12/2023;10/01/2024;10/02/2024
*****950;22/05/2004;2;LEV;10/12/2023;10.8;NULL;NULL;NULL;NULL;NULL;NULL;NULL;NULL;10/12/2023;10/01/2024;NULL
*****387;27/01/2008;2;NULL;18/01/2024;NULL;NULL;NULL;NULL;NULL;NULL;NULL;NULL;NULL;NULL;NULL;NULL
*****644;18/06/2007;1;LEV;9/01/2025;10.9;NULL;NULL;NULL;NULL;NULL;NULL;NULL;NULL;9/01/2025;6/02/2025;6/03/2025
*****852;20/04/2002;2;LEV;1/12/2023;10.8;NULL;NULL;NULL;NULL;NULL;NULL;NULL;NULL;1/12/2023;1/01/2024;1/02/2024
*****478;12/05/1996;2;LEV;13/10/2023;10.5;NULL;NULL;NULL;NULL;NULL;NULL;NULL;NULL;13/10/2023;13/11/2023;13/01/2024
*****019;28/07/1997;2;LEV;12/07/2024;10.8;NULL;NULL;NULL;NULL;NULL;NULL;NULL;NULL;12/07/2024;NULL;NULL
*****410;27/01/2005;2;LEV;10/10/2023;10.8;NULL;NULL;NULL;NULL;NULL;NULL;NULL;NULL;10/10/2023;NULL;NULL
*****318;20/06/1982;2;LEV;12/07/2024;10.5;NULL;NULL;NULL;NULL;NULL;NULL;NULL;NULL;12/07/2024;NULL;NULL
*****101;4/08/2009;2;MOD;20/10/2023;9.5;NULL;NULL;25/12/2023;NULL;NULL;NULL;NULL;NULL;20/10/2023;22/11/2023;NULL
*****936;28/01/2000;2;LEV;12/07/2024;10;NULL;NULL;NULL;NULL;NULL;NULL;NULL;NULL;12/07/2024;NULL;NULL
*****172;7/08/1990;2;LEV;7/01/2024;10.8;NULL;NULL;NULL;NULL;NULL;NULL;NULL;NULL;7/01/2024;NULL;NULL
*****838;7/11/2003;2;LEV;24/11/2023;10.8;NULL;NULL;NULL;NULL;NULL;NULL;NULL;NULL;24/11/2023;NULL;NULL
*****601;3/12/2004;2;MOD;15/08/2024;9.5;NULL;NULL;NULL;NULL;NULL;NULL;NULL;NULL;15/08/2024;NULL;NULL
*****413;20/06/2000;2;LEV;9/10/2023;10.6;NULL;NULL;NULL;NULL;NULL;NULL;NULL;NULL;9/10/2023;9/12/2023;NULL
*****750;16/12/2001;2;LEV;5/09/2024;10.2;5/11/2024;9;NULL;NULL;NULL;NULL;NULL;NULL;5/09/2024;5/11/2024;NULL
*****901;30/11/2001;2;MOD;NULL;NULL;NULL;NULL;NULL;NULL;NULL;NULL;NULL;NULL;NULL;NULL;NULL
*****740;15/05/1987;1;LEV;NULL;NULL;16/07/2024;10.5;NULL;NULL;NULL;NULL;NULL;NULL;NULL;NULL;NULL
*****151;29/03/2005;2;MOD;NULL;NULL;NULL;NULL;NULL;NULL;NULL;NULL;NULL;NULL;NULL;NULL;NULL
*****024;3/05/1990;2;LEV;5/07/2024;9.8;NULL;NULL;30/10/2024;NULL;NULL;NULL;NULL;NULL;5/07/2024;5/08/2024;5/09/2024
*****341;5/05/1995;1;MOD;10/07/2024;9;NULL;NULL;NULL;NULL;NULL;NULL;NULL;NULL;10/07/2024;10/10/2024;10/11/2024
*****689;11/07/2004;2;LEV;NULL;NULL;5/07/2024;10.8;28/07/2024;NULL;NULL;NULL;NULL;NULL;NULL;NULL;NULL
*****859;8/07/2002;2;LEV;16/05/2025;10.5;NULL;NULL;NULL;NULL;NULL;NULL;NULL;NULL;16/05/2025;NULL;NULL
*****536;5/06/1992;2;LEV;16/05/2024;9.2;16/06/2024;9;NULL;NULL;NULL;NULL;NULL;NULL;16/05/2024;16/08/2024;16/09/2024
*****393;25/10/2001;2;LEV;NULL;NULL;NULL;NULL;28/02/2024;NULL;NULL;NULL;NULL;NULL;16/11/2023;NULL;NULL
*****220;4/07/2005;2;MOD;NULL;NULL;10/05/2025;10.4;NULL;NULL;NULL;NULL;NULL;NULL;10/02/2025;10/03/2025;10/04/2025
*****243;12/07/2005;2;LEV;5/04/2024;10;20/06/2024;NULL;24/06/2024;NULL;NULL;NULL;NULL;NULL;5/04/2024;NULL;NULL
*****964;3/04/1984;2;MOD;8/05/2025;9.1;NULL;NULL;NULL;NULL;NULL;NULL;NULL;NULL;8/05/2025;NULL;NULL
*****694;4/02/1995;1;LEV;8/04/2025;NULL;8/05/2025;NULL;NULL;NULL;NULL;NULL;NULL;NULL;8/04/2025;8/05/2025;NULL
*****428;8/05/2005;1;LEV;1/05/2024;10.4;23/08/2024;11;1/07/2024;NULL;1/08/2024;NULL;NULL;NULL;1/05/2024;NULL;NULL
*****261;10/04/2002;2;LEV;10/05/2025;10.2;NULL;NULL;NULL;NULL;NULL;NULL;NULL;NULL;10/05/2025;NULL;NULL
*****642;6/02/1992;2;LEV;7/05/2025;10.1;NULL;NULL;NULL;NULL;NULL;NULL;NULL;NULL;7/05/2025;NULL;NULL
*****090;20/05/2005;1;LEV;17/06/2024;NULL;20/07/2024;10.9;16/09/2024;11;2/11/2024;NULL;NULL;NULL;17/06/2024;20/07/2024;24/08/2024
*****982;21/07/1984;1;LEV;9/05/2025;NULL;NULL;NULL;NULL;NULL;NULL;NULL;NULL;NULL;9/05/2025;NULL;NULL
*****141;15/11/1996;1;LEV;16/04/2025;10.1;16/05/2025;10.4;NULL;NULL;NULL;NULL;NULL;NULL;16/04/2025;16/05/2025;NULL
*****759;27/01/2003;1;MOD;19/12/2023;NULL;NULL;NULL;NULL;NULL;23/04/2024;NULL;NULL;NULL;19/12/2023;NULL;NULL
*****828;24/01/2008;1;MOD;3/05/2025;NULL;NULL;NULL;NULL;NULL;NULL;NULL;NULL;NULL;3/05/2025;NULL;NULL
*****018;7/01/2007;1;MOD;9/04/2025;NULL;9/05/2025;NULL;NULL;NULL;NULL;NULL;NULL;NULL;9/04/2025;9/05/2025;NULL
*****804;12/01/1998;2;MOD;10/12/2023;NULL;10/01/2024;NULL;NULL;NULL;1/04/2024;NULL;NULL;NULL;10/12/2023;NULL;NULL
*****845;22/06/2003;2;LEV;4/11/2024;NULL;NULL;NULL;NULL;NULL;NULL;NULL;NULL;NULL;4/11/2024;NULL;NULL
*****239;9/07/1986;2;LEV;22/10/2023;NULL;NULL;NULL;8/01/2024;NULL;5/02/2024;NULL;16/05/2024;NULL;22/10/2023;5/12/2023;8/01/2024
*****964;11/05/2003;2;LEV;NULL;NULL;NULL;NULL;NULL;NULL;NULL;NULL;NULL;NULL;NULL;NULL;NULL
*****757;28/06/2007;2;MOD;23/01/2024;NULL;NULL;NULL;7/04/2024;NULL;6/06/2024;NULL;NULL;NULL;23/01/2024;23/02/2024;7/04/2024
*****781;26/03/1985;1;LEV;10/09/2024;NULL;10/10/2024;NULL;NULL;NULL;9/12/2024;NULL;NULL;NULL;10/09/2024;10/10/2024;NULL
*****223;12/03/2002;2;LEV;10/11/2023;NULL;NULL;NULL;NULL;NULL;NULL;NULL;10/05/2024;NULL;10/11/2023;10/12/2023;17/03/2024
*****474;27/07/2007;2;MOD;NULL;NULL;NULL;NULL;NULL;NULL;NULL;NULL;NULL;NULL;22/10/2023;11/11/2023;NULL
*****966;25/06/2005;1;LEV;18/11/2024;NULL;18/12/2024;NULL;18/01/2025;NULL;NULL;NULL;NULL;NULL;18/11/2024;18/12/2024;18/01/2025
*****095;31/08/2007;2;LEV;22/10/2023;NULL;23/01/2024;NULL;NULL;NULL;NULL;NULL;NULL;NULL;22/10/2023;23/11/2023;NULL
*****425;23/04/1994;2;LEV;18/10/2024;10.2;18/12/2024;10.8;18/12/2024;NULL;18/01/2025;NULL;18/02/2025;NULL;18/10/2024;18/11/2024;18/12/2024
*****461;21/10/1993;2;MOD;NULL;NULL;NULL;NULL;NULL;NULL;NULL;NULL;NULL;NULL;18/10/2023;NULL;NULL
*****372;2/02/1979;2;LEV;9/05/2025;10.8;NULL;NULL;NULL;NULL;NULL;NULL;NULL;NULL;9/05/2025;NULL;NULL
*****760;4/02/1994;1;LEV;10/04/2024;NULL;10/05/2024;NULL;NULL;NULL;10/07/2024;NULL;15/10/2024;NULL;10/04/2024;10/05/2024;NULL
*****147;7/03/2005;1;MOD;10/04/2024;NULL;10/05/2024;NULL;18/06/2024;10.5;10/08/2024;NULL;NULL;NULL;10/04/2024;10/05/2024;NULL
*****101;1/08/2001;2;MOD;10/04/2024;NULL;10/05/2024;NULL;18/06/2024;NULL;10/08/2024;NULL;NULL;NULL;10/04/2024;10/05/2024;18/06/2024
*****813;5/04/1988;2;LEV;1/11/2023;NULL;12/01/2024;NULL;NULL;NULL;NULL;NULL;NULL;NULL;1/11/2023;NULL;NULL
*****002;16/11/2006;2;MOD;19/12/2024;9.9;19/01/2025;NULL;19/02/2025;NULL;21/04/2025;NULL;NULL;NULL;19/12/2024;19/01/2025;19/02/2025
*****058;23/07/2007;1;MOD;3/06/2024;9.7;3/09/2024;9.3;3/08/2024;NULL;3/09/2024;NULL;3/10/2024;NULL;3/06/2024;3/07/2024;3/08/2024
*****856;12/06/2003;2;LEV;11/10/2023;NULL;10/11/2023;NULL;NULL;NULL;NULL;NULL;11/02/2024;NULL;11/10/2023;10/11/2023;NULL
*****108;21/10/2009;1;LEV;8/03/2024;NULL;NULL;NULL;NULL;NULL;NULL;NULL;NULL;NULL;8/03/2024;NULL;NULL
*****132;16/08/2002;2;LEV;NULL;NULL;NULL;NULL;NULL;NULL;NULL;NULL;NULL;NULL;11/11/2023;NULL;NULL
*****950;9/02/1987;1;LEV;3/03/2025;NULL;1/04/2025;NULL;NULL;NULL;NULL;NULL;NULL;NULL;3/03/2025;1/04/2025;NULL
*****296;19/03/1993;1;LEV;17/07/2024;NULL;NULL;NULL;NULL;NULL;10/11/2024;NULL;NULL;NULL;17/07/2024;NULL;NULL
*****433;7/07/2004;2;LEV;10/12/2023;NULL;NULL;NULL;NULL;NULL;NULL;NULL;NULL;NULL;10/12/2023;NULL;NULL
*****947;20/03/1986;1;LEV;8/08/2024;NULL;NULL;NULL;NULL;NULL;NULL;NULL;NULL;NULL;8/08/2024;NULL;NULL
*****135;6/04/1996;2;MOD;NULL;NULL;9/12/2023;NULL;9/02/2024;NULL;12/03/2024;NULL;NULL;NULL;9/11/2023;NULL;NULL
*****420;15/03/1987;1;LEV;18/01/2025;NULL;18/02/2025;NULL;20/04/2025;10.4;20/04/2025;NULL;NULL;NULL;18/01/2025;18/02/2025;NULL
*****974;1/08/2006;1;LEV;15/02/2025;10.5;17/03/2025;NULL;17/04/2025;NULL;NULL;NULL;NULL;NULL;15/02/2025;17/03/2025;17/04/2025
*****152;2/11/2000;1;MOD;16/03/2024;NULL;16/04/2024;NULL;16/05/2024;NULL;16/06/2024;NULL;16/07/2024;NULL;16/03/2024;16/04/2024;16/05/2024
*****789;25/09/1994;2;LEV;17/10/2024;10.9;17/01/2025;10.3;NULL;NULL;17/01/2025;NULL;NULL;NULL;17/10/2024;17/11/2024;NULL
*****039;26/03/2007;1;MOD;1/09/2024;9;1/11/2024;7;1/11/2024;NULL;5/01/2025;NULL;NULL;NULL;1/09/2024;1/10/2024;1/11/2024
*****859;20/10/2006;2;LEV;16/12/2023;NULL;NULL;NULL;NULL;NULL;NULL;NULL;NULL;NULL;16/12/2023;NULL;NULL
*****774;30/07/1999;1;LEV;15/10/2024;10;15/11/2024;NULL;15/12/2024;NULL;NULL;NULL;NULL;NULL;15/10/2024;15/11/2024;15/12/2024
*****374;24/03/1996;2;MOD;14/10/2024;9.6;14/11/2024;NULL;22/12/2024;NULL;NULL;NULL;NULL;NULL;14/10/2024;14/11/2024;22/12/2024
*****230;20/08/1985;1;MOD;11/04/2024;NULL;11/06/2024;NULL;NULL;NULL;11/07/2024;NULL;11/08/2024;NULL;11/04/2024;11/05/2024;NULL
*****532;15/04/1980;1;MOD;18/10/2024;NULL;18/11/2024;NULL;NULL;NULL;NULL;NULL;NULL;NULL;18/10/2024;18/11/2024;NULL
*****638;16/05/1988;1;LEV;16/07/2024;10.3;NULL;NULL;NULL;NULL;NULL;NULL;NULL;NULL;16/07/2024;NULL;NULL
*****493;2/08/2001;2;LEV;1/12/2023;NULL;NULL;NULL;NULL;NULL;1/03/2024;NULL;1/04/2024;NULL;1/12/2023;NULL;NULL
*****865;3/03/2004;2;LEV;8/11/2024;10.2;8/03/2025;11.2;8/01/2025;NULL;8/02/2025;NULL;8/03/2025;NULL;8/11/2024;8/12/2024;8/01/2025
*****804;18/09/1984;1;LEV;9/09/2024;10.3;9/10/2024;NULL;NULL;NULL;NULL;NULL;NULL;NULL;9/09/2024;9/10/2024;NULL
*****773;9/05/1997;2;LEV;20/10/2023;NULL;NULL;NULL;NULL;NULL;NULL;NULL;20/02/2024;NULL;20/10/2023;NULL;NULL
*****512;1/12/1970;1;LEV;17/07/2024;10.5;NULL;NULL;NULL;NULL;NULL;NULL;NULL;NULL;17/07/2024;NULL;NULL
*****098;7/02/1986;2;LEV;1/10/2024;10.7;1/11/2024;NULL;NULL;NULL;6/01/2025;NULL;NULL;NULL;1/10/2024;1/11/2024;NULL
*****945;23/06/1995;1;MOD;17/10/2024;NULL;NULL;NULL;NULL;NULL;NULL;NULL;NULL;NULL;17/10/2024;5/11/2024;NULL
*****944;7/11/2004;1;LEV;16/07/2024;10.7;NULL;NULL;NULL;NULL;NULL;NULL;NULL;NULL;16/07/2024;NULL;NULL
*****232;9/06/2005;1;LEV;7/09/2024;10.5;7/11/2024;NULL;7/12/2024;NULL;7/01/2025;NULL;7/02/2025;NULL;7/09/2024;7/10/2024;7/12/2024
*****900;12/06/2007;2;LEV;8/11/2023;NULL;NULL;NULL;NULL;NULL;NULL;NULL;8/04/2024;NULL;8/11/2023;NULL;NULL
*****922;24/03/2009;2;MOD;15/10/2024;8.8;15/01/2025;10.6;15/12/2024;NULL;15/01/2025;NULL;15/02/2025;NULL;15/10/2024;15/11/2024;15/12/2024
*****079;30/08/2004;1;MOD;14/10/2024;NULL;14/11/2024;NULL;14/12/2024;NULL;2/03/2025;NULL;NULL;NULL;14/10/2024;14/11/2024;14/12/2024
*****524;13/10/2003;1;LEV;14/09/2024;10.3;17/12/2024;11.4;17/11/2024;NULL;17/12/2024;NULL;17/01/2025;NULL;14/09/2024;14/10/2024;17/11/2024
*****408;13/07/2001;1;MOD;17/10/2024;NULL;17/11/2024;NULL;1/01/2025;11.2;3/02/2025;NULL;NULL;NULL;17/10/2024;17/11/2024;17/12/2024
*****773;4/09/1997;1;LEV;21/08/2024;10.7;NULL;NULL;NULL;NULL;NULL;NULL;NULL;NULL;21/08/2024;NULL;NULL
*****377;4/09/2009;1;MOD;19/04/2024;NULL;5/08/2024;12;NULL;NULL;8/09/2024;NULL;NULL;NULL;19/04/2024;NULL;NULL
*****983;17/03/1982;1;LEV;7/08/2024;10.8;NULL;NULL;NULL;NULL;NULL;NULL;NULL;NULL;7/08/2024;NULL;NULL
*****636;19/02/2002;2;LEV;NULL;NULL;1/12/2023;NULL;NULL;NULL;NULL;NULL;NULL;NULL;1/11/2023;1/12/2023;NULL
*****468;4/07/2000;2;LEV;NULL;NULL;NULL;NULL;NULL;NULL;NULL;NULL;NULL;NULL;NULL;NULL;NULL
*****670;9/05/1989;1;LEV;8/12/2024;NULL;8/01/2025;NULL;NULL;NULL;NULL;NULL;NULL;NULL;8/12/2024;8/01/2025;NULL
*****213;20/12/2003;2;LEV;1/12/2023;NULL;NULL;NULL;17/03/2024;NULL;10/03/2024;NULL;8/04/2024;NULL;1/12/2023;NULL;NULL
*****342;1/01/2004;1;LEV;11/05/2024;NULL;NULL;NULL;10/08/2024;NULL;NULL;NULL;10/09/2024;NULL;11/05/2024;1/06/2024;10/07/2024
*****869;5/10/1995;1;MOD;24/12/2024;NULL;24/01/2025;NULL;24/02/2025;11.8;25/03/2025;NULL;NULL;NULL;24/12/2024;24/01/2025;24/02/2025
*****189;28/07/1988;2;LEV;1/12/2023;NULL;2/03/2024;NULL;1/02/2024;NULL;2/03/2024;NULL;16/04/2024;NULL;1/12/2023;NULL;NULL
*****358;17/12/1998;1;LEV;14/10/2024;9.7;14/01/2025;11;14/12/2024;NULL;14/01/2025;NULL;14/02/2025;NULL;14/10/2024;14/11/2024;14/12/2024
*****146;6/04/1992;1;LEV;6/09/2024;NULL;6/10/2024;NULL;NULL;NULL;NULL;NULL;NULL;NULL;6/09/2024;6/10/2024;NULL
*****833;6/03/2004;1;LEV;8/07/2024;NULL;8/08/2024;NULL;9/09/2024;NULL;NULL;NULL;NULL;NULL;8/07/2024;8/08/2024;9/09/2024
*****090;3/02/2004;2;LEV;4/12/2023;NULL;5/02/2024;NULL;5/02/2024;NULL;6/03/2024;NULL;8/04/2024;NULL;4/12/2023;NULL;NULL
*****412;21/04/2004;1;LEV;19/08/2024;NULL;20/09/2024;NULL;NULL;NULL;NULL;NULL;NULL;NULL;19/08/2024;20/09/2024;NULL
*****275;5/04/2005;2;LEV;4/01/2024;NULL;28/02/2024;NULL;NULL;NULL;NULL;NULL;NULL;NULL;4/01/2024;28/02/2024;NULL
*****603;16/05/2005;2;LEV;NULL;NULL;19/02/2024;NULL;12/03/2024;10;18/04/2024;NULL;NULL;NULL;NULL;NULL;NULL
*****288;23/05/1995;2;LEV;19/11/2023;11.5;NULL;NULL;NULL;NULL;7/03/2024;NULL;NULL;NULL;19/11/2023;19/12/2023;19/01/2024
*****096;16/03/2001;2;LEV;7/03/2024;10.3;19/06/2024;10.9;7/05/2024;NULL;19/06/2024;NULL;19/07/2024;NULL;7/03/2024;NULL;NULL
*****665;9/04/2004;2;LEV;19/01/2024;10.3;NULL;NULL;NULL;NULL;NULL;NULL;NULL;NULL;19/01/2024;NULL;NULL
*****069;24/03/2007;2;MOD;7/03/2024;9.3;19/06/2024;9.7;7/05/2024;NULL;19/06/2024;NULL;19/07/2024;NULL;7/03/2024;NULL;NULL
*****731;16/05/1999;2;LEV;16/03/2024;NULL;NULL;NULL;NULL;NULL;9/07/2024;NULL;NULL;NULL;16/03/2024;NULL;NULL
*****374;3/01/1990;2;LEV;1/12/2023;10;15/02/2024;NULL;15/03/2024;NULL;NULL;NULL;NULL;NULL;1/12/2023;15/02/2024;15/03/2024
*****767;30/10/2006;2;LEV;5/05/2024;NULL;NULL;NULL;NULL;NULL;NULL;NULL;NULL;NULL;5/05/2024;NULL;NULL
*****545;15/02/2000;1;LEV;20/03/2024;10.5;NULL;NULL;8/07/2024;NULL;NULL;NULL;NULL;NULL;20/03/2024;NULL;NULL
*****520;27/07/2000;2;LEV;25/06/2024;10.3;NULL;NULL;NULL;NULL;NULL;NULL;NULL;NULL;25/06/2024;NULL;NULL
*****163;18/07/2005;2;LEV;20/01/2024;10.89;21/02/2024;NULL;NULL;NULL;NULL;NULL;NULL;NULL;20/01/2024;21/02/2024;NULL
*****947;5/05/1988;2;LEV;5/01/2025;NULL;5/02/2025;NULL;13/03/2025;NULL;NULL;NULL;NULL;NULL;5/01/2025;5/02/2025;13/03/2025
*****097;28/01/1999;2;LEV;7/05/2024;10.7;19/06/2024;NULL;19/07/2024;NULL;NULL;NULL;NULL;NULL;7/05/2024;19/06/2024;19/07/2024
*****757;12/07/2000;1;LEV;19/12/2024;NULL;19/01/2025;NULL;NULL;NULL;19/03/2025;NULL;NULL;NULL;19/12/2024;19/01/2025;19/03/2023
*****079;9/03/2011;2;LEV;12/04/2025;NULL;NULL;NULL;NULL;NULL;NULL;NULL;NULL;NULL;12/04/2025;NULL;NULL
*****549;28/02/2005;2;LEV;NULL;NULL;NULL;NULL;27/02/2025;NULL;28/03/2025;NULL;NULL;NULL;NULL;NULL;NULL
*****353;16/03/1993;2;LEV;23/01/2024;10.3;23/02/2024;NULL;30/03/2024;11.9;5/05/2024;NULL;NULL;NULL;23/01/2024;23/02/2024;23/03/2024
*****797;16/05/2005;2;LEV;5/02/2024;NULL;NULL;NULL;NULL;NULL;NULL;NULL;NULL;NULL;5/02/2024;NULL;NULL
*****671;17/06/2004;2;LEV;27/01/2024;10.6;NULL;NULL;NULL;NULL;NULL;NULL;NULL;NULL;27/01/2024;NULL;NULL
*****208;27/02/2009;2;LEV;14/03/2025;NULL;14/04/2025;NULL;NULL;NULL;NULL;NULL;NULL;NULL;14/03/2025;14/04/2025;NULL
*****253;14/08/2006;2;LEV;19/07/2024;NULL;NULL;NULL;NULL;NULL;7/11/2024;NULL;NULL;NULL;19/07/2024;NULL;NULL
*****912;1/10/2003;2;LEV;NULL;NULL;NULL;NULL;NULL;NULL;NULL;NULL;NULL;NULL;NULL;NULL;NULL
*****695;23/02/2004;2;LEV;NULL;NULL;NULL;NULL;NULL;NULL;NULL;NULL;NULL;NULL;NULL;NULL;NULL
*****730;4/04/2010;2;LEV;20/12/2024;NULL;20/03/2025;11;NULL;NULL;NULL;NULL;NULL;NULL;20/12/2024;20/01/2025;NULL
*****019;18/01/2010;2;LEV;2/05/2024;10.2;2/06/2024;NULL;NULL;NULL;NULL;NULL;NULL;NULL;2/05/2024;2/06/2024;NULL
*****561;19/09/2006;1;LEV;18/12/2024;NULL;18/01/2025;NULL;17/03/2025;11.6;2/05/2025;NULL;NULL;NULL;18/12/2024;18/01/2025;17/02/2025
*****684;30/10/2003;1;LEV;22/09/2024;10.9;22/12/2024;12.8;22/11/2024;NULL;22/12/2024;NULL;22/01/2025;NULL;22/09/2024;22/10/2024;22/11/2024
*****871;5/11/2003;1;LEV;11/01/2025;NULL;11/02/2025;NULL;17/03/2025;NULL;1/05/2025;NULL;NULL;NULL;11/01/2025;11/02/2025;17/03/2025
*****122;7/07/2011;2;LEV;20/04/2025;NULL;20/05/2025;NULL;NULL;NULL;NULL;NULL;NULL;NULL;20/04/2025;20/05/2025;NULL
*****078;13/06/2001;1;LEV;23/10/2024;10.6;23/11/2024;NULL;23/12/2024;NULL;23/01/2025;NULL;22/02/2025;NULL;23/10/2024;23/11/2024;23/12/2024
*****397;6/03/1988;2;LEV;17/12/2023;NULL;NULL;NULL;NULL;NULL;NULL;NULL;NULL;NULL;17/12/2023;NULL;NULL
*****822;29/06/1987;2;LEV;NULL;NULL;NULL;NULL;NULL;NULL;NULL;NULL;NULL;NULL;3/01/2024;NULL;NULL
*****125;15/03/2008;2;LEV;6/09/2024;10.9;7/10/2024;10.9;NULL;NULL;NULL;NULL;NULL;NULL;6/09/2024;7/10/2024;3/11/2024
*****309;25/10/2006;2;MOD;9/06/2024;9.9;17/09/2024;10;NULL;NULL;NULL;NULL;NULL;NULL;9/06/2024;9/07/2024;NULL
*****201;21/02/1994;1;MOD;6/09/2024;7.6;6/10/2024;7.6;NULL;NULL;1/01/2025;11.5;NULL;NULL;6/09/2024;6/10/2024;4/11/2024
*****421;20/01/2008;2;LEV;2/05/2025;10;NULL;NULL;NULL;NULL;NULL;NULL;NULL;NULL;2/05/2025;NULL;NULL
*****310;1/06/2006;2;LEV;9/10/2023;NULL;9/11/2023;NULL;9/12/2023;NULL;1/02/2024;NULL;NULL;NULL;9/10/2023;9/11/2023;9/12/2023
*****175;2/02/2010;2;LEV;19/10/2023;NULL;19/11/2023;NULL;19/12/2023;NULL;19/01/2024;NULL;18/02/2024;NULL;19/10/2023;19/11/2023;19/12/2023
*****451;14/02/2009;2;LEV;5/12/2023;NULL;5/01/2024;NULL;4/02/2024;NULL;5/03/2024;NULL;4/04/2024;NULL;5/12/2023;5/01/2024;4/02/2024
*****533;28/09/1998;2;LEV;3/04/2025;10.4;3/05/2025;10.6;NULL;NULL;NULL;NULL;NULL;NULL;3/04/2025;3/05/2025;NULL
*****669;4/11/1999;10;LEV;5/06/2024;10.3;NULL;NULL;NULL;NULL;NULL;NULL;NULL;NULL;5/06/2024;NULL;NULL
*****069;18/08/1997;2;LEV;10/04/2025;10.2;10/05/2025;10.4;NULL;NULL;NULL;NULL;NULL;NULL;10/04/2025;10/05/2025;NULL
*****494;4/10/2005;10;LEV;3/02/2025;9.2;NULL;NULL;NULL;NULL;NULL;NULL;NULL;NULL;3/02/2025;3/03/2025;3/04/2025
*****183;11/10/2007;2;LEV;6/09/2024;10;6/10/2024;NULL;NULL;NULL;NULL;NULL;NULL;NULL;6/09/2024;6/10/2024;3/11/2024
*****875;30/08/2007;2;LEV;2/05/2025;10.4;NULL;NULL;NULL;NULL;NULL;NULL;NULL;NULL;2/05/2025;NULL;NULL
*****137;7/06/2009;2;LEV;3/01/2024;NULL;2/02/2024;NULL;3/03/2024;NULL;2/04/2024;NULL;NULL;NULL;3/01/2024;2/02/2024;3/03/2024
*****509;17/09/2006;2;LEV;4/04/2025;10.5;NULL;NULL;NULL;NULL;NULL;NULL;NULL;NULL;4/04/2025;NULL;NULL
*****804;1/07/2001;2;LEV;7/05/2025;8.3;NULL;NULL;NULL;NULL;NULL;NULL;NULL;NULL;7/05/2025;NULL;NULL
*****842;7/02/2009;2;LEV;6/04/2025;10.3;6/05/2025;10.5;NULL;NULL;NULL;NULL;NULL;NULL;6/04/2025;6/05/2025;NULL
*****164;20/03/2011;2;LEV;6/04/2025;10.8;6/05/2025;NULL;NULL;NULL;NULL;NULL;NULL;NULL;6/04/2025;6/05/2025;NULL
*****119;2/11/2008;2;LEV;2/05/2025;10.1;NULL;NULL;NULL;NULL;NULL;NULL;NULL;NULL;2/05/2025;NULL;NULL
*****024;28/07/1983;2;MOD;4/11/2024;9.4;NULL;NULL;NULL;NULL;NULL;NULL;NULL;NULL;4/11/2024;2/12/2024;NULL
*****034;31/07/2009;1;MOD;13/06/2024;9;11/07/2024;NULL;NULL;NULL;NULL;NULL;NULL;NULL;12/06/2024;11/07/2024;NULL
*****737;5/01/2004;2;LEV;21/05/2024;10.5;NULL;NULL;NULL;NULL;NULL;NULL;NULL;NULL;21/05/2024;NULL;NULL
*****540;21/03/2005;2;MOD;15/05/2024;NULL;NULL;NULL;NULL;NULL;NULL;NULL;NULL;NULL;15/05/2024;NULL;NULL
*****293;1/04/2008;2;MOD;4/01/2024;NULL;NULL;NULL;11/03/2024;10.2;NULL;NULL;NULL;NULL;4/01/2024;4/02/2024;4/03/2024
*****420;24/07/1989;1;LEV;14/09/2024;NULL;14/10/2024;NULL;NULL;NULL;NULL;NULL;NULL;NULL;14/09/2024;14/10/2024;NULL
*****173;18/01/2003;2;LEV;24/02/2025;10.2;26/03/2025;9.5;NULL;NULL;NULL;NULL;NULL;NULL;24/02/2025;26/03/2025;NULL
*****104;25/12/2008;2;LEV;10/11/2023;NULL;10/12/2023;NULL;NULL;NULL;10/02/2024;NULL;NULL;NULL;10/11/2023;10/12/2023;10/03/2024
*****622;27/08/1983;1;LEV;21/05/2025;11;NULL;NULL;NULL;NULL;NULL;NULL;NULL;NULL;21/05/2025;15/05/2025;NULL
*****240;30/09/2007;2;LEV;7/05/2025;10.1;NULL;NULL;NULL;NULL;NULL;NULL;NULL;NULL;7/05/2025;NULL;NULL
*****015;7/07/2006;2;LEV;10/05/2025;9.8;NULL;NULL;NULL;NULL;NULL;NULL;NULL;NULL;10/05/2025;NULL;NULL
*****421;4/03/2011;1;NULL;NULL;NULL;7/09/2024;11.1;NULL;NULL;NULL;NULL;14/11/2024;NULL;NULL;NULL;NULL
*****950;17/11/2003;2;LEV;9/01/2024;NULL;9/02/2024;NULL;9/03/2024;NULL;9/04/2024;NULL;9/05/2024;NULL;9/01/2024;9/02/2024;9/03/2024
*****011;13/07/1989;1;LEV;7/08/2024;NULL;7/09/2024;NULL;7/10/2024;10.4;18/11/2024;NULL;NULL;NULL;7/08/2024;7/09/2024;7/10/2024
*****841;11/09/2004;2;LEV;8/01/2024;NULL;8/03/2024;NULL;NULL;NULL;NULL;NULL;NULL;NULL;8/01/2024;8/02/2024;8/03/2024
*****779;13/06/2004;2;LEV;6/12/2024;10.3;NULL;NULL;NULL;NULL;NULL;NULL;NULL;NULL;6/12/2024;NULL;NULL
*****074;19/05/2005;2;LEV;NULL;NULL;20/05/2024;10.8;20/04/2024;NULL;20/05/2024;NULL;NULL;NULL;20/02/2024;20/03/2024;20/04/2024
*****239;13/10/1999;1;LEV;1/05/2024;10.7;1/06/2024;NULL;NULL;NULL;1/08/2024;NULL;1/09/2024;NULL;1/05/2024;1/06/2024;NULL
*****192;14/02/2007;2;LEV;18/10/2024;10.3;18/11/2024;NULL;NULL;NULL;NULL;NULL;NULL;NULL;18/10/2024;18/11/2024;NULL
*****019;27/04/2001;2;LEV;17/11/2024;10.8;17/03/2025;12;NULL;NULL;NULL;NULL;NULL;NULL;17/11/2024;17/12/2024;NULL
*****125;14/11/2005;2;LEV;10/01/2024;NULL;10/02/2024;NULL;NULL;NULL;NULL;NULL;NULL;NULL;10/01/2024;10/02/2024;NULL
*****726;23/11/1997;2;LEV;18/10/2023;NULL;18/11/2023;NULL;NULL;NULL;16/01/2024;NULL;NULL;NULL;18/10/2023;18/11/2023;NULL
*****946;7/09/1985;2;MOD;21/01/2024;NULL;21/04/2024;NULL;NULL;NULL;12/06/2024;NULL;NULL;NULL;21/01/2024;21/02/2024;21/03/2024
*****935;27/05/1997;1;LEV;10/01/2025;10.3;9/02/2025;NULL;11/03/2025;NULL;NULL;NULL;NULL;NULL;10/01/2025;9/02/2025;11/03/2025
*****461;25/05/1990;2;LEV;2/03/2025;10.2;3/04/2025;12.2;8/05/2025;12.2;NULL;NULL;NULL;NULL;2/03/2025;3/04/2025;8/05/2025
*****430;30/03/1987;2;LEV;7/10/2024;9.9;NULL;NULL;NULL;NULL;NULL;NULL;NULL;NULL;7/10/2024;4/11/2024;NULL
*****401;26/06/1994;1;LEV;NULL;NULL;NULL;NULL;NULL;NULL;NULL;NULL;NULL;NULL;NULL;NULL;NULL
*****045;13/02/2006;2;LEV;6/04/2025;9.7;13/05/2025;11.5;NULL;NULL;NULL;NULL;NULL;NULL;6/04/2025;7/05/2025;NULL
*****989;28/10/2000;1;LEV;8/06/2024;10.8;8/07/2024;11;8/08/2024;11;23/09/2024;NULL;NULL;NULL;8/06/2024;8/07/2024;NULL
*****287;1/03/2003;2;LEV;20/10/2023;NULL;19/11/2023;NULL;2/01/2024;NULL;19/02/2024;NULL;NULL;NULL;20/10/2023;19/11/2023;19/12/2023
*****450;2/02/1992;2;LEV;4/03/2024;NULL;3/04/2024;NULL;NULL;NULL;NULL;NULL;NULL;NULL;4/03/2024;3/04/2024;NULL
*****332;3/11/1983;2;MOD;3/01/2024;9.7;2/04/2024;NULL;3/03/2024;NULL;2/04/2024;NULL;2/05/2024;11.4;3/01/2024;2/02/2024;3/03/2024
*****892;2/02/1991;2;LEV;1/04/2024;NULL;1/05/2024;10.8;1/06/2024;10.5;21/07/2024;12.1;NULL;NULL;1/04/2024;NULL;NULL
*****179;1/01/1998;1;MOD;8/04/2024;NULL;8/06/2024;10.5;NULL;NULL;NULL;NULL;NULL;NULL;8/04/2024;NULL;NULL
*****846;6/05/2006;2;LEV;17/10/2023;NULL;17/01/2024;NULL;NULL;NULL;NULL;NULL;NULL;NULL;17/10/2023;NULL;NULL
*****448;27/03/2005;2;LEV;18/10/2023;NULL;NULL;NULL;NULL;NULL;18/01/2024;NULL;NULL;NULL;18/10/2023;NULL;NULL
*****121;20/11/2010;1;LEV;18/11/2024;10.5;18/12/2024;NULL;18/01/2025;11.4;18/02/2025;NULL;18/03/2025;11.8;18/11/2024;18/12/2024;18/01/2025
*****784;23/03/1989;1;LEV;13/07/2024;NULL;NULL;NULL;NULL;NULL;NULL;NULL;NULL;NULL;13/07/2024;NULL;NULL
*****531;27/08/1991;1;LEV;18/12/2024;10.7;18/01/2025;NULL;5/03/2025;12;16/04/2025;NULL;NULL;NULL;18/12/2024;18/01/2025;NULL
*****679;31/03/1996;1;LEV;9/11/2024;10.4;9/12/2024;NULL;NULL;NULL;NULL;NULL;NULL;NULL;9/11/2024;9/12/2024;NULL
*****953;28/03/2006;2;LEV;NULL;NULL;NULL;NULL;NULL;NULL;NULL;NULL;NULL;NULL;NULL;NULL;NULL
*****612;11/07/1998;1;MOD;23/01/2025;NULL;22/02/2025;12.3;NULL;NULL;NULL;NULL;NULL;NULL;23/01/2025;22/02/2025;NULL
*****751;26/04/2001;2;MOD;NULL;NULL;NULL;NULL;NULL;NULL;NULL;NULL;NULL;NULL;NULL;NULL;NULL
*****668;4/12/1993;2;LEV;13/05/2025;10.6;NULL;NULL;NULL;NULL;NULL;NULL;NULL;NULL;13/05/2025;NULL;NULL
*****441;21/12/2004;2;LEV;4/06/2024;10.9;NULL;NULL;NULL;NULL;NULL;NULL;NULL;NULL;4/06/2024;7/07/2024;NULL
*****507;19/05/2007;2;LEV;30/07/2024;10.6;NULL;NULL;16/11/2024;12.4;NULL;NULL;NULL;NULL;30/07/2024;NULL;NULL
*****161;6/06/1998;2;LEV;4/04/2024;10.5;NULL;NULL;NULL;NULL;NULL;NULL;NULL;NULL;4/04/2024;NULL;NULL
*****400;14/06/2005;1;LEV;22/01/2024;10.8;NULL;NULL;NULL;NULL;NULL;NULL;NULL;NULL;22/01/2024;NULL;NULL
*****474;30/03/1999;2;LEV;1/04/2025;10.7;1/05/2025;10.7;NULL;NULL;NULL;NULL;NULL;NULL;1/04/2025;1/05/2025;29/05/2025
*****110;13/12/1991;2;LEV;2/11/2023;10.2;NULL;NULL;NULL;NULL;NULL;NULL;NULL;NULL;2/11/2023;NULL;NULL
*****696;15/12/2009;2;LEV;13/01/2024;10.5;NULL;NULL;NULL;NULL;26/05/2024;12;NULL;NULL;13/01/2024;NULL;NULL
*****028;6/12/2005;2;LEV;14/05/2025;9.9;NULL;NULL;NULL;NULL;NULL;NULL;NULL;NULL;14/05/2025;NULL;NULL
*****843;1/07/1991;1;NULL;NULL;NULL;NULL;NULL;NULL;NULL;NULL;NULL;NULL;NULL;NULL;NULL;NULL
*****112;3/08/2007;2;MOD;NULL;NULL;NULL;NULL;NULL;NULL;NULL;NULL;NULL;NULL;NULL;NULL;NULL
*****290;5/09/1990;2;LEV;20/12/2024;10.3;19/01/2025;11.6;18/02/2025;12;NULL;NULL;NULL;NULL;20/12/2024;19/01/2025;18/02/2025
*****436;6/07/1995;1;NULL;NULL;NULL;NULL;NULL;NULL;NULL;NULL;NULL;NULL;NULL;NULL;NULL;NULL
*****564;26/01/2005;1;NULL;NULL;NULL;NULL;NULL;NULL;NULL;NULL;NULL;NULL;NULL;NULL;NULL;NULL
*****576;15/02/1999;1;LEV;NULL;NULL;NULL;NULL;NULL;NULL;NULL;NULL;NULL;NULL;NULL;NULL;NULL
*****700;20/04/1991;2;MOD;NULL;NULL;NULL;NULL;NULL;NULL;NULL;NULL;NULL;NULL;NULL;NULL;NULL
*****693;19/04/2007;1;LEV;16/01/2024;10.7;NULL;NULL;NULL;NULL;NULL;NULL;NULL;NULL;16/01/2024;NULL;NULL
*****513;11/09/2007;1;LEV;26/01/2024;11.8;NULL;NULL;NULL;NULL;NULL;NULL;NULL;NULL;26/01/2024;NULL;NULL
*****439;25/06/1993;2;LEV;18/11/2023;NULL;NULL;NULL;NULL;NULL;8/03/2024;NULL;NULL;NULL;18/11/2023;NULL;NULL
*****850;1/02/2006;1;NULL;NULL;NULL;NULL;NULL;9/10/2024;NULL;28/11/2024;NULL;NULL;NULL;NULL;NULL;NULL
*****290;11/03/1985;1;NULL;NULL;NULL;NULL;NULL;NULL;NULL;NULL;NULL;NULL;NULL;NULL;NULL;NULL
*****244;15/11/1992;2;LEV;10/02/2025;10.3;8/04/2025;11.9;NULL;NULL;NULL;NULL;NULL;NULL;10/02/2025;14/03/2025;NULL
*****370;9/11/2008;2;LEV;21/03/2025;10;22/04/2025;10;NULL;NULL;NULL;NULL;NULL;NULL;21/03/2025;22/04/2025;NULL
*****837;9/03/2008;2;MOD;6/03/2024;9.2;NULL;NULL;NULL;NULL;NULL;NULL;NULL;NULL;6/03/2024;NULL;NULL
*****729;16/08/1991;2;MOD;18/06/2024;NULL;NULL;NULL;10/10/2024;12;NULL;NULL;NULL;NULL;18/06/2024;NULL;NULL
*****316;18/04/2005;2;LEV;3/02/2025;10;7/03/2025;NULL;11/04/2025;12.3;NULL;NULL;NULL;NULL;3/02/2025;7/03/2025;NULL
*****172;15/03/1992;2;NULL;NULL;NULL;NULL;NULL;NULL;NULL;28/02/2025;NULL;NULL;NULL;NULL;NULL;NULL
*****871;14/09/2007;2;NULL;NULL;NULL;NULL;NULL;NULL;NULL;1/06/2024;NULL;NULL;NULL;NULL;NULL;NULL
*****176;22/12/1985;2;LEV;26/03/2025;10.2;27/04/2025;9.4;NULL;NULL;NULL;NULL;NULL;NULL;26/03/2025;27/04/2025;NULL
*****743;12/12/1989;2;MOD;4/09/2024;9.6;6/10/2024;NULL;NULL;NULL;NULL;NULL;NULL;NULL;4/09/2024;6/10/2024;NULL
*****439;4/02/1996;2;MOD;14/02/2024;NULL;NULL;NULL;NULL;NULL;NULL;NULL;NULL;NULL;14/02/2024;NULL;NULL
*****855;24/02/1996;2;NULL;NULL;NULL;NULL;NULL;NULL;NULL;NULL;NULL;NULL;NULL;NULL;NULL;NULL
*****272;9/06/2003;2;NULL;NULL;NULL;NULL;NULL;NULL;NULL;NULL;NULL;NULL;NULL;NULL;NULL;NULL
*****048;29/01/2003;2;LEV;10/02/2024;NULL;NULL;NULL;NULL;NULL;NULL;NULL;NULL;NULL;10/02/2024;NULL;NULL
*****792;13/12/2007;2;LEV;29/03/2024;NULL;NULL;NULL;NULL;NULL;NULL;NULL;NULL;NULL;29/03/2024;NULL;NULL
*****035;10/02/2003;2;MOD;10/02/2024;NULL;NULL;NULL;16/05/2024;12.4;NULL;NULL;NULL;NULL;10/02/2024;NULL;NULL
*****433;28/03/2000;2;LEV;19/08/2024;10.5;NULL;NULL;18/10/2024;10.5;NULL;NULL;NULL;NULL;19/08/2024;NULL;NULL
*****054;16/04/1989;2;MOD;NULL;NULL;NULL;NULL;NULL;NULL;NULL;NULL;NULL;NULL;12/07/2024;NULL;NULL
*****835;20/09/1993;2;LEV;17/02/2024;NULL;NULL;NULL;NULL;NULL;NULL;NULL;NULL;NULL;17/02/2024;NULL;NULL
*****861;3/05/2005;2;LEV;3/02/2025;10.4;7/03/2025;NULL;NULL;NULL;9/05/2025;11.9;NULL;NULL;3/02/2025;7/03/2025;NULL
*****110;7/06/2000;2;LEV;NULL;NULL;NULL;NULL;9/09/2024;10.5;NULL;NULL;NULL;NULL;8/07/2024;NULL;NULL
*****330;10/09/2002;1;LEV;NULL;NULL;NULL;NULL;NULL;NULL;NULL;NULL;NULL;NULL;8/08/2024;NULL;NULL
*****890;21/08/2002;1;LEV;9/09/2024;10.3;9/10/2024;10.5;NULL;NULL;NULL;NULL;NULL;NULL;9/09/2024;9/10/2024;NULL
*****697;23/10/1996;2;LEV;NULL;NULL;NULL;NULL;NULL;NULL;NULL;NULL;NULL;NULL;10/05/2024;NULL;NULL
*****698;27/10/1987;1;SEV;14/05/2024;NULL;NULL;NULL;NULL;NULL;NULL;NULL;NULL;NULL;14/05/2024;NULL;NULL
*****214;10/07/1990;2;LEV;13/02/2024;NULL;28/03/2024;NULL;NULL;NULL;NULL;NULL;NULL;NULL;NULL;NULL;NULL
*****370;1/12/1996;2;NULL;NULL;NULL;NULL;NULL;NULL;NULL;NULL;NULL;NULL;NULL;NULL;NULL;NULL
*****022;3/04/1998;2;LEV;20/03/2024;NULL;NULL;NULL;11/07/2024;11.1;NULL;NULL;NULL;NULL;20/03/2024;NULL;NULL
*****790;11/05/1996;1;MOD;18/03/2025;NULL;NULL;NULL;NULL;NULL;NULL;NULL;NULL;NULL;18/03/2025;NULL;NULL
*****919;24/03/1986;1;LEV;7/06/2024;9;NULL;NULL;NULL;NULL;15/09/2024;12;NULL;NULL;7/06/2024;NULL;NULL
*****678;6/02/2000;2;LEV;NULL;NULL;NULL;NULL;NULL;NULL;NULL;NULL;NULL;NULL;NULL;NULL;NULL
*****505;20/02/1999;2;LEV;6/03/2024;NULL;2/06/2024;10.7;NULL;NULL;NULL;NULL;NULL;NULL;6/03/2024;23/01/2023;24/03/2023
*****841;12/03/2003;1;LEV;16/06/2024;10;NULL;NULL;NULL;NULL;NULL;NULL;NULL;NULL;16/06/2024;NULL;NULL
*****138;9/10/2009;2;LEV;15/04/2024;NULL;NULL;NULL;NULL;NULL;NULL;NULL;NULL;NULL;15/04/2024;NULL;NULL
*****006;22/08/2001;1;LEV;1/07/2024;10.3;1/09/2024;11;NULL;NULL;NULL;NULL;NULL;NULL;1/07/2024;1/08/2024;1/09/2024
*****271;7/07/2005;2;MOD;19/03/2024;NULL;NULL;NULL;NULL;NULL;NULL;NULL;NULL;NULL;19/03/2024;NULL;NULL
*****955;4/08/1996;1;LEV;21/08/2024;10;21/09/2024;10.5;5/11/2024;11;10/01/2025;NULL;NULL;NULL;21/08/2024;21/09/2024;NULL
*****750;28/04/2007;1;MOD;24/04/2024;NULL;NULL;NULL;NULL;NULL;NULL;NULL;NULL;NULL;24/04/2024;NULL;NULL
*****539;9/01/2002;1;LEV;28/02/2024;NULL;NULL;NULL;28/05/2024;10.9;NULL;NULL;27/06/2024;NULL;28/02/2024;26/03/2024;28/04/2024
*****630;30/07/1997;2;MOD;9/01/2025;8;8/02/2025;9.1;10/03/2025;10;8/05/2025;NULL;NULL;NULL;9/01/2025;8/02/2025;10/03/2025
*****023;7/05/1999;1;LEV;17/01/2025;9.9;16/02/2025;9.9;18/03/2025;11.9;17/04/2025;11.5;17/05/2025;12.3;17/01/2025;16/02/2025;18/03/2025
*****279;16/05/1997;2;LEV;NULL;NULL;6/02/2024;NULL;8/03/2024;NULL;10/04/2024;NULL;NULL;NULL;6/01/2024;6/02/2024;8/03/2024
*****759;18/11/2007;1;LEV;25/08/2024;10.1;24/09/2024;10;24/10/2024;10.9;23/11/2024;NULL;NULL;NULL;25/08/2024;24/09/2024;24/10/2024
*****348;15/05/2002;2;MOD;1/04/2025;9.9;1/05/2025;10;NULL;NULL;NULL;NULL;NULL;NULL;1/04/2025;1/05/2025;NULL
*****148;28/12/1983;1;MOD;13/05/2024;NULL;12/07/2024;NULL;NULL;NULL;11/09/2024;NULL;NULL;NULL;13/05/2024;NULL;NULL
*****478;5/09/1988;1;LEV;21/05/2024;10.8;NULL;NULL;NULL;NULL;29/09/2024;NULL;NULL;NULL;21/05/2024;NULL;NULL
*****261;27/02/2006;2;LEV;6/12/2024;NULL;6/03/2025;NULL;4/02/2025;NULL;6/03/2025;NULL;NULL;NULL;6/12/2024;5/01/2025;4/02/2025
*****523;21/03/2006;2;LEV;5/05/2025;10.2;NULL;NULL;NULL;NULL;NULL;NULL;NULL;NULL;5/05/2025;NULL;NULL
*****707;11/01/2008;2;LEV;20/04/2025;10.5;NULL;NULL;NULL;NULL;NULL;NULL;NULL;NULL;20/04/2025;NULL;NULL
*****417;12/01/2000;1;LEV;8/05/2025;10.4;NULL;NULL;NULL;NULL;NULL;NULL;NULL;NULL;8/05/2025;NULL;NULL
*****441;24/06/1987;1;MOD;13/04/2024;NULL;NULL;NULL;NULL;NULL;NULL;NULL;NULL;NULL;13/04/2024;NULL;NULL
*****458;1/09/2009;2;LEV;7/01/2025;NULL;6/02/2025;NULL;NULL;NULL;9/05/2025;12.8;NULL;NULL;7/01/2025;6/02/2025;7/03/2025
*****524;30/05/1994;2;LEV;23/04/2025;10.7;NULL;NULL;NULL;NULL;NULL;NULL;NULL;NULL;23/04/2025;NULL;NULL
*****058;25/11/2007;2;LEV;5/03/2025;10.5;5/04/2025;NULL;NULL;NULL;NULL;NULL;NULL;NULL;5/03/2025;5/04/2025;NULL
*****977;30/01/2012;2;LEV;20/02/2025;9.9;24/03/2025;11.8;21/04/2025;12.5;NULL;NULL;NULL;NULL;20/02/2025;24/03/2025;21/04/2025
*****844;6/06/1993;2;LEV;24/04/2025;10.9;NULL;NULL;NULL;NULL;NULL;NULL;NULL;NULL;24/04/2025;14/05/2025;NULL
*****689;4/05/1993;2;LEV;3/11/2023;NULL;NULL;NULL;15/02/2024;NULL;NULL;NULL;NULL;NULL;3/11/2023;NULL;NULL
*****900;15/09/1986;1;LEV;8/09/2024;NULL;NULL;NULL;NULL;NULL;NULL;NULL;NULL;NULL;8/09/2024;NULL;NULL
*****060;9/05/1994;1;LEV;20/05/2024;10.5;20/06/2024;10.4;NULL;NULL;NULL;NULL;NULL;NULL;20/05/2024;20/06/2024;NULL
*****171;26/06/1998;1;MOD;19/10/2024;9.2;23/11/2024;NULL;NULL;NULL;NULL;NULL;NULL;NULL;19/10/2024;20/06/2024;NULL
*****786;5/05/1997;2;MOD;16/10/2024;9.2;16/11/2024;NULL;16/12/2024;13;15/01/2025;11;14/02/2025;11;16/10/2024;16/11/2024;16/12/2024
*****166;16/06/1989;2;LEV;9/12/2023;NULL;NULL;NULL;NULL;NULL;12/04/2024;NULL;NULL;NULL;9/12/2023;NULL;NULL
*****970;2/05/2007;2;SEV;5/11/2023;NULL;NULL;NULL;NULL;NULL;NULL;NULL;NULL;NULL;5/11/2023;NULL;NULL
*****707;28/03/1987;2;MOD;13/12/2023;NULL;NULL;NULL;24/02/2024;NULL;NULL;NULL;NULL;NULL;13/12/2023;NULL;NULL
*****907;29/08/2004;2;LEV;10/03/2024;NULL;10/04/2024;NULL;NULL;NULL;NULL;NULL;NULL;NULL;10/03/2024;NULL;NULL
*****294;19/03/2003;1;LEV;11/02/2025;10;12/03/2025;NULL;NULL;NULL;NULL;NULL;NULL;NULL;11/02/2025;12/03/2025;11/04/2025
*****958;18/05/2004;1;LEV;NULL;NULL;NULL;NULL;NULL;NULL;19/11/2024;NULL;NULL;NULL;14/07/2024;NULL;NULL
*****490;7/09/2003;1;MOD;13/09/2024;9.9;13/11/2024;11.6;NULL;NULL;NULL;NULL;13/01/2025;NULL;13/09/2024;13/10/2024;NULL
*****404;14/07/1994;1;LEV;NULL;NULL;NULL;NULL;NULL;NULL;21/12/2024;11.3;15/01/2025;NULL;15/08/2024;NULL;NULL
*****135;10/04/1996;1;LEV;15/09/2024;NULL;11/11/2024;11.5;NULL;NULL;NULL;NULL;NULL;NULL;15/09/2024;10/10/2024;NULL
*****284;2/03/2005;1;LEV;NULL;NULL;NULL;NULL;NULL;NULL;NULL;NULL;NULL;NULL;5/06/2024;NULL;NULL
*****057;13/01/2008;1;LEV;22/07/2024;9.2;NULL;NULL;NULL;NULL;NULL;NULL;NULL;NULL;22/07/2024;NULL;NULL
*****413;1/04/2005;2;MOD;6/02/2024;NULL;NULL;NULL;NULL;NULL;NULL;NULL;NULL;NULL;6/02/2024;NULL;NULL
*****469;20/12/2004;1;LEV;5/06/2024;10.1;NULL;NULL;NULL;NULL;NULL;NULL;NULL;NULL;5/06/2024;NULL;NULL
*****263;13/07/2010;1;LEV;6/11/2024;9.8;6/12/2024;10;6/01/2025;11;23/03/2025;11.3;NULL;NULL;6/11/2024;6/12/2024;NULL
*****018;8/03/2000;2;NULL;NULL;NULL;NULL;NULL;NULL;NULL;NULL;NULL;NULL;NULL;NULL;NULL;NULL
*****826;1/04/2004;1;MOD;18/02/2024;NULL;NULL;NULL;NULL;NULL;NULL;NULL;NULL;NULL;18/02/2024;NULL;NULL
*****294;10/03/1994;2;LEV;2/02/2024;NULL;3/03/2024;NULL;3/04/2024;11.3;3/05/2024;11.4;NULL;NULL;2/02/2024;3/03/2024;3/04/2024
*****367;16/03/1995;10;MOD;28/10/2024;9.9;27/11/2024;9.7;27/12/2024;NULL;26/01/2025;10.9;25/02/2025;10.9;28/10/2024;27/11/2024;27/12/2024
*****368;29/10/2008;10;LEV;4/04/2024;10.5;6/05/2024;NULL;5/06/2024;10.4;NULL;NULL;NULL;NULL;4/04/2024;6/05/2024;5/06/2024
*****703;30/07/1992;10;MOD;8/01/2025;8;7/02/2025;7.8;9/03/2025;10.5;NULL;NULL;NULL;NULL;8/01/2025;7/02/2025;9/03/2025
*****752;7/09/1987;2;LEV;3/01/2024;NULL;2/02/2024;NULL;17/04/2024;10.9;2/04/2024;10.8;NULL;NULL;3/01/2024;2/02/2024;6/03/2024
*****903;3/07/2007;2;LEV;24/10/2023;NULL;24/11/2023;NULL;23/12/2023;NULL;22/01/2024;NULL;21/02/2024;NULL;24/10/2023;24/11/2023;23/12/2023
*****592;28/08/2005;2;LEV;24/05/2024;11;NULL;NULL;23/07/2024;11;NULL;NULL;21/09/2024;10;24/05/2024;2/06/2024;23/07/2024
*****386;7/07/2000;2;LEV;4/12/2023;NULL;2/01/2024;NULL;NULL;NULL;NULL;NULL;NULL;NULL;4/12/2023;2/01/2024;1/02/2024
*****723;14/03/1986;2;LEV;10/05/2025;10.2;NULL;NULL;NULL;NULL;NULL;NULL;NULL;NULL;10/05/2025;NULL;NULL
*****799;18/07/1988;2;LEV;5/01/2024;NULL;4/05/2024;NULL;5/03/2024;NULL;4/04/2024;NULL;NULL;NULL;5/01/2024;4/02/2024;5/03/2024
*****324;14/04/2003;10;LEV;7/02/2024;NULL;8/03/2024;NULL;NULL;NULL;NULL;NULL;NULL;NULL;7/02/2024;8/03/2024;5/04/2024
*****731;22/04/2006;10;LEV;24/04/2025;9.8;NULL;NULL;NULL;NULL;NULL;NULL;NULL;NULL;24/04/2025;24/05/2025;NULL
*****934;16/02/2005;1;LEV;19/11/2023;NULL;19/12/2023;NULL;NULL;NULL;17/02/2024;NULL;18/03/2024;NULL;19/11/2023;19/12/2023;NULL
*****868;7/06/1992;10;LEV;25/04/2025;10.9;25/05/2025;10;NULL;NULL;NULL;NULL;NULL;NULL;25/04/2025;25/05/2025;NULL
*****352;9/10/1999;2;LEV;12/01/2024;NULL;11/02/2024;NULL;12/03/2024;NULL;2/06/2024;10.2;NULL;NULL;12/01/2024;11/02/2024;12/03/2024
*****398;12/11/2008;2;LEV;1/04/2024;NULL;1/05/2024;10;1/06/2024;NULL;1/07/2024;10;1/08/2024;10;1/04/2024;1/05/2024;1/06/2024
*****140;19/04/1994;2;MOD;16/02/2024;NULL;18/03/2024;NULL;17/04/2024;NULL;NULL;NULL;NULL;NULL;16/02/2024;18/03/2024;17/04/2024
*****812;17/03/2005;10;LEV;3/01/2025;10;3/02/2025;10.8;4/03/2025;9.6;4/04/2025;10.9;4/05/2025;10.7;3/01/2025;15/08/2023;4/03/2025
*****681;21/09/2010;2;LEV;22/05/2025;10.3;NULL;NULL;NULL;NULL;NULL;NULL;NULL;NULL;22/05/2025;NULL;NULL
*****438;2/12/2000;2;LEV;23/05/2025;10;NULL;NULL;NULL;NULL;NULL;NULL;NULL;NULL;23/05/2025;NULL;NULL
*****957;16/03/1995;2;LEV;14/04/2024;10.5;14/05/2024;10.8;13/06/2024;10.8;13/07/2024;10.8;12/08/2024;10;14/04/2024;14/05/2024;13/06/2024
*****775;6/09/2004;2;LEV;22/05/2024;10.7;21/06/2024;8.5;21/07/2024;10;20/08/2024;10.9;19/09/2024;10.5;22/05/2024;21/06/2024;21/07/2024
*****126;7/10/1995;2;LEV;14/01/2025;10;13/02/2025;10;NULL;NULL;14/04/2025;NULL;NULL;NULL;14/01/2025;13/02/2025;14/03/2025
*****246;27/03/1992;2;LEV;9/02/2025;10;11/03/2025;10.3;10/04/2025;10.5;NULL;NULL;NULL;NULL;9/02/2025;11/03/2025;10/04/2025
*****763;19/09/1996;2;LEV;11/01/2024;NULL;10/02/2024;NULL;11/03/2024;NULL;10/04/2024;10.3;10/05/2024;10.6;11/01/2024;10/02/2024;11/03/2024
*****173;30/04/2011;2;MOD;4/04/2024;NULL;3/05/2024;10.1;3/06/2024;9.3;3/07/2024;10.3;2/08/2024;10.5;4/04/2024;3/05/2024;3/06/2024
*****092;7/08/2009;2;LEV;8/03/2024;NULL;7/04/2024;10.3;NULL;NULL;NULL;NULL;NULL;NULL;8/03/2024;7/04/2024;NULL
*****569;10/12/1979;10;LEV;22/10/2024;10.8;21/11/2024;10.9;13/01/2025;13.1;28/02/2025;NULL;NULL;NULL;22/10/2024;21/11/2024;21/12/2024
*****439;30/08/1994;10;LEV;13/08/2024;10.9;12/09/2024;10.9;12/10/2024;10.2;11/11/2024;10;11/12/2024;10.4;13/08/2024;12/09/2024;12/10/2024
*****435;9/11/2003;10;LEV;11/12/2024;10.4;10/01/2025;10.9;9/02/2025;10.8;11/03/2025;11.7;10/04/2025;NULL;11/12/2024;10/01/2025;9/02/2025
*****927;7/07/2010;2;MOD;3/02/2025;8.7;5/03/2025;9.8;4/04/2025;10.8;4/05/2025;NULL;NULL;NULL;3/02/2025;5/03/2025;4/04/2025
*****967;7/02/1995;2;LEV;14/11/2023;NULL;14/12/2023;NULL;13/01/2024;NULL;12/02/2024;NULL;13/03/2024;NULL;14/11/2023;14/12/2023;13/01/2024
*****152;15/05/2003;2;MOD;10/04/2024;9.4;10/05/2024;10.1;9/06/2024;11;9/07/2024;10.5;8/08/2024;10.3;10/04/2024;10/05/2024;9/06/2024
*****693;17/10/2005;1;LEV;3/03/2024;NULL;2/04/2024;NULL;2/05/2024;10.9;1/06/2024;10.9;1/07/2024;10.3;3/03/2024;2/04/2024;2/05/2024
*****422;5/02/2006;2;LEV;11/05/2024;10.9;10/06/2024;11.5;10/07/2024;10.1;9/08/2024;10.2;8/09/2024;10.4;11/05/2024;10/06/2024;10/07/2024
*****111;3/07/1999;10;MOD;14/01/2025;9.5;13/02/2025;10.5;15/03/2025;10.4;12/05/2025;12.3;NULL;NULL;14/01/2025;NULL;NULL
*****412;2/02/2005;10;LEV;5/08/2024;10.3;4/09/2024;10.4;4/10/2024;10.8;3/11/2024;10.7;3/12/2024;11;5/08/2024;4/09/2024;4/10/2024
*****625;23/11/1983;10;LEV;17/07/2024;10.6;16/08/2024;10.8;15/09/2024;10.9;15/10/2024;10.1;14/11/2024;9.8;17/07/2024;16/08/2024;15/09/2024
*****242;13/12/1982;10;LEV;14/08/2024;10.8;13/09/2024;10.9;13/10/2024;10.6;12/11/2024;11.6;12/12/2024;11.4;14/08/2024;13/09/2024;13/10/2024
*****889;21/06/1989;2;LEV;10/02/2025;10.3;12/03/2025;10.1;11/04/2025;10.2;11/05/2025;11.6;NULL;NULL;10/02/2025;12/03/2025;11/04/2025
*****956;9/02/2009;2;LEV;9/11/2024;10.5;9/12/2024;10.9;2/02/2025;12.5;7/03/2025;12.8;NULL;NULL;9/11/2024;9/12/2024;2/02/2025
*****415;1/05/1998;2;LEV;NULL;NULL;NULL;NULL;NULL;NULL;NULL;NULL;NULL;NULL;NULL;NULL;NULL
*****533;21/01/2004;2;LEV;13/04/2025;10;NULL;NULL;NULL;NULL;NULL;NULL;NULL;NULL;13/04/2025;NULL;NULL
*****892;2/11/2004;2;LEV;NULL;NULL;NULL;NULL;NULL;NULL;NULL;NULL;NULL;NULL;19/01/2024;NULL;NULL
*****200;21/04/2002;10;LEV;NULL;NULL;NULL;NULL;NULL;NULL;NULL;NULL;NULL;NULL;NULL;NULL;NULL
*****513;3/10/1997;10;LEV;1/01/2025;10.6;2/02/2025;10.8;3/03/2025;NULL;2/04/2025;10.3;NULL;NULL;1/01/2025;2/02/2025;3/03/2025
*****415;10/03/2005;2;LEV;5/01/2025;10.3;5/02/2025;NULL;7/03/2025;10.8;6/04/2025;11.2;6/05/2025;11.9;5/01/2025;5/02/2025;7/03/2025
*****282;2/04/1996;2;NULL;NULL;NULL;NULL;NULL;NULL;NULL;10/09/2024;12.3;NULL;NULL;NULL;NULL;NULL
*****869;24/12/1999;2;NULL;NULL;NULL;NULL;NULL;NULL;NULL;NULL;NULL;NULL;NULL;NULL;NULL;NULL
*****330;25/01/2000;1;MOD;15/08/2024;9.3;15/09/2024;NULL;14/11/2024;11.6;18/12/2024;11.5;NULL;NULL;15/08/2024;15/09/2024;NULL
*****747;2/10/1992;2;MOD;10/10/2024;8.9;NULL;NULL;NULL;NULL;NULL;NULL;NULL;NULL;10/10/2024;25/08/2024;NULL
*****945;25/08/1998;2;LEV;5/05/2024;10.5;4/06/2024;10.3;4/07/2024;10;3/08/2024;9.5;NULL;NULL;5/05/2024;4/06/2024;4/07/2024
*****727;8/05/1999;2;LEV;3/01/2024;NULL;3/02/2024;NULL;2/05/2024;NULL;NULL;NULL;NULL;NULL;3/01/2024;3/02/2024;NULL
*****930;30/04/1991;10;LEV;6/12/2024;10.3;6/01/2025;NULL;6/02/2025;10.8;29/04/2025;11.2;NULL;NULL;6/12/2024;6/01/2025;6/02/2025
*****162;25/03/1996;10;LEV;NULL;NULL;20/03/2025;11.5;NULL;NULL;NULL;NULL;NULL;NULL;NULL;NULL;NULL
*****426;20/06/2007;1;LEV;3/09/2024;10.6;3/10/2024;10.5;2/11/2024;NULL;3/12/2024;10.8;5/03/2025;12.1;3/09/2024;3/10/2024;2/11/2024
*****457;19/02/1992;1;MOD;3/08/2024;8.9;2/09/2024;NULL;5/10/2024;NULL;20/12/2024;11;NULL;NULL;3/08/2024;2/09/2024;5/10/2024
*****100;19/05/1984;1;LEV;6/02/2024;NULL;6/03/2024;NULL;6/04/2024;8;NULL;NULL;NULL;NULL;6/02/2024;6/03/2024;6/04/2024
*****587;20/07/1990;2;LEV;6/04/2025;10.6;NULL;NULL;NULL;NULL;NULL;NULL;NULL;NULL;6/04/2025;NULL;NULL
*****114;30/09/1991;1;LEV;4/06/2024;10.3;4/07/2024;11.1;NULL;NULL;3/09/2024;NULL;NULL;NULL;4/06/2024;4/07/2024;NULL
*****732;13/09/2003;2;MOD;1/03/2024;NULL;NULL;NULL;NULL;NULL;NULL;NULL;NULL;NULL;1/03/2024;NULL;NULL
*****228;7/06/1999;2;LEV;6/04/2025;10.9;NULL;NULL;NULL;NULL;NULL;NULL;NULL;NULL;6/04/2025;6/09/2023;6/10/2023
*****730;23/05/1983;2;MOD;9/04/2025;9.4;NULL;NULL;NULL;NULL;NULL;NULL;NULL;NULL;9/04/2025;NULL;NULL
*****549;13/07/2002;2;MOD;20/11/2023;NULL;NULL;NULL;NULL;NULL;NULL;NULL;NULL;NULL;20/11/2023;NULL;NULL
*****427;26/03/2005;2;LEV;20/11/2023;NULL;24/12/2023;NULL;NULL;NULL;NULL;NULL;NULL;NULL;20/11/2023;24/12/2023;NULL
*****367;23/09/2005;2;LEV;23/03/2024;NULL;22/04/2024;NULL;30/06/2024;NULL;NULL;NULL;NULL;NULL;23/03/2024;22/04/2024;23/05/2024
*****027;18/03/2005;2;LEV;18/02/2024;NULL;17/04/2024;12.5;NULL;NULL;NULL;NULL;NULL;NULL;18/02/2024;NULL;NULL
*****637;15/10/1987;2;MOD;19/02/2025;11.5;21/03/2025;11.4;22/04/2025;12.4;22/05/2025;12.1;NULL;NULL;19/02/2025;21/03/2025;22/04/2025
*****900;16/05/2006;2;MOD;15/05/2025;NULL;NULL;NULL;NULL;NULL;NULL;NULL;NULL;NULL;15/05/2025;NULL;NULL
*****457;8/08/1998;2;LEV;2/07/2024;12.8;5/08/2024;12.8;4/09/2024;13.7;NULL;NULL;NULL;NULL;2/07/2024;5/08/2024;4/09/2024
*****126;26/02/2010;2;LEV;19/02/2024;13;19/03/2024;14.5;NULL;NULL;NULL;NULL;NULL;NULL;19/02/2024;19/03/2024;NULL
*****239;8/06/2000;2;LEV;8/02/2024;13.6;NULL;NULL;NULL;NULL;3/06/2024;14.9;NULL;NULL;8/02/2024;5/03/2024;4/04/2024
*****465;10/02/1998;2;LEV;31/10/2023;14;NULL;NULL;30/12/2023;14;NULL;NULL;NULL;NULL;31/10/2023;NULL;NULL
*****839;23/02/2006;2;LEV;24/01/2025;13;5/03/2025;12.3;NULL;NULL;2/05/2025;14.9;NULL;NULL;24/01/2025;5/03/2025;22/03/2025
*****813;13/09/1985;2;LEV;12/08/2024;12.8;12/09/2024;13.8;8/11/2024;14.9;NULL;NULL;NULL;NULL;12/08/2024;12/09/2024;NULL
*****111;14/11/2009;2;SEV;22/04/2025;10.2;22/05/2025;13.3;NULL;NULL;NULL;NULL;NULL;NULL;22/04/2025;22/05/2025;NULL
*****036;27/11/1984;2;LEV;2/08/2024;13.3;NULL;NULL;4/10/2024;14.7;NULL;NULL;NULL;NULL;2/08/2024;NULL;NULL
*****429;22/12/1987;2;NULL;NULL;NULL;NULL;NULL;NULL;NULL;NULL;NULL;NULL;NULL;NULL;NULL;NULL
*****772;20/03/1994;2;MOD;8/11/2023;13;NULL;NULL;NULL;NULL;NULL;NULL;NULL;NULL;8/11/2023;NULL;NULL
*****666;26/08/2006;2;LEV;12/12/2023;14.3;11/01/2024;13.6;NULL;NULL;28/03/2024;15.6;NULL;NULL;12/12/2023;11/01/2024;8/02/2024
*****924;22/01/1997;2;LEV;17/10/2024;12.9;18/11/2024;17;18/12/2024;15.6;17/01/2025;15.1;14/03/2025;15.5;17/10/2024;18/11/2024;18/12/2024
*****813;20/02/2009;2;LEV;19/09/2024;NULL;27/10/2024;13.6;NULL;NULL;NULL;NULL;NULL;NULL;19/09/2024;27/10/2024;NULL
*****856;15/11/1987;2;MOD;10/12/2024;12.3;9/01/2025;11;11/02/2025;11.9;NULL;NULL;14/04/2025;11.7;10/12/2024;9/01/2025;11/02/2025
*****916;3/03/1991;2;LEV;15/03/2024;14.3;15/04/2024;14.4;31/05/2024;13.8;1/07/2024;13.8;31/07/2024;15.5;15/03/2024;15/04/2024;31/05/2024
*****583;1/06/1997;2;MOD;28/01/2025;12;NULL;NULL;NULL;NULL;NULL;NULL;NULL;NULL;28/01/2025;19/02/2025;NULL
*****641;30/01/2005;2;LEV;12/01/2024;14;10/02/2024;13.3;NULL;NULL;NULL;NULL;NULL;NULL;12/01/2024;10/02/2024;11/03/2024
*****557;3/10/1993;2;LEV;11/03/2025;NULL;NULL;NULL;NULL;NULL;NULL;NULL;NULL;NULL;11/03/2025;5/04/2025;NULL
*****846;20/07/1978;2;NULL;NULL;NULL;NULL;NULL;NULL;NULL;NULL;NULL;NULL;NULL;NULL;NULL;NULL
*****713;8/11/2004;2;LEV;20/08/2024;12.6;NULL;NULL;19/10/2024;10.2;20/12/2024;14.9;NULL;NULL;20/08/2024;14/09/2024;19/10/2024
*****896;17/05/1998;2;MOD;18/01/2025;10.6;NULL;NULL;NULL;NULL;NULL;NULL;27/05/2025;14.9;18/01/2025;15/02/2025;17/03/2025
*****074;15/10/2004;2;LEV;29/10/2024;13;NULL;NULL;NULL;NULL;NULL;NULL;NULL;NULL;29/10/2024;NULL;NULL
*****497;19/01/1989;2;MOD;8/12/2023;13.3;NULL;NULL;NULL;NULL;NULL;NULL;NULL;NULL;8/12/2023;4/01/2024;NULL
*****852;23/11/1994;2;MOD;30/04/2024;12;NULL;NULL;NULL;NULL;NULL;NULL;NULL;NULL;30/04/2024;15/05/2024;NULL
*****674;31/03/1999;2;MOD;29/04/2024;11.7;29/05/2024;11.9;28/06/2024;11.8;16/08/2024;15.3;NULL;NULL;29/04/2024;29/05/2024;28/06/2024
*****261;18/01/2006;2;MOD;23/02/2024;13;NULL;NULL;NULL;NULL;NULL;NULL;NULL;NULL;23/02/2024;20/03/2024;NULL
*****894;27/04/2007;2;MOD;15/06/2024;12.7;15/07/2024;13.9;NULL;NULL;NULL;NULL;NULL;NULL;15/06/2024;15/07/2024;NULL
*****138;24/04/1997;2;MOD;20/07/2024;12.3;19/08/2024;13.6;18/09/2024;13.4;2/11/2024;NULL;NULL;NULL;20/07/2024;19/08/2024;18/09/2024
*****151;2/08/1984;2;MOD;1/04/2024;13.4;7/05/2024;13.3;7/06/2024;13.3;10/08/2024;13.3;NULL;NULL;1/04/2024;7/05/2024;7/06/2024
*****949;2/01/1988;2;MOD;16/04/2025;12.9;15/05/2025;12;NULL;NULL;NULL;NULL;NULL;NULL;16/04/2025;15/05/2025;NULL
*****316;12/07/1988;2;MOD;8/07/2024;13;29/08/2024;11.9;NULL;NULL;NULL;NULL;NULL;NULL;4/07/2024;29/08/2024;NULL
*****917;1/03/2002;2;MOD;4/12/2023;12.9;NULL;NULL;5/02/2024;14.1;6/03/2024;14;NULL;NULL;4/12/2023;5/01/2024;5/02/2024
*****710;1/07/1990;2;MOD;8/02/2024;11.9;NULL;NULL;NULL;NULL;1/06/2024;14.9;NULL;NULL;8/02/2024;5/03/2024;NULL
*****452;15/08/1993;2;MOD;23/02/2024;11.3;23/03/2024;NULL;23/04/2024;11.6;16/07/2024;14.3;NULL;NULL;23/02/2024;23/03/2024;23/04/2024
*****698;29/06/2006;2;MOD;15/11/2023;13.3;NULL;NULL;NULL;NULL;NULL;NULL;NULL;NULL;15/11/2023;NULL;NULL
*****297;5/04/2002;2;MOD;25/04/2024;10.6;24/05/2024;9.3;24/06/2024;9.4;NULL;NULL;NULL;NULL;25/04/2024;24/05/2024;24/06/2024
*****704;4/06/2006;2;MOD;8/04/2024;13.6;NULL;NULL;19/06/2024;14.9;NULL;NULL;NULL;NULL;8/04/2024;9/05/2024;NULL
*****286;5/02/1999;2;LEV;11/01/2024;12.2;NULL;NULL;NULL;NULL;30/05/2024;NULL;NULL;NULL;11/01/2024;NULL;NULL
*****996;26/06/1996;2;MOD;NULL;NULL;NULL;NULL;NULL;NULL;NULL;NULL;NULL;NULL;NULL;NULL;NULL
*****845;8/05/2002;2;LEV;NULL;NULL;NULL;NULL;NULL;NULL;NULL;NULL;NULL;NULL;NULL;NULL;NULL
*****211;15/04/2003;2;LEV;NULL;NULL;NULL;NULL;NULL;NULL;NULL;NULL;NULL;NULL;NULL;NULL;NULL
*****982;12/02/2001;2;MOD;NULL;NULL;NULL;NULL;NULL;NULL;NULL;NULL;NULL;NULL;NULL;NULL;NULL
*****297;17/06/1998;2;LEV;NULL;NULL;NULL;NULL;NULL;NULL;29/02/2024;NULL;NULL;NULL;NULL;NULL;NULL
*****709;9/01/1993;2;LEV;NULL;NULL;NULL;NULL;NULL;NULL;8/02/2025;NULL;NULL;NULL;NULL;NULL;NULL
*****098;15/10/1993;2;NULL;NULL;NULL;NULL;NULL;NULL;NULL;NULL;NULL;NULL;NULL;NULL;NULL;NULL
*****028;24/05/1990;2;MOD;18/02/2025;10.6;22/03/2025;10.4;NULL;NULL;NULL;NULL;NULL;NULL;18/02/2025;22/03/2025;NULL
*****605;17/05/2009;2;LEV;NULL;NULL;NULL;NULL;NULL;NULL;1/02/2025;NULL;NULL;NULL;NULL;NULL;NULL
*****936;8/01/1999;2;LEV;28/01/2024;14.5;NULL;NULL;NULL;NULL;11/06/2024;NULL;NULL;NULL;NULL;NULL;NULL
*****811;16/10/2001;2;LEV;16/11/2023;12.8;NULL;NULL;NULL;NULL;NULL;NULL;NULL;NULL;16/11/2023;NULL;NULL
*****273;15/03/1997;2;LEV;NULL;NULL;NULL;NULL;NULL;NULL;NULL;NULL;NULL;NULL;NULL;NULL;NULL
*****689;19/08/1988;2;LEV;NULL;NULL;NULL;NULL;NULL;NULL;NULL;NULL;NULL;NULL;NULL;NULL;NULL
*****090;30/09/1991;2;MOD;NULL;NULL;NULL;NULL;NULL;NULL;NULL;NULL;NULL;NULL;NULL;NULL;NULL
*****198;15/01/1993;1;LEV;NULL;NULL;NULL;NULL;NULL;NULL;NULL;NULL;NULL;NULL;NULL;NULL;NULL
*****769;21/12/2003;2;MOD;NULL;NULL;NULL;NULL;NULL;NULL;9/02/2024;NULL;NULL;NULL;NULL;NULL;NULL
*****075;10/07/1993;2;LEV;NULL;NULL;NULL;NULL;NULL;NULL;NULL;NULL;NULL;NULL;NULL;NULL;NULL
*****078;22/07/1997;2;LEV;NULL;NULL;NULL;NULL;NULL;NULL;NULL;NULL;NULL;NULL;NULL;NULL;NULL
*****772;14/02/1996;2;NULL;NULL;NULL;NULL;NULL;NULL;NULL;NULL;NULL;NULL;NULL;NULL;NULL;NULL
*****635;22/04/1999;2;LEV;NULL;NULL;NULL;NULL;NULL;NULL;5/11/2024;NULL;NULL;NULL;NULL;NULL;NULL
*****786;28/06/1998;2;LEV;6/11/2024;10.7;6/01/2025;13.2;NULL;NULL;NULL;NULL;NULL;NULL;6/11/2024;6/12/2024;6/01/2025
*****732;14/07/1988;2;LEV;3/09/2024;12.6;2/10/2024;12.6;NULL;NULL;NULL;NULL;NULL;NULL;3/09/2024;2/10/2024;3/11/2024
*****174;2/06/1994;2;MOD;NULL;NULL;21/10/2024;11.8;NULL;NULL;NULL;NULL;NULL;NULL;NULL;NULL;NULL
*****756;11/09/1995;2;NULL;NULL;NULL;NULL;NULL;NULL;NULL;NULL;NULL;NULL;NULL;NULL;NULL;NULL
*****089;30/06/1999;2;LEV;27/02/2025;12.9;NULL;NULL;NULL;NULL;NULL;NULL;NULL;NULL;27/02/2025;27/03/2025;27/04/2025
*****635;5/04/2006;2;MOD;NULL;NULL;NULL;NULL;NULL;NULL;NULL;NULL;NULL;NULL;NULL;NULL;NULL
*****159;21/01/2008;2;MOD;NULL;NULL;NULL;NULL;NULL;NULL;NULL;NULL;NULL;NULL;NULL;NULL;NULL
*****011;5/01/1999;2;LEV;16/01/2024;12.2;NULL;NULL;NULL;NULL;NULL;NULL;NULL;NULL;16/01/2024;NULL;NULL
*****162;26/02/2003;2;LEV;NULL;NULL;NULL;NULL;NULL;NULL;NULL;NULL;NULL;NULL;NULL;NULL;NULL
*****550;7/02/1983;2;MOD;20/11/2024;9.3;20/12/2024;8.4;NULL;NULL;NULL;NULL;NULL;NULL;20/11/2024;20/12/2024;20/01/2025
*****674;8/04/1985;2;NULL;NULL;NULL;NULL;NULL;NULL;NULL;NULL;NULL;NULL;NULL;NULL;NULL;NULL
*****834;24/10/1983;2;MOD;NULL;NULL;NULL;NULL;NULL;NULL;NULL;NULL;NULL;NULL;NULL;NULL;NULL
*****780;6/08/1989;2;NULL;NULL;NULL;NULL;NULL;NULL;NULL;26/01/2025;NULL;NULL;NULL;NULL;NULL;NULL
*****233;20/11/1992;1;LEV;NULL;NULL;NULL;NULL;NULL;NULL;NULL;NULL;NULL;NULL;NULL;NULL;NULL
*****335;31/08/2006;2;LEV;NULL;NULL;NULL;NULL;NULL;NULL;22/04/2025;12;NULL;NULL;NULL;NULL;NULL
*****025;3/10/1990;2;NULL;NULL;NULL;NULL;NULL;NULL;NULL;NULL;NULL;NULL;NULL;NULL;NULL;NULL
*****294;11/12/1997;2;MOD;NULL;NULL;NULL;NULL;NULL;NULL;NULL;NULL;NULL;NULL;NULL;NULL;NULL
*****038;31/10/2004;2;NULL;NULL;NULL;NULL;NULL;NULL;NULL;NULL;NULL;NULL;NULL;NULL;NULL;NULL
*****665;23/12/2000;1;NULL;NULL;NULL;NULL;NULL;NULL;NULL;NULL;NULL;NULL;NULL;NULL;NULL;NULL
*****632;15/06/2000;2;SEV;NULL;NULL;NULL;NULL;NULL;NULL;NULL;NULL;NULL;NULL;NULL;NULL;NULL
*****528;17/11/1983;2;LEV;NULL;NULL;NULL;NULL;NULL;NULL;NULL;NULL;NULL;NULL;NULL;NULL;NULL
*****463;24/02/1989;2;LEV;3/04/2025;13;3/05/2025;13;NULL;NULL;NULL;NULL;NULL;NULL;3/04/2025;3/05/2025;NULL
*****844;2/01/1990;2;LEV;NULL;NULL;NULL;NULL;NULL;NULL;NULL;NULL;NULL;NULL;NULL;NULL;NULL
*****970;11/07/1986;2;LEV;NULL;NULL;NULL;NULL;NULL;NULL;NULL;NULL;NULL;NULL;NULL;NULL;NULL
*****587;8/01/1991;2;LEV;9/12/2024;12.8;NULL;NULL;NULL;NULL;NULL;NULL;NULL;NULL;9/12/2024;NULL;NULL
*****836;1/02/1997;2;MOD;NULL;NULL;NULL;NULL;NULL;NULL;NULL;NULL;NULL;NULL;NULL;NULL;NULL
*****860;6/05/1990;2;LEV;NULL;NULL;NULL;NULL;NULL;NULL;NULL;NULL;NULL;NULL;NULL;NULL;NULL
*****668;25/03/1996;1;MOD;NULL;NULL;NULL;NULL;NULL;NULL;NULL;NULL;NULL;NULL;NULL;NULL;NULL
*****930;4/08/2003;2;NULL;NULL;NULL;NULL;NULL;NULL;NULL;NULL;NULL;NULL;NULL;NULL;NULL;NULL
*****049;16/07/2001;2;LEV;14/09/2024;12.3;14/10/2024;13.2;NULL;NULL;NULL;NULL;NULL;NULL;14/09/2024;14/10/2024;NULL
*****972;16/08/1999;2;LEV;NULL;NULL;NULL;NULL;NULL;NULL;NULL;NULL;NULL;NULL;NULL;NULL;NULL
*****661;26/02/1990;2;MOD;3/09/2024;11.8;5/10/2024;11.8;NULL;NULL;NULL;NULL;NULL;NULL;3/09/2024;5/10/2024;9/11/2024
*****351;6/04/1989;2;LEV;7/08/2024;NULL;NULL;NULL;NULL;NULL;12/12/2024;NULL;NULL;NULL;7/08/2024;NULL;NULL
*****020;23/08/1992;2;LEV;27/12/2024;12.6;27/01/2025;11.9;NULL;NULL;24/05/2025;NULL;NULL;NULL;NULL;NULL;NULL
*****153;22/10/1988;2;NULL;NULL;NULL;NULL;NULL;NULL;NULL;NULL;NULL;NULL;NULL;NULL;NULL;NULL
*****762;17/08/2006;2;MOD;27/05/2025;10.5;NULL;NULL;NULL;NULL;NULL;NULL;NULL;NULL;27/05/2025;NULL;NULL
*****699;6/01/1994;2;LEV;NULL;NULL;NULL;NULL;NULL;NULL;NULL;NULL;NULL;NULL;NULL;NULL;NULL
*****562;24/10/1997;1;NULL;NULL;NULL;NULL;NULL;NULL;NULL;NULL;NULL;NULL;NULL;NULL;NULL;NULL
*****004;1/12/1997;2;LEV;NULL;NULL;NULL;NULL;NULL;NULL;NULL;NULL;NULL;NULL;NULL;NULL;NULL
*****693;10/11/2001;2;SEV;NULL;NULL;NULL;NULL;NULL;NULL;NULL;NULL;NULL;NULL;NULL;NULL;NULL
*****986;1/05/2003;2;LEV;NULL;NULL;NULL;NULL;NULL;NULL;NULL;NULL;NULL;NULL;NULL;NULL;NULL
*****853;21/01/1982;2;LEV;NULL;NULL;NULL;NULL;NULL;NULL;NULL;NULL;NULL;NULL;NULL;NULL;NULL
*****022;11/05/1988;1;LEV;NULL;NULL;NULL;NULL;NULL;NULL;NULL;NULL;NULL;NULL;NULL;NULL;NULL
*****518;18/05/2005;2;LEV;NULL;NULL;NULL;NULL;NULL;NULL;20/05/2025;NULL;NULL;NULL;NULL;NULL;NULL
*****103;22/04/1999;2;NULL;NULL;NULL;NULL;NULL;NULL;NULL;NULL;NULL;NULL;NULL;NULL;NULL;NULL
*****453;15/09/2002;2;MOD;13/02/2025;10.7;14/03/2025;10.7;NULL;NULL;NULL;NULL;NULL;NULL;13/02/2025;14/03/2025;NULL
*****502;17/05/1996;2;LEV;NULL;NULL;NULL;NULL;NULL;NULL;NULL;NULL;NULL;NULL;NULL;NULL;NULL
*****619;26/02/2000;2;LEV;NULL;NULL;NULL;NULL;NULL;NULL;NULL;NULL;NULL;NULL;NULL;NULL;NULL
*****962;27/06/2000;1;LEV;NULL;NULL;NULL;NULL;NULL;NULL;NULL;NULL;NULL;NULL;NULL;NULL;NULL
*****225;16/11/1991;2;LEV;17/04/2024;12.5;17/07/2024;13.5;NULL;NULL;NULL;NULL;17/08/2024;16;NULL;NULL;NULL
*****082;15/02/1995;2;MOD;27/10/2023;10.3;NULL;NULL;NULL;NULL;24/02/2024;NULL;NULL;NULL;27/10/2023;NULL;NULL
*****240;2/11/1996;2;NULL;NULL;NULL;NULL;NULL;NULL;NULL;NULL;NULL;NULL;NULL;NULL;NULL;NULL
*****969;16/04/1997;2;LEV;NULL;NULL;NULL;NULL;NULL;NULL;NULL;NULL;NULL;NULL;NULL;NULL;NULL
*****965;22/10/1994;2;NULL;NULL;NULL;NULL;NULL;NULL;NULL;NULL;NULL;NULL;NULL;NULL;NULL;NULL
*****905;8/02/2003;2;MOD;NULL;NULL;NULL;NULL;NULL;NULL;6/01/2025;NULL;NULL;NULL;NULL;NULL;NULL
*****467;17/04/2001;2;NULL;NULL;NULL;NULL;NULL;NULL;NULL;7/09/2024;15.7;NULL;NULL;NULL;NULL;NULL
*****323;25/12/2003;2;MOD;NULL;NULL;NULL;NULL;NULL;NULL;NULL;NULL;NULL;NULL;NULL;NULL;NULL
*****030;10/02/1992;2;LEV;19/06/2024;12.3;NULL;NULL;NULL;NULL;NULL;NULL;NULL;NULL;NULL;NULL;NULL
*****971;1/02/1992;2;LEV;NULL;NULL;NULL;NULL;NULL;NULL;NULL;NULL;NULL;NULL;NULL;NULL;NULL
*****827;11/04/1992;2;LEV;NULL;NULL;NULL;NULL;NULL;NULL;26/01/2025;NULL;NULL;NULL;NULL;NULL;NULL
*****062;9/02/2007;2;MOD;6/06/2024;11.5;27/07/2024;11.2;NULL;NULL;NULL;NULL;NULL;NULL;6/06/2024;27/07/2024;NULL
*****472;4/01/2002;2;MOD;NULL;NULL;NULL;NULL;NULL;NULL;NULL;NULL;NULL;NULL;NULL;NULL;NULL
*****320;2/05/2006;2;LEV;25/02/2025;12.7;NULL;NULL;26/04/2025;12.7;NULL;NULL;NULL;NULL;25/02/2025;25/03/2025;26/04/2025
*****066;1/03/2002;2;LEV;24/07/2024;10.5;NULL;NULL;NULL;NULL;NULL;NULL;NULL;NULL;24/07/2024;26/08/2024;26/09/2024
*****492;27/05/2000;2;MOD;NULL;NULL;NULL;NULL;NULL;NULL;NULL;NULL;NULL;NULL;NULL;NULL;NULL
*****576;16/03/2006;2;NULL;NULL;NULL;NULL;NULL;NULL;NULL;NULL;NULL;NULL;NULL;NULL;NULL;NULL
*****492;18/10/1996;1;LEV;14/12/2024;12.2;14/01/2025;13.2;NULL;NULL;NULL;NULL;NULL;NULL;14/12/2024;1/09/2023;NULL
*****555;5/10/2004;2;NULL;NULL;NULL;NULL;NULL;NULL;NULL;NULL;NULL;NULL;NULL;NULL;NULL;NULL
*****655;14/01/1996;1;NULL;NULL;NULL;NULL;NULL;NULL;NULL;NULL;NULL;NULL;NULL;NULL;NULL;NULL
*****955;28/05/1999;2;NULL;NULL;NULL;NULL;NULL;NULL;NULL;NULL;NULL;NULL;NULL;NULL;NULL;NULL
*****392;16/10/1998;2;LEV;NULL;NULL;NULL;NULL;NULL;NULL;NULL;NULL;NULL;NULL;NULL;NULL;NULL
*****595;25/09/1998;2;LEV;23/12/2023;12.7;NULL;NULL;NULL;NULL;NULL;NULL;NULL;NULL;23/12/2023;NULL;NULL
*****996;26/05/1995;1;MOD;8/07/2024;9.9;NULL;NULL;NULL;NULL;NULL;NULL;NULL;NULL;8/07/2024;NULL;NULL
*****650;10/10/1993;1;LEV;NULL;NULL;NULL;NULL;NULL;NULL;NULL;NULL;NULL;NULL;NULL;NULL;NULL
*****016;23/07/2006;2;LEV;NULL;NULL;NULL;NULL;NULL;NULL;30/04/2024;NULL;NULL;NULL;5/01/2024;NULL;NULL
*****818;22/08/2004;2;LEV;9/09/2024;12.5;17/10/2024;12.5;NULL;NULL;12/01/2025;13.1;NULL;NULL;9/09/2024;17/10/2024;NULL
*****851;23/06/2008;2;LEV;NULL;NULL;NULL;NULL;NULL;NULL;24/11/2024;NULL;NULL;NULL;NULL;NULL;NULL
*****153;2/03/1997;2;NULL;NULL;NULL;NULL;NULL;NULL;NULL;NULL;NULL;NULL;NULL;NULL;NULL;NULL
*****593;24/03/2002;2;LEV;15/04/2025;12.8;15/05/2025;13.3;NULL;NULL;NULL;NULL;NULL;NULL;15/04/2025;15/05/2025;NULL
*****801;28/06/2001;2;LEV;NULL;NULL;NULL;NULL;NULL;NULL;NULL;NULL;NULL;NULL;27/01/2024;NULL;NULL
*****827;13/09/1986;2;LEV;NULL;NULL;NULL;NULL;NULL;NULL;NULL;NULL;NULL;NULL;NULL;NULL;NULL
*****344;24/12/1979;2;MOD;NULL;NULL;NULL;NULL;NULL;NULL;NULL;NULL;NULL;NULL;NULL;NULL;NULL
*****160;24/02/1992;2;NULL;NULL;NULL;NULL;NULL;NULL;NULL;NULL;NULL;NULL;NULL;NULL;NULL;NULL
*****821;8/03/1991;2;LEV;NULL;NULL;NULL;NULL;NULL;NULL;NULL;NULL;NULL;NULL;NULL;NULL;NULL
*****086;6/02/1993;2;LEV;NULL;NULL;NULL;NULL;NULL;NULL;NULL;NULL;NULL;NULL;NULL;NULL;NULL
*****188;28/07/1993;2;LEV;26/02/2024;10.4;26/03/2024;12.2;NULL;NULL;17/07/2024;NULL;NULL;NULL;26/02/2024;26/03/2024;26/04/2024
*****259;19/07/1994;2;LEV;NULL;NULL;NULL;NULL;NULL;NULL;NULL;NULL;NULL;NULL;NULL;NULL;NULL
*****998;24/11/1993;2;LEV;19/10/2023;12.4;NULL;NULL;NULL;NULL;NULL;NULL;NULL;NULL;NULL;NULL;NULL
*****929;27/10/2000;2;MOD;NULL;NULL;NULL;NULL;NULL;NULL;NULL;NULL;NULL;NULL;NULL;NULL;NULL
*****710;20/08/1995;2;LEV;NULL;NULL;NULL;NULL;NULL;NULL;NULL;NULL;NULL;NULL;NULL;NULL;NULL
*****066;16/06/2000;2;LEV;15/08/2024;12.2;15/09/2024;12.7;NULL;NULL;NULL;NULL;NULL;NULL;15/08/2024;15/09/2024;NULL
*****513;25/08/2004;2;NULL;NULL;NULL;NULL;NULL;NULL;NULL;17/05/2024;NULL;NULL;NULL;NULL;NULL;NULL
*****131;14/03/2005;2;NULL;NULL;NULL;NULL;NULL;NULL;NULL;NULL;NULL;NULL;NULL;NULL;NULL;NULL
*****439;3/09/1982;2;MOD;NULL;NULL;NULL;NULL;NULL;NULL;NULL;NULL;NULL;NULL;NULL;NULL;NULL
*****468;27/06/1988;2;MOD;NULL;NULL;NULL;NULL;NULL;NULL;NULL;NULL;NULL;NULL;NULL;NULL;NULL
*****067;6/03/1988;2;MOD;NULL;NULL;NULL;NULL;NULL;NULL;NULL;NULL;NULL;NULL;NULL;NULL;NULL
*****257;12/11/1990;2;NULL;NULL;NULL;NULL;NULL;NULL;NULL;NULL;NULL;NULL;NULL;NULL;NULL;NULL
*****731;9/09/1999;2;MOD;NULL;NULL;NULL;NULL;NULL;NULL;NULL;NULL;NULL;NULL;NULL;NULL;NULL
*****574;2/02/2004;2;LEV;7/08/2024;12.5;NULL;NULL;NULL;NULL;NULL;NULL;NULL;NULL;7/08/2024;NULL;NULL
*****589;12/05/2001;2;LEV;NULL;NULL;NULL;NULL;NULL;NULL;NULL;NULL;NULL;NULL;NULL;NULL;NULL
*****987;30/03/1999;1;MOD;1/03/2024;11.1;NULL;NULL;NULL;NULL;NULL;NULL;NULL;NULL;1/03/2024;NULL;NULL
*****182;25/10/1994;2;NULL;NULL;NULL;NULL;NULL;NULL;NULL;24/11/2024;NULL;NULL;NULL;NULL;NULL;NULL
*****519;20/05/2003;2;LEV;NULL;NULL;6/01/2025;13.5;NULL;NULL;26/02/2025;14.1;NULL;NULL;NULL;NULL;NULL
*****167;19/01/2009;2;LEV;NULL;NULL;NULL;NULL;NULL;NULL;22/11/2024;NULL;NULL;NULL;NULL;NULL;NULL
*****231;6/01/2006;2;LEV;25/10/2024;12.1;25/11/2024;14.8;NULL;NULL;NULL;NULL;NULL;NULL;25/10/2024;25/11/2024;23/12/2024
*****917;20/10/1993;1;NULL;NULL;NULL;NULL;NULL;NULL;NULL;NULL;NULL;NULL;NULL;NULL;NULL;NULL
*****993;12/05/1996;2;NULL;NULL;NULL;NULL;NULL;NULL;NULL;NULL;NULL;NULL;NULL;NULL;NULL;NULL
*****568;1/07/1998;2;NULL;NULL;NULL;NULL;NULL;NULL;NULL;NULL;NULL;NULL;NULL;NULL;NULL;NULL
*****242;28/12/1999;3;LEV;NULL;NULL;NULL;NULL;NULL;NULL;NULL;NULL;NULL;NULL;NULL;NULL;NULL
*****376;10/10/1987;2;LEV;NULL;NULL;NULL;NULL;NULL;NULL;29/12/2024;NULL;NULL;NULL;NULL;NULL;NULL
*****494;13/12/1987;2;LEV;NULL;NULL;NULL;NULL;NULL;NULL;NULL;NULL;NULL;NULL;NULL;NULL;NULL
*****408;13/09/1989;2;LEV;NULL;NULL;NULL;NULL;NULL;NULL;NULL;NULL;NULL;NULL;NULL;NULL;NULL
*****315;25/12/1991;2;MOD;NULL;NULL;NULL;NULL;NULL;NULL;NULL;NULL;NULL;NULL;NULL;NULL;NULL
*****143;21/05/1991;2;LEV;31/07/2024;12.8;NULL;NULL;NULL;NULL;NULL;NULL;NULL;NULL;31/07/2024;NULL;NULL
*****409;7/01/1991;2;MOD;NULL;NULL;NULL;NULL;NULL;NULL;NULL;NULL;NULL;NULL;NULL;NULL;NULL
*****070;11/10/2003;2;LEV;NULL;NULL;NULL;NULL;NULL;NULL;NULL;NULL;NULL;NULL;NULL;NULL;NULL
*****591;26/05/2002;2;LEV;NULL;NULL;NULL;NULL;NULL;NULL;NULL;NULL;NULL;NULL;NULL;NULL;NULL
*****563;15/10/1996;1;MOD;NULL;NULL;NULL;NULL;NULL;NULL;NULL;NULL;NULL;NULL;NULL;NULL;NULL
*****181;8/07/1998;2;LEV;NULL;NULL;NULL;NULL;NULL;NULL;NULL;NULL;NULL;NULL;NULL;NULL;NULL
*****171;21/03/1984;2;NULL;NULL;NULL;NULL;NULL;NULL;NULL;NULL;NULL;NULL;NULL;NULL;NULL;NULL
*****572;27/09/1983;1;NULL;NULL;NULL;NULL;NULL;NULL;NULL;27/08/2024;NULL;NULL;NULL;NULL;NULL;NULL
*****211;24/06/2004;2;LEV;NULL;NULL;NULL;NULL;NULL;NULL;4/08/2024;NULL;NULL;NULL;NULL;NULL;NULL
*****533;15/07/2007;2;LEV;NULL;NULL;NULL;NULL;26/01/2024;13.5;11/02/2024;NULL;NULL;NULL;28/10/2023;NULL;NULL
*****802;4/04/1990;2;LEV;NULL;NULL;NULL;NULL;NULL;NULL;NULL;NULL;NULL;NULL;NULL;NULL;NULL
*****024;31/12/2008;2;LEV;NULL;NULL;NULL;NULL;NULL;NULL;NULL;NULL;NULL;NULL;NULL;NULL;NULL
*****108;25/05/1999;2;LEV;30/12/2024;12.8;30/01/2025;13.8;NULL;NULL;NULL;NULL;NULL;NULL;30/12/2024;30/01/2025;NULL
*****369;9/07/1994;2;LEV;NULL;NULL;NULL;NULL;NULL;NULL;25/03/2025;NULL;NULL;NULL;NULL;NULL;NULL
*****032;25/06/1996;2;LEV;NULL;NULL;NULL;NULL;NULL;NULL;NULL;NULL;NULL;NULL;NULL;NULL;NULL
*****633;13/02/1983;2;LEV;NULL;NULL;30/05/2025;12.1;NULL;NULL;NULL;NULL;NULL;NULL;NULL;NULL;NULL
*****028;18/12/1988;2;LEV;NULL;NULL;NULL;NULL;NULL;NULL;NULL;NULL;NULL;NULL;NULL;NULL;NULL
*****458;15/07/1989;1;LEV;26/01/2025;12.7;NULL;NULL;NULL;NULL;NULL;NULL;NULL;NULL;NULL;NULL;NULL
*****630;19/03/1991;2;MOD;NULL;NULL;NULL;NULL;NULL;NULL;NULL;NULL;NULL;NULL;NULL;NULL;NULL
*****899;11/05/1987;2;MOD;NULL;NULL;NULL;NULL;NULL;NULL;NULL;NULL;NULL;NULL;NULL;NULL;NULL
*****840;6/05/1993;1;LEV;NULL;NULL;NULL;NULL;NULL;NULL;NULL;NULL;NULL;NULL;10/01/2025;NULL;NULL
*****446;18/07/1997;2;MOD;NULL;NULL;NULL;NULL;NULL;NULL;NULL;NULL;NULL;NULL;NULL;NULL;NULL
*****049;9/01/2004;2;LEV;NULL;NULL;NULL;NULL;NULL;NULL;NULL;NULL;NULL;NULL;NULL;NULL;NULL
*****417;27/02/1994;2;LEV;NULL;NULL;NULL;NULL;NULL;NULL;NULL;NULL;NULL;NULL;NULL;NULL;NULL
*****614;1/07/2005;2;MOD;NULL;NULL;NULL;NULL;NULL;NULL;NULL;NULL;NULL;NULL;NULL;NULL;NULL
*****938;24/06/2002;2;LEV;NULL;NULL;NULL;NULL;NULL;NULL;NULL;NULL;NULL;NULL;NULL;NULL;NULL
*****869;5/02/1989;2;LEV;17/05/2024;12.9;NULL;NULL;NULL;NULL;NULL;NULL;NULL;NULL;NULL;NULL;NULL
*****806;30/01/1993;2;LEV;14/09/2024;12.4;NULL;NULL;NULL;NULL;NULL;NULL;NULL;NULL;NULL;NULL;NULL
*****993;1/01/2008;2;LEV;NULL;NULL;NULL;NULL;NULL;NULL;NULL;NULL;NULL;NULL;NULL;NULL;NULL
*****084;29/10/1996;1;MOD;NULL;NULL;NULL;NULL;NULL;NULL;NULL;NULL;NULL;NULL;NULL;NULL;NULL
*****902;15/07/1996;2;LEV;NULL;NULL;NULL;NULL;NULL;NULL;NULL;NULL;NULL;NULL;NULL;NULL;NULL
*****744;1/02/1997;2;LEV;NULL;NULL;NULL;NULL;NULL;NULL;NULL;NULL;NULL;NULL;NULL;NULL;NULL
*****531;4/02/1998;2;LEV;NULL;NULL;NULL;NULL;NULL;NULL;NULL;NULL;NULL;NULL;NULL;NULL;NULL
*****289;4/07/1995;2;LEV;NULL;NULL;NULL;NULL;NULL;NULL;NULL;NULL;NULL;NULL;NULL;NULL;NULL
*****942;10/06/2003;2;NULL;NULL;NULL;NULL;NULL;NULL;NULL;NULL;NULL;NULL;NULL;NULL;NULL;NULL
*****076;23/01/1985;2;LEV;NULL;NULL;NULL;NULL;NULL;NULL;NULL;NULL;NULL;NULL;NULL;NULL;NULL
*****889;13/10/1989;2;NULL;NULL;NULL;NULL;NULL;NULL;NULL;NULL;NULL;NULL;NULL;NULL;NULL;NULL
*****731;1/01/1992;2;LEV;1/07/2024;10.8;NULL;NULL;NULL;NULL;NULL;NULL;NULL;NULL;1/07/2024;NULL;NULL
*****725;20/08/1993;2;NULL;NULL;NULL;NULL;NULL;NULL;NULL;NULL;NULL;NULL;NULL;NULL;NULL;NULL
*****848;12/06/1999;2;LEV;NULL;NULL;NULL;NULL;NULL;NULL;NULL;NULL;NULL;NULL;NULL;NULL;NULL
*****617;8/06/1999;2;NULL;NULL;NULL;NULL;NULL;NULL;NULL;NULL;NULL;NULL;NULL;NULL;NULL;NULL
*****681;6/07/1997;2;LEV;NULL;NULL;NULL;NULL;NULL;NULL;NULL;NULL;NULL;NULL;NULL;NULL;NULL
*****277;16/08/1997;2;NULL;NULL;NULL;NULL;NULL;NULL;NULL;NULL;NULL;NULL;NULL;NULL;NULL;NULL
*****334;9/11/1995;2;LEV;NULL;NULL;NULL;NULL;NULL;NULL;NULL;NULL;NULL;NULL;27/10/2024;NULL;NULL
*****327;18/11/1994;2;LEV;NULL;NULL;NULL;NULL;NULL;NULL;NULL;NULL;NULL;NULL;NULL;NULL;NULL
*****508;24/05/1998;2;LEV;NULL;NULL;NULL;NULL;NULL;NULL;NULL;NULL;NULL;NULL;NULL;NULL;NULL
*****808;10/05/1996;2;LEV;11/03/2024;12.6;NULL;NULL;NULL;NULL;NULL;NULL;NULL;NULL;11/03/2024;NULL;NULL
*****079;10/04/1993;2;LEV;15/06/2024;12.5;NULL;NULL;NULL;NULL;NULL;NULL;NULL;NULL;NULL;NULL;NULL
*****459;25/01/2007;2;LEV;29/01/2024;12.4;NULL;NULL;NULL;NULL;NULL;NULL;NULL;NULL;29/01/2024;NULL;NULL
*****568;30/04/2007;2;NULL;NULL;NULL;NULL;NULL;NULL;NULL;NULL;NULL;NULL;NULL;NULL;NULL;NULL
*****726;3/08/2006;2;LEV;28/04/2025;12;NULL;NULL;NULL;NULL;NULL;NULL;NULL;NULL;NULL;NULL;NULL
*****949;27/02/1989;2;LEV;NULL;NULL;NULL;NULL;NULL;NULL;NULL;NULL;NULL;NULL;NULL;NULL;NULL
*****442;10/06/1992;2;MOD;NULL;NULL;NULL;NULL;NULL;NULL;NULL;NULL;NULL;NULL;6/05/2025;NULL;NULL
*****070;9/07/2001;2;LEV;NULL;NULL;NULL;NULL;NULL;NULL;NULL;NULL;NULL;NULL;NULL;NULL;NULL
*****994;16/03/1992;2;NULL;NULL;NULL;NULL;NULL;NULL;NULL;NULL;NULL;NULL;NULL;NULL;NULL;NULL
*****035;30/08/1990;2;LEV;NULL;NULL;NULL;NULL;NULL;NULL;23/04/2025;9.7;NULL;NULL;NULL;NULL;NULL
*****000;26/07/1994;2;LEV;NULL;NULL;NULL;NULL;NULL;NULL;NULL;NULL;NULL;NULL;NULL;NULL;NULL
*****893;9/11/1983;2;MOD;14/02/2025;9.7;NULL;NULL;24/04/2025;12.4;NULL;NULL;NULL;NULL;14/02/2025;14/03/2025;24/04/2025
*****209;15/08/1995;2;MOD;4/03/2024;11.5;NULL;NULL;NULL;NULL;28/06/2024;NULL;NULL;NULL;4/03/2024;4/04/2024;NULL
*****183;3/05/2007;1;LEV;NULL;NULL;NULL;NULL;NULL;NULL;NULL;NULL;NULL;NULL;NULL;NULL;NULL
*****842;13/12/2002;2;LEV;NULL;NULL;NULL;NULL;NULL;NULL;NULL;NULL;NULL;NULL;NULL;NULL;NULL
*****925;18/02/1984;1;LEV;NULL;NULL;NULL;NULL;NULL;NULL;NULL;NULL;NULL;NULL;NULL;NULL;NULL
*****467;8/08/1985;2;LEV;NULL;NULL;NULL;NULL;NULL;NULL;NULL;NULL;NULL;NULL;NULL;NULL;NULL
*****982;8/11/1989;2;NULL;NULL;NULL;NULL;NULL;NULL;NULL;NULL;NULL;NULL;NULL;NULL;NULL;NULL
*****955;9/09/1989;2;MOD;4/09/2024;9.9;4/10/2024;9.9;NULL;NULL;NULL;NULL;NULL;NULL;4/09/2024;4/10/2024;NULL
*****503;2/12/1988;2;LEV;NULL;NULL;NULL;NULL;NULL;NULL;16/12/2024;NULL;NULL;NULL;NULL;NULL;NULL
*****549;20/12/1989;2;NULL;NULL;NULL;NULL;NULL;NULL;NULL;NULL;NULL;NULL;NULL;NULL;NULL;NULL
*****484;2/10/2002;2;NULL;NULL;NULL;NULL;NULL;NULL;NULL;NULL;NULL;NULL;NULL;NULL;NULL;NULL
*****375;25/04/1991;2;NULL;NULL;NULL;NULL;NULL;NULL;NULL;NULL;NULL;NULL;NULL;NULL;NULL;NULL
*****760;16/10/1988;2;NULL;NULL;NULL;NULL;NULL;NULL;NULL;NULL;NULL;NULL;NULL;NULL;NULL;NULL
*****023;7/07/2001;2;MOD;NULL;NULL;14/04/2025;12.1;19/05/2025;11.4;NULL;NULL;NULL;NULL;16/03/2025;14/04/2025;19/05/2025
*****230;22/05/1983;2;MOD;NULL;NULL;NULL;NULL;NULL;NULL;NULL;NULL;NULL;NULL;NULL;NULL;NULL
*****845;10/09/1995;2;LEV;NULL;NULL;NULL;NULL;NULL;NULL;24/03/2024;NULL;NULL;NULL;24/11/2023;NULL;NULL
*****787;12/04/1998;2;NULL;NULL;NULL;NULL;NULL;NULL;NULL;NULL;NULL;NULL;NULL;NULL;NULL;NULL
*****783;27/05/2006;2;NULL;NULL;NULL;NULL;NULL;NULL;NULL;NULL;NULL;NULL;NULL;NULL;NULL;NULL
*****285;30/10/2004;1;NULL;NULL;NULL;NULL;NULL;NULL;NULL;NULL;NULL;NULL;NULL;NULL;NULL;NULL
*****962;5/12/2005;2;NULL;NULL;NULL;NULL;NULL;NULL;NULL;NULL;NULL;NULL;NULL;NULL;NULL;NULL
*****979;16/12/1991;1;NULL;NULL;NULL;NULL;NULL;NULL;NULL;NULL;NULL;NULL;NULL;NULL;NULL;NULL
*****990;25/03/2007;1;NULL;NULL;NULL;NULL;NULL;4/10/2024;NULL;9/11/2024;NULL;NULL;NULL;NULL;NULL;NULL
*****515;23/08/1988;2;NULL;NULL;NULL;28/08/2024;NULL;NULL;NULL;NULL;NULL;NULL;NULL;NULL;NULL;NULL
*****491;24/01/1989;2;NULL;NULL;NULL;NULL;NULL;NULL;NULL;NULL;NULL;NULL;NULL;NULL;NULL;NULL
*****309;29/07/1997;2;NULL;NULL;NULL;NULL;NULL;NULL;NULL;22/02/2025;NULL;NULL;NULL;NULL;NULL;NULL
*****755;1/07/2004;2;NULL;NULL;NULL;NULL;NULL;NULL;NULL;NULL;NULL;NULL;NULL;NULL;NULL;NULL
*****182;6/07/1992;2;LEV;NULL;NULL;NULL;NULL;NULL;NULL;8/09/2024;NULL;NULL;NULL;NULL;NULL;NULL
*****662;6/04/1987;2;MOD;NULL;NULL;NULL;NULL;NULL;NULL;NULL;NULL;NULL;NULL;NULL;NULL;NULL
*****726;30/08/1994;2;MOD;NULL;NULL;27/05/2025;11.9;NULL;NULL;NULL;NULL;NULL;NULL;27/04/2025;27/05/2025;NULL
*****979;6/06/1996;1;LEV;NULL;NULL;20/12/2024;NULL;NULL;NULL;19/02/2025;15.1;NULL;NULL;20/11/2024;20/12/2024;NULL
*****675;10/01/1992;2;LEV;NULL;NULL;NULL;NULL;NULL;NULL;NULL;NULL;NULL;NULL;18/12/2024;17/01/2025;16/02/2025
*****046;30/11/1989;2;LEV;16/01/2025;12.7;15/02/2025;12.9;17/03/2025;12.9;16/04/2025;14;16/05/2025;12.5;16/01/2025;15/02/2025;17/03/2025
*****750;13/12/1999;2;LEV;NULL;NULL;NULL;NULL;NULL;NULL;NULL;NULL;5/05/2025;15.2;3/01/2025;3/02/2025;NULL
*****124;19/03/1991;1;LEV;NULL;NULL;NULL;NULL;NULL;NULL;NULL;NULL;NULL;NULL;22/03/2025;21/04/2025;21/05/2025
*****249;13/09/1986;1;LEV;NULL;NULL;NULL;NULL;NULL;NULL;27/03/2025;13.6;NULL;NULL;12/12/2024;10/01/2025;9/02/2025
*****176;29/05/1997;2;LEV;25/02/2025;13.5;NULL;NULL;NULL;NULL;NULL;NULL;NULL;NULL;25/02/2025;25/03/2025;25/04/2025
*****758;10/04/1998;2;LEV;NULL;NULL;NULL;NULL;NULL;NULL;NULL;NULL;NULL;NULL;4/12/2023;NULL;NULL
*****328;5/04/1984;2;LEV;10/04/2025;13.8;9/05/2025;13;NULL;NULL;NULL;NULL;NULL;NULL;10/04/2025;9/05/2025;NULL
*****524;6/09/1993;2;LEV;3/03/2024;14.4;3/06/2024;12.9;NULL;NULL;NULL;NULL;NULL;NULL;3/03/2024;3/04/2024;3/05/2024
*****389;20/06/2002;2;MOD;NULL;NULL;NULL;NULL;NULL;NULL;NULL;NULL;NULL;NULL;15/02/2025;15/03/2025;13/04/2025
*****394;12/06/1984;2;LEV;NULL;NULL;NULL;NULL;NULL;NULL;NULL;NULL;NULL;NULL;5/07/2024;NULL;NULL
*****851;4/01/1999;2;LEV;3/12/2023;12.8;NULL;NULL;NULL;NULL;NULL;NULL;NULL;NULL;3/12/2023;NULL;NULL
*****096;25/04/2005;2;LEV;10/03/2024;13.5;10/06/2024;13.4;NULL;NULL;NULL;NULL;NULL;NULL;10/03/2024;NULL;NULL
*****012;8/10/2007;2;LEV;NULL;NULL;NULL;NULL;NULL;NULL;NULL;NULL;NULL;NULL;NULL;NULL;NULL
*****925;28/12/1997;2;LEV;NULL;NULL;20/05/2024;13;23/06/2024;12.6;NULL;NULL;NULL;NULL;NULL;NULL;NULL
*****934;24/04/1999;2;LEV;15/09/2024;12.7;15/11/2024;13.9;NULL;NULL;NULL;NULL;NULL;NULL;NULL;NULL;NULL
*****388;6/02/1998;2;MOD;4/11/2023;9.7;NULL;NULL;10/02/2024;9.2;NULL;NULL;9/04/2024;11.2;4/11/2023;10/02/2024;NULL
*****191;11/11/2005;2;MOD;20/12/2023;12.8;20/01/2024;11.8;NULL;NULL;NULL;NULL;2/05/2024;13.6;20/12/2023;21/01/2024;2/05/2024
*****052;3/03/2005;2;LEV;19/11/2023;NULL;NULL;NULL;NULL;NULL;27/03/2024;9.2;NULL;NULL;19/11/2023;19/12/2023;18/01/2024
*****421;15/09/1991;2;LEV;23/10/2023;15.6;NULL;NULL;NULL;NULL;NULL;NULL;NULL;NULL;23/10/2023;NULL;NULL
*****135;12/01/2008;2;LEV;1/08/2024;13.5;NULL;NULL;NULL;NULL;NULL;NULL;NULL;NULL;1/08/2024;NULL;NULL
*****062;8/03/2006;2;LEV;7/08/2024;13.1;5/09/2024;13.3;NULL;NULL;NULL;NULL;NULL;NULL;7/08/2024;5/09/2024;5/10/2024
*****444;12/12/1997;1;MOD;10/01/2024;13.4;NULL;NULL;NULL;NULL;27/05/2024;NULL;NULL;NULL;10/01/2024;9/02/2024;NULL
*****039;11/07/2004;2;LEV;19/01/2024;14.2;NULL;NULL;NULL;NULL;NULL;NULL;NULL;NULL;19/01/2024;18/02/2024;19/03/2024
*****608;1/05/2004;2;LEV;29/01/2024;13.5;28/02/2024;14.5;29/03/2024;13;28/04/2024;11.6;28/05/2024;12;29/01/2024;28/02/2024;29/03/2024
*****756;18/12/1985;2;LEV;13/12/2024;12.6;NULL;NULL;12/02/2025;14.4;8/04/2025;12.2;NULL;NULL;13/12/2024;13/01/2025;12/02/2025
*****985;3/04/1990;2;MOD;22/05/2024;12.6;NULL;NULL;NULL;NULL;26/09/2024;15.2;NULL;NULL;22/05/2024;21/06/2024;21/07/2024
*****191;23/10/1985;10;LEV;27/08/2024;13.4;27/09/2024;12;28/10/2024;15.2;NULL;NULL;NULL;NULL;27/08/2024;27/09/2024;28/10/2024
*****998;1/08/1992;2;MOD;13/02/2024;12.2;14/03/2024;14.4;NULL;NULL;NULL;NULL;NULL;NULL;13/02/2024;14/03/2024;13/04/2024
*****739;3/02/1997;2;LEV;26/03/2025;12.4;25/04/2025;15.7;NULL;NULL;NULL;NULL;NULL;NULL;26/03/2025;25/04/2025;25/05/2025
*****368;9/08/2003;2;LEV;25/04/2025;17;NULL;NULL;NULL;NULL;NULL;NULL;NULL;NULL;25/04/2025;26/05/2025;NULL
*****299;2/01/2003;2;LEV;17/11/2023;NULL;NULL;NULL;17/01/2024;10;6/04/2024;10;NULL;NULL;17/11/2023;18/12/2023;17/01/2024
*****811;10/08/2005;1;MOD;13/02/2025;12.8;15/03/2025;15.6;16/05/2025;14.9;NULL;NULL;NULL;NULL;13/02/2025;15/03/2025;NULL
*****979;19/04/2009;2;MOD;6/12/2024;12;6/01/2025;11.7;NULL;NULL;20/03/2025;15;NULL;NULL;6/12/2024;6/01/2025;NULL
*****609;9/05/2001;1;LEV;24/08/2024;12.7;NULL;NULL;NULL;NULL;NULL;NULL;NULL;NULL;24/08/2024;NULL;NULL
*****891;9/06/2003;2;LEV;20/10/2023;NULL;NULL;NULL;NULL;NULL;21/02/2024;16;NULL;NULL;20/10/2023;19/11/2023;19/12/2023
*****976;17/02/1981;2;MOD;12/12/2023;11.6;NULL;NULL;25/02/2024;14.2;10/04/2024;15.6;NULL;NULL;12/12/2023;10/01/2024;10/02/2024
*****549;27/01/2005;2;MOD;17/11/2023;NULL;NULL;NULL;14/02/2024;12.8;20/03/2024;16;NULL;NULL;17/11/2023;17/12/2023;16/01/2024
*****533;6/06/2000;2;LEV;16/07/2024;13.4;NULL;NULL;NULL;NULL;17/10/2024;15;NULL;NULL;16/07/2024;13/08/2024;NULL
*****387;17/11/1990;2;LEV;27/07/2024;13.4;NULL;NULL;NULL;NULL;17/11/2024;12.1;NULL;NULL;27/07/2024;26/08/2024;25/09/2024
*****072;26/10/2001;1;LEV;23/05/2024;11.8;NULL;NULL;NULL;NULL;24/08/2024;15;NULL;NULL;23/05/2024;NULL;NULL
*****039;20/07/1998;2;MOD;30/01/2024;12.5;NULL;NULL;8/04/2024;13.6;NULL;NULL;NULL;NULL;30/01/2024;8/04/2024;NULL
*****306;2/06/2005;2;MOD;18/04/2024;10;18/05/2024;11.6;NULL;NULL;NULL;NULL;NULL;NULL;18/04/2024;18/05/2024;16/06/2024
*****440;27/03/2007;2;LEV;27/04/2024;13;NULL;NULL;NULL;NULL;15/08/2024;15;NULL;NULL;27/04/2024;27/05/2024;26/06/2024
*****111;22/12/2005;2;MOD;19/05/2024;10.7;20/08/2024;9.9;NULL;NULL;19/08/2024;8.8;NULL;NULL;19/05/2024;21/06/2024;20/07/2024
*****190;8/01/1994;2;LEV;22/09/2024;12.1;22/10/2024;14;NULL;NULL;NULL;NULL;NULL;NULL;22/09/2024;22/10/2024;NULL
*****615;19/09/1989;2;MOD;3/02/2025;11.3;5/03/2025;12.7;4/04/2025;13.2;NULL;NULL;NULL;NULL;3/02/2025;7/03/2025;NULL
*****431;6/01/1991;2;MOD;9/04/2024;12.2;NULL;NULL;NULL;NULL;28/07/2024;15;NULL;NULL;9/04/2024;9/05/2024;9/06/2024
*****519;5/01/1995;2;MOD;30/03/2024;13;NULL;NULL;NULL;NULL;NULL;NULL;NULL;NULL;30/03/2024;28/04/2024;NULL
*****908;5/11/1994;2;MOD;13/11/2023;NULL;NULL;NULL;NULL;NULL;NULL;NULL;NULL;NULL;13/11/2023;14/10/2023;NULL
*****432;23/01/2003;2;MOD;29/03/2024;12.8;NULL;NULL;NULL;NULL;NULL;NULL;NULL;NULL;29/03/2024;NULL;NULL
*****032;15/10/2006;2;MOD;13/03/2024;12.8;NULL;NULL;NULL;NULL;26/06/2024;15.4;NULL;NULL;13/03/2024;12/04/2024;11/05/2024
*****056;1/03/2008;2;LEV;15/02/2025;13.2;17/03/2025;14.1;NULL;NULL;NULL;NULL;NULL;NULL;15/02/2025;17/03/2025;15/04/2025
*****998;18/06/1986;2;LEV;7/03/2024;14;6/04/2024;14.7;6/05/2024;15;NULL;NULL;NULL;NULL;7/03/2024;6/04/2024;6/05/2024
*****345;27/05/1989;2;LEV;9/05/2024;13.1;NULL;NULL;8/07/2024;13.8;18/09/2024;15;NULL;NULL;9/05/2024;8/06/2024;15/07/2024
*****650;26/06/1994;2;LEV;22/05/2025;NULL;NULL;NULL;NULL;NULL;NULL;NULL;NULL;NULL;22/05/2025;NULL;NULL
*****504;9/06/2000;2;MOD;13/09/2024;11.4;13/10/2024;10.2;14/11/2024;9.5;13/01/2025;12.7;NULL;NULL;13/09/2024;13/10/2024;14/11/2024
*****443;14/09/2004;2;MOD;9/04/2024;13.2;9/05/2024;13.3;8/06/2024;11;30/07/2024;15.7;NULL;NULL;9/04/2024;10/05/2024;8/06/2024
*****343;20/10/2000;1;MOD;15/07/2024;11.6;NULL;NULL;NULL;NULL;NULL;NULL;NULL;NULL;15/07/2024;NULL;NULL
*****849;19/05/2009;2;LEV;19/11/2024;13.6;19/12/2024;13;19/01/2025;12.8;18/02/2025;12.1;20/03/2025;11.6;19/11/2024;19/12/2024;6/01/2025
*****774;26/07/2001;2;MOD;6/09/2024;10.6;6/10/2024;10.7;NULL;NULL;5/12/2024;10.9;4/01/2025;11.8;6/09/2024;6/10/2024;5/11/2024
*****744;16/04/1987;1;MOD;6/06/2024;NULL;6/07/2024;10.9;5/08/2024;11.3;24/09/2024;12;NULL;NULL;6/06/2024;6/07/2024;5/08/2024
*****369;16/05/1998;2;MOD;26/10/2023;NULL;26/11/2023;NULL;NULL;NULL;NULL;NULL;NULL;NULL;26/10/2023;26/11/2023;NULL
*****393;29/11/2006;2;MOD;2/08/2024;11.6;NULL;NULL;NULL;NULL;NULL;NULL;NULL;NULL;2/08/2024;NULL;NULL
*****876;10/10/1995;2;MOD;NULL;NULL;NULL;NULL;NULL;NULL;NULL;NULL;NULL;NULL;17/05/2025;18/11/2024;18/12/2024
*****932;31/01/1999;1;MOD;31/10/2024;12.3;30/11/2024;13.7;30/12/2024;12.7;24/03/2025;13.4;NULL;NULL;31/10/2024;30/11/2024;30/12/2024
*****421;7/01/2000;2;NULL;NULL;NULL;NULL;NULL;NULL;NULL;NULL;NULL;NULL;NULL;NULL;NULL;NULL
*****701;18/09/1989;2;LEV;21/01/2025;NULL;21/02/2025;NULL;24/03/2025;NULL;NULL;NULL;NULL;NULL;21/01/2025;21/02/2025;24/03/2025
*****137;2/05/1993;2;LEV;14/04/2024;NULL;NULL;NULL;15/06/2024;NULL;30/07/2024;NULL;12/08/2024;NULL;14/04/2024;5/05/2024;15/06/2024
*****520;18/09/1993;2;NULL;NULL;NULL;NULL;NULL;NULL;NULL;NULL;NULL;NULL;NULL;NULL;NULL;NULL
*****571;14/01/2006;2;LEV;16/08/2024;NULL;16/09/2024;NULL;23/11/2024;NULL;10/12/2024;NULL;23/01/2025;NULL;16/08/2024;16/09/2024;23/11/2024
*****553;20/12/2004;2;LEV;8/09/2024;NULL;29/10/2024;11.3;21/11/2024;13.5;28/12/2024;NULL;NULL;NULL;8/09/2024;29/10/2024;21/11/2024
*****544;11/06/1995;2;NULL;NULL;NULL;NULL;NULL;NULL;NULL;NULL;NULL;NULL;NULL;NULL;NULL;NULL
*****926;16/11/1989;2;LEV;29/04/2024;12.6;30/05/2024;NULL;29/06/2024;NULL;30/08/2024;NULL;29/09/2024;NULL;29/04/2024;30/05/2024;29/06/2024
*****052;7/07/1987;2;NULL;NULL;NULL;NULL;NULL;NULL;NULL;NULL;NULL;NULL;NULL;NULL;NULL;NULL
*****009;22/07/1995;1;LEV;8/07/2024;NULL;NULL;NULL;NULL;NULL;NULL;NULL;NULL;NULL;8/07/2024;NULL;NULL
*****846;10/10/2004;2;LEV;10/04/2024;NULL;20/05/2024;NULL;18/06/2024;NULL;18/07/2024;NULL;18/08/2024;NULL;10/04/2024;20/05/2024;18/06/2024
*****005;28/05/1987;2;NULL;NULL;NULL;16/03/2024;NULL;NULL;NULL;27/05/2024;NULL;26/06/2024;NULL;NULL;NULL;NULL
*****921;23/05/2004;2;LEV;NULL;NULL;NULL;NULL;NULL;NULL;NULL;NULL;NULL;NULL;NULL;NULL;NULL
*****348;11/06/1993;2;MOD;23/04/2024;10.3;25/05/2024;NULL;24/06/2024;NULL;29/07/2024;NULL;24/08/2024;NULL;23/04/2024;25/05/2024;24/06/2024
*****484;17/03/2005;2;LEV;20/10/2024;NULL;20/11/2024;NULL;23/12/2024;NULL;24/01/2025;NULL;NULL;NULL;20/10/2024;20/11/2024;23/12/2024
*****853;31/07/2000;2;NULL;NULL;NULL;20/03/2024;NULL;NULL;NULL;24/05/2024;NULL;25/06/2024;NULL;NULL;NULL;NULL
*****868;9/02/2005;2;LEV;30/11/2024;NULL;30/12/2024;NULL;NULL;NULL;19/03/2025;13.9;NULL;NULL;30/11/2024;30/12/2024;NULL
*****795;8/07/2005;2;NULL;NULL;NULL;NULL;NULL;NULL;NULL;25/04/2024;NULL;NULL;NULL;NULL;NULL;NULL
*****504;2/02/2010;2;LEV;29/09/2024;NULL;28/10/2024;13;28/11/2024;NULL;13/01/2025;NULL;NULL;NULL;29/09/2024;28/10/2024;28/11/2024
*****465;21/01/2004;2;NULL;NULL;NULL;NULL;NULL;NULL;NULL;NULL;NULL;NULL;NULL;NULL;NULL;NULL
*****834;22/12/2005;2;LEV;27/07/2024;NULL;26/08/2024;NULL;29/09/2024;NULL;6/11/2024;NULL;28/12/2024;NULL;27/07/2024;26/08/2024;29/09/2024
*****030;26/06/2009;2;LEV;9/01/2024;10.1;26/02/2024;11.5;14/03/2024;NULL;19/04/2024;NULL;20/05/2024;NULL;9/01/2024;7/02/2024;14/03/2024
*****772;22/10/2004;2;LEV;7/12/2024;NULL;7/01/2025;NULL;NULL;NULL;NULL;NULL;NULL;NULL;7/12/2024;7/01/2025;NULL
*****592;21/02/1999;2;LEV;NULL;NULL;NULL;NULL;NULL;NULL;NULL;NULL;NULL;NULL;NULL;NULL;NULL
*****583;28/09/2002;2;LEV;17/04/2024;12.3;NULL;NULL;NULL;NULL;30/07/2024;NULL;NULL;NULL;17/04/2024;14/05/2024;10/06/2024
*****761;3/01/1995;2;LEV;NULL;NULL;NULL;NULL;NULL;NULL;NULL;NULL;NULL;NULL;NULL;NULL;NULL
*****832;30/10/1998;2;LEV;12/04/2024;12;19/05/2024;NULL;13/06/2024;NULL;13/07/2024;NULL;13/08/2024;NULL;12/04/2024;19/05/2024;13/06/2024
*****636;20/07/2006;2;LEV;23/04/2024;11.6;27/05/2024;NULL;25/06/2024;NULL;25/07/2024;NULL;NULL;NULL;23/04/2024;27/05/2024;25/06/2024
*****563;29/04/2007;2;LEV;27/03/2024;NULL;27/04/2024;NULL;27/05/2024;NULL;25/06/2024;NULL;30/07/2024;NULL;27/03/2024;27/04/2024;27/05/2024
*****491;13/09/2008;2;LEV;NULL;NULL;NULL;NULL;NULL;NULL;NULL;NULL;NULL;NULL;NULL;NULL;NULL
*****755;29/09/2007;2;LEV;13/08/2024;12.1;NULL;NULL;NULL;NULL;18/11/2024;NULL;24/12/2024;NULL;13/08/2024;NULL;NULL
*****285;5/05/2005;2;LEV;14/02/2025;NULL;NULL;NULL;22/04/2025;NULL;NULL;NULL;NULL;NULL;14/02/2025;14/03/2025;22/04/2025
*****048;18/01/2001;2;LEV;4/06/2024;NULL;7/07/2024;NULL;10/08/2024;NULL;29/09/2024;NULL;NULL;NULL;4/06/2024;7/07/2024;10/08/2024
*****832;8/05/1996;2;LEV;16/08/2024;NULL;19/09/2024;NULL;26/10/2024;NULL;28/12/2024;NULL;27/01/2025;NULL;16/08/2024;19/09/2024;26/10/2024
*****672;11/01/2001;2;NULL;NULL;NULL;NULL;NULL;NULL;NULL;NULL;NULL;NULL;NULL;NULL;NULL;NULL
*****170;14/02/1996;2;NULL;NULL;NULL;NULL;NULL;NULL;NULL;NULL;NULL;NULL;NULL;NULL;NULL;NULL
*****897;25/05/2001;2;LEV;20/01/2024;NULL;22/02/2024;NULL;20/03/2024;NULL;20/04/2024;NULL;20/05/2024;NULL;20/01/2024;22/02/2024;20/03/2024
*****624;16/06/2003;1;LEV;16/01/2025;11.8;16/02/2025;NULL;1/04/2025;14.1;10/05/2025;13.8;NULL;NULL;16/01/2025;16/02/2025;16/03/2025
*****995;17/03/1999;1;LEV;NULL;NULL;NULL;NULL;NULL;NULL;NULL;NULL;NULL;NULL;NULL;NULL;NULL
*****065;17/08/1987;1;LEV;10/02/2025;NULL;NULL;NULL;NULL;NULL;NULL;NULL;NULL;NULL;10/02/2025;10/03/2025;10/04/2025
*****318;14/10/2009;1;LEV;NULL;NULL;NULL;NULL;NULL;NULL;NULL;NULL;NULL;NULL;NULL;NULL;NULL
*****421;30/11/1978;2;LEV;25/04/2024;13.7;27/05/2024;NULL;NULL;NULL;NULL;NULL;NULL;NULL;25/04/2024;27/05/2024;NULL
*****384;22/06/1984;2;LEV;20/10/2023;13.8;19/11/2023;15.4;19/12/2023;16.5;NULL;NULL;NULL;NULL;20/10/2023;19/11/2023;19/12/2023
*****905;24/05/1992;2;MOD;23/07/2024;9.9;NULL;NULL;10/10/2024;9.5;10/11/2024;12.3;12/12/2024;13.3;23/07/2024;10/09/2024;10/10/2024
*****924;25/10/2005;2;MOD;NULL;NULL;14/12/2024;12.6;13/01/2025;12.3;28/02/2025;NULL;NULL;NULL;14/11/2024;14/12/2024;13/01/2025
*****422;8/09/1994;2;LEV;NULL;NULL;NULL;NULL;NULL;NULL;NULL;NULL;NULL;NULL;5/08/2024;15/09/2024;NULL
*****743;23/03/2008;2;LEV;NULL;NULL;5/06/2024;14.1;13/07/2024;13.8;NULL;NULL;NULL;NULL;6/05/2024;5/06/2024;13/07/2024
*****136;8/02/1998;2;LEV;6/09/2024;12.8;7/10/2024;NULL;NULL;NULL;6/01/2025;11.2;NULL;NULL;6/09/2024;7/10/2024;NULL
*****318;22/12/1983;2;LEV;NULL;NULL;NULL;NULL;NULL;NULL;NULL;NULL;NULL;NULL;NULL;NULL;NULL
*****747;6/04/1989;2;LEV;NULL;NULL;NULL;NULL;NULL;NULL;NULL;NULL;NULL;NULL;NULL;NULL;NULL
*****294;5/10/1992;1;MOD;NULL;NULL;NULL;NULL;NULL;NULL;NULL;NULL;NULL;NULL;NULL;NULL;NULL
*****214;2/12/1992;1;NULL;NULL;NULL;NULL;NULL;NULL;NULL;NULL;NULL;NULL;NULL;NULL;NULL;NULL
*****015;6/05/2000;2;LEV;13/05/2024;13.2;12/06/2024;13.2;17/07/2024;13.2;12/08/2024;13.2;24/10/2024;13.2;13/05/2024;12/06/2024;12/07/2024
*****971;17/12/1999;1;NULL;NULL;NULL;NULL;NULL;NULL;NULL;NULL;NULL;NULL;NULL;NULL;NULL;NULL
*****225;16/01/1981;2;SEV;13/10/2023;8.9;7/12/2023;11.2;6/01/2024;11.1;NULL;NULL;NULL;NULL;13/10/2023;7/12/2023;6/01/2024
*****161;19/03/2002;2;MOD;NULL;NULL;9/12/2023;12.5;8/01/2024;13.2;7/02/2024;14.2;NULL;NULL;8/11/2023;9/12/2023;8/01/2024
*****580;15/01/2004;2;NULL;NULL;NULL;NULL;NULL;NULL;NULL;NULL;NULL;NULL;NULL;NULL;NULL;NULL
*****561;22/10/2000;2;NULL;NULL;NULL;NULL;NULL;NULL;NULL;NULL;NULL;NULL;NULL;NULL;NULL;NULL
*****570;8/06/2001;2;NULL;NULL;NULL;NULL;NULL;NULL;NULL;NULL;NULL;NULL;NULL;NULL;NULL;NULL
*****487;6/07/1995;2;LEV;8/05/2025;NULL;NULL;NULL;NULL;NULL;NULL;NULL;NULL;NULL;NULL;NULL;NULL
*****749;26/09/1994;1;MOD;1/02/2025;9.5;NULL;NULL;NULL;NULL;NULL;NULL;NULL;NULL;NULL;NULL;NULL
*****347;14/02/1992;2;LEV;NULL;NULL;NULL;NULL;NULL;NULL;30/01/2024;NULL;NULL;NULL;18/10/2023;17/11/2023;NULL
*****871;1/01/2001;2;MOD;NULL;NULL;NULL;NULL;NULL;NULL;NULL;NULL;NULL;NULL;NULL;NULL;NULL
*****591;3/07/1997;1;MOD;NULL;NULL;NULL;NULL;NULL;NULL;NULL;NULL;NULL;NULL;NULL;NULL;NULL
*****128;3/10/2002;2;MOD;8/04/2024;14.8;NULL;NULL;NULL;NULL;NULL;NULL;NULL;NULL;8/04/2024;NULL;NULL
*****152;16/12/1991;2;LEV;18/10/2023;13.8;17/11/2023;13.2;17/12/2023;12.6;20/01/2024;12.6;19/02/2024;13.5;18/10/2023;17/11/2023;17/12/2023
*****405;5/09/1996;2;NULL;NULL;NULL;NULL;NULL;NULL;NULL;NULL;NULL;NULL;NULL;NULL;NULL;NULL
*****113;23/05/1978;2;LEV;NULL;NULL;NULL;NULL;12/02/2024;14.9;NULL;NULL;NULL;NULL;NULL;NULL;NULL
*****684;28/10/2006;2;LEV;13/04/2024;NULL;13/05/2024;13.4;13/06/2024;NULL;12/07/2024;13.4;NULL;NULL;13/04/2024;13/05/2024;13/06/2024
*****750;29/11/2001;2;LEV;12/02/2024;14.9;13/03/2024;13.5;NULL;NULL;NULL;NULL;NULL;NULL;12/02/2024;13/03/2024;NULL
*****911;18/12/1998;2;NULL;NULL;NULL;NULL;NULL;NULL;NULL;NULL;NULL;NULL;NULL;NULL;NULL;NULL
*****773;15/04/2002;2;MOD;19/07/2024;17.2;NULL;NULL;20/09/2024;17.2;4/11/2024;NULL;NULL;NULL;19/07/2024;23/08/2024;20/09/2024
*****452;2/06/1985;2;NULL;NULL;NULL;NULL;NULL;NULL;NULL;NULL;NULL;NULL;NULL;NULL;NULL;NULL
*****838;13/12/2000;1;LEV;NULL;NULL;NULL;NULL;NULL;NULL;NULL;NULL;NULL;NULL;NULL;NULL;NULL
*****054;16/11/1987;1;LEV;2/09/2024;11.5;2/10/2024;10.5;NULL;NULL;NULL;NULL;NULL;NULL;2/09/2024;2/10/2024;2/11/2024
*****178;13/06/1991;1;LEV;15/11/2024;12.6;14/12/2024;14.3;18/01/2025;NULL;NULL;NULL;NULL;NULL;15/11/2024;14/12/2024;18/01/2025
*****037;1/12/1998;1;LEV;26/04/2025;9.7;NULL;NULL;NULL;NULL;NULL;NULL;NULL;NULL;26/04/2025;NULL;NULL
*****926;19/09/1999;1;MOD;27/11/2023;8.9;27/12/2023;12.4;NULL;NULL;26/02/2024;8;NULL;NULL;27/11/2023;27/12/2023;25/01/2024
*****906;11/02/1998;1;LEV;2/08/2024;13.2;2/09/2024;14.5;NULL;NULL;NULL;NULL;NULL;NULL;2/08/2024;2/09/2024;15/10/2024
*****411;10/08/2004;1;MOD;23/09/2024;12.3;23/10/2024;17.4;22/11/2024;13.1;NULL;NULL;23/01/2025;12.2;23/09/2024;23/10/2024;22/11/2024
*****969;18/05/2004;1;MOD;14/08/2024;10;16/09/2024;13.5;NULL;NULL;NULL;NULL;NULL;NULL;14/08/2024;22/08/2024;NULL
*****439;22/09/2005;1;MOD;NULL;NULL;NULL;NULL;NULL;NULL;NULL;NULL;NULL;NULL;NULL;NULL;NULL
*****318;10/11/1980;2;LEV;3/04/2024;12.7;NULL;NULL;NULL;NULL;NULL;NULL;NULL;NULL;3/04/2024;3/05/2024;3/06/2024
*****074;27/01/1992;2;LEV;5/06/2024;12.9;NULL;NULL;NULL;NULL;NULL;NULL;NULL;NULL;5/06/2024;NULL;NULL
*****051;14/09/2009;1;MOD;22/05/2024;11;21/06/2024;11.8;22/07/2024;12.5;22/08/2024;12;NULL;NULL;22/05/2024;21/06/2024;22/07/2024
*****908;25/02/2006;1;MOD;15/01/2025;12.4;14/02/2025;11.8;17/03/2025;11.7;15/04/2025;11.6;19/05/2025;10.8;15/01/2025;14/02/2025;17/03/2025
*****892;27/07/1994;2;LEV;13/12/2024;13;13/01/2025;13.6;NULL;NULL;NULL;NULL;NULL;NULL;13/12/2024;13/01/2025;NULL
*****653;22/02/1981;10;MOD;21/12/2024;11.4;21/01/2025;11.4;20/02/2025;11.4;22/03/2025;11.4;21/04/2025;12.2;21/12/2024;21/01/2025;20/02/2025
*****494;18/07/2005;2;LEV;14/08/2024;12.9;13/09/2024;14.6;NULL;NULL;12/11/2024;13.5;13/12/2024;16.1;14/08/2024;13/09/2024;NULL
*****100;11/10/2002;2;LEV;14/12/2023;13.6;14/01/2024;13.6;NULL;NULL;NULL;NULL;14/04/2024;12.6;14/12/2023;14/01/2024;14/02/2024
*****719;30/06/2006;2;MOD;10/11/2023;12.2;10/12/2023;13.2;13/02/2024;14.9;NULL;NULL;NULL;NULL;10/11/2023;10/12/2023;NULL
*****262;23/05/1996;1;LEV;9/10/2024;12.9;8/11/2024;13.2;9/12/2024;NULL;27/01/2025;13.3;NULL;NULL;9/10/2024;8/11/2024;9/12/2024
*****091;24/02/2008;2;MOD;14/03/2025;10.7;14/04/2025;13;NULL;NULL;NULL;NULL;NULL;NULL;14/03/2025;14/04/2025;NULL
*****309;25/07/1986;2;MOD;12/01/2024;11.6;11/02/2024;11.9;12/03/2024;12.9;NULL;NULL;NULL;NULL;12/01/2024;11/02/2024;12/03/2024
*****654;4/01/1991;2;MOD;14/05/2025;12.3;NULL;NULL;NULL;NULL;NULL;NULL;NULL;NULL;14/05/2025;NULL;NULL
*****487;5/04/2004;2;LEV;6/05/2025;13.3;NULL;NULL;NULL;NULL;NULL;NULL;NULL;NULL;6/05/2025;NULL;NULL
*****851;7/11/1995;2;NULL;NULL;NULL;NULL;NULL;NULL;NULL;NULL;NULL;NULL;NULL;NULL;NULL;NULL
*****073;2/12/1982;2;LEV;7/02/2024;13.2;7/03/2024;9.8;8/04/2024;13.9;NULL;NULL;NULL;NULL;7/02/2024;7/03/2024;8/04/2024
*****065;6/12/1989;1;LEV;25/09/2024;12.9;26/10/2024;9.4;27/11/2024;13.3;26/12/2024;13.3;28/01/2025;13;25/09/2024;26/10/2024;27/11/2024
*****100;11/11/1984;1;MOD;NULL;NULL;NULL;NULL;NULL;NULL;NULL;NULL;NULL;NULL;NULL;NULL;NULL
*****560;24/02/2006;2;MOD;NULL;NULL;NULL;NULL;NULL;NULL;NULL;NULL;NULL;NULL;NULL;NULL;NULL
*****166;5/01/2012;2;MOD;NULL;NULL;NULL;NULL;NULL;NULL;NULL;NULL;NULL;NULL;NULL;NULL;NULL
*****219;17/01/1993;1;LEV;13/07/2024;NULL;13/08/2024;NULL;12/10/2024;12.3;22/11/2024;NULL;NULL;NULL;13/07/2024;13/08/2024;13/09/2024
*****531;20/08/2000;2;LEV;14/05/2025;10.7;NULL;NULL;NULL;NULL;NULL;NULL;NULL;NULL;NULL;NULL;NULL
*****922;25/05/1999;2;MOD;7/12/2023;9.8;6/01/2024;10.2;5/02/2024;10;NULL;NULL;NULL;NULL;7/12/2023;6/01/2024;5/02/2024
*****481;25/02/1993;1;LEV;NULL;NULL;NULL;NULL;NULL;NULL;NULL;NULL;NULL;NULL;NULL;NULL;NULL
*****696;8/10/1997;2;LEV;30/05/2024;12.5;NULL;NULL;NULL;NULL;NULL;NULL;NULL;NULL;30/05/2024;NULL;NULL
*****998;3/02/2002;2;LEV;NULL;NULL;NULL;NULL;NULL;NULL;NULL;NULL;NULL;NULL;26/10/2023;NULL;NULL
*****638;26/01/2005;2;MOD;9/10/2023;11;NULL;NULL;NULL;NULL;NULL;NULL;NULL;NULL;9/10/2023;NULL;NULL
*****956;29/11/2004;1;LEV;25/02/2025;12.2;25/05/2025;12.1;NULL;NULL;NULL;NULL;NULL;NULL;25/02/2025;25/03/2025;25/04/2025
*****535;8/05/2002;1;NULL;NULL;NULL;NULL;NULL;NULL;NULL;NULL;NULL;NULL;NULL;NULL;NULL;NULL
*****561;12/02/1997;2;LEV;NULL;NULL;NULL;NULL;NULL;NULL;NULL;NULL;NULL;NULL;NULL;NULL;NULL
*****173;12/09/2005;2;NULL;NULL;NULL;NULL;NULL;NULL;NULL;NULL;NULL;NULL;NULL;NULL;NULL;NULL
*****999;27/09/1992;1;NULL;NULL;NULL;NULL;NULL;NULL;NULL;NULL;NULL;NULL;NULL;NULL;NULL;NULL
*****383;14/11/2006;1;NULL;NULL;NULL;NULL;NULL;NULL;NULL;27/04/2025;NULL;NULL;NULL;NULL;NULL;NULL
*****399;15/08/2005;2;LEV;NULL;NULL;NULL;NULL;NULL;NULL;23/08/2024;NULL;NULL;NULL;NULL;NULL;NULL
*****735;29/12/2001;2;LEV;NULL;NULL;NULL;NULL;NULL;NULL;NULL;NULL;NULL;NULL;8/02/2024;NULL;NULL
*****796;12/03/1989;2;LEV;2/05/2025;11.7;NULL;NULL;NULL;NULL;NULL;NULL;NULL;NULL;2/05/2025;NULL;NULL
*****722;18/10/1998;2;LEV;NULL;NULL;NULL;NULL;NULL;NULL;NULL;NULL;NULL;NULL;3/02/2025;NULL;NULL
*****062;4/12/1998;1;LEV;NULL;NULL;NULL;NULL;NULL;NULL;NULL;NULL;NULL;NULL;12/10/2024;12/11/2024;12/12/2024
*****083;31/07/1983;2;MOD;NULL;NULL;NULL;NULL;NULL;NULL;NULL;NULL;NULL;NULL;NULL;NULL;NULL
*****051;21/03/1997;2;LEV;NULL;NULL;7/04/2024;NULL;NULL;NULL;NULL;NULL;NULL;NULL;7/01/2024;7/02/2024;7/03/2024
*****205;24/03/1992;2;LEV;14/12/2024;NULL;14/01/2025;NULL;NULL;NULL;NULL;NULL;NULL;NULL;14/12/2024;14/01/2025;14/02/2025
*****327;12/03/2005;1;NULL;NULL;NULL;NULL;NULL;NULL;NULL;NULL;NULL;NULL;NULL;NULL;NULL;NULL
*****812;18/07/1995;1;NULL;NULL;NULL;NULL;NULL;NULL;NULL;NULL;NULL;NULL;NULL;NULL;NULL;NULL
*****580;4/09/2005;1;NULL;NULL;NULL;NULL;NULL;NULL;NULL;NULL;NULL;NULL;NULL;NULL;NULL;NULL
*****219;19/10/1990;1;LEV;NULL;NULL;NULL;NULL;NULL;NULL;NULL;NULL;NULL;NULL;3/06/2024;3/07/2024;5/08/2024
*****794;23/09/1987;2;MOD;30/10/2023;NULL;15/01/2024;NULL;NULL;NULL;21/02/2024;NULL;NULL;NULL;30/10/2023;30/11/2023;NULL
*****273;19/06/2002;2;MOD;NULL;NULL;NULL;NULL;NULL;NULL;NULL;NULL;NULL;NULL;10/10/2023;NULL;NULL
*****598;8/11/1990;2;LEV;NULL;NULL;10/01/2024;NULL;NULL;NULL;28/03/2024;NULL;NULL;NULL;NULL;NULL;NULL
*****998;10/12/1984;2;LEV;NULL;NULL;5/01/2024;NULL;NULL;NULL;NULL;NULL;NULL;NULL;4/12/2023;NULL;NULL
*****660;1/10/2001;2;MOD;NULL;NULL;NULL;NULL;NULL;NULL;NULL;NULL;NULL;NULL;26/04/2024;NULL;NULL
*****329;11/05/2009;2;LEV;16/09/2024;NULL;NULL;NULL;15/11/2024;12.6;16/12/2024;NULL;16/01/2025;NULL;16/09/2024;NULL;NULL
*****441;16/03/2005;1;LEV;NULL;NULL;NULL;NULL;NULL;NULL;NULL;NULL;NULL;NULL;NULL;NULL;NULL
*****424;11/03/1996;2;LEV;NULL;NULL;NULL;NULL;NULL;NULL;NULL;NULL;NULL;NULL;23/04/2024;NULL;NULL
*****280;19/06/1993;1;MOD;NULL;NULL;NULL;NULL;NULL;NULL;6/10/2024;NULL;NULL;NULL;NULL;NULL;NULL
*****156;19/12/2004;2;MOD;NULL;NULL;NULL;NULL;NULL;NULL;NULL;NULL;NULL;NULL;NULL;NULL;NULL
*****224;15/09/2010;1;MOD;11/07/2024;NULL;NULL;NULL;NULL;NULL;NULL;NULL;NULL;NULL;NULL;NULL;NULL
*****196;5/12/1998;1;LEV;NULL;NULL;NULL;NULL;NULL;NULL;NULL;NULL;NULL;NULL;20/07/2024;NULL;NULL
*****544;20/08/1998;2;LEV;1/08/2024;12.3;1/09/2024;12.8;29/10/2024;12.9;8/12/2024;13.2;NULL;NULL;1/08/2024;1/09/2024;1/10/2024
*****022;12/01/1999;2;MOD;NULL;NULL;NULL;NULL;NULL;NULL;NULL;NULL;NULL;NULL;NULL;NULL;NULL
*****008;10/08/2001;1;LEV;4/06/2024;NULL;NULL;NULL;4/08/2024;NULL;16/09/2024;NULL;NULL;NULL;4/06/2024;4/07/2024;4/08/2024
*****623;20/01/1998;1;LEV;NULL;NULL;NULL;NULL;15/05/2024;NULL;24/07/2024;NULL;NULL;NULL;15/03/2024;15/04/2024;15/05/2024
*****496;21/10/1997;2;LEV;NULL;NULL;NULL;NULL;NULL;NULL;NULL;NULL;NULL;NULL;NULL;NULL;NULL
*****799;2/11/2002;1;LEV;NULL;NULL;NULL;NULL;NULL;NULL;NULL;NULL;NULL;NULL;NULL;NULL;NULL
*****798;5/08/2005;2;MOD;29/10/2024;NULL;29/11/2024;NULL;29/12/2024;NULL;NULL;NULL;NULL;NULL;29/10/2024;29/11/2024;29/12/2024
*****361;13/11/2004;2;MOD;9/08/2024;13.4;9/09/2024;12;9/10/2024;12.6;1/01/2025;NULL;NULL;NULL;9/08/2024;9/09/2024;9/10/2024
*****544;16/12/2004;2;MOD;NULL;NULL;NULL;NULL;NULL;NULL;NULL;NULL;NULL;NULL;NULL;NULL;NULL
*****694;15/08/1989;1;LEV;14/09/2024;NULL;14/10/2024;NULL;NULL;NULL;14/12/2024;NULL;NULL;NULL;14/09/2024;14/10/2024;12/11/2024
*****703;12/09/2004;2;LEV;23/08/2024;12.6;24/09/2024;12.8;24/10/2024;13;18/01/2025;NULL;NULL;NULL;23/08/2024;24/09/2024;24/10/2024
*****609;15/07/2005;1;LEV;NULL;NULL;NULL;NULL;NULL;NULL;NULL;NULL;NULL;NULL;22/08/2024;NULL;NULL
*****962;10/04/1997;2;LEV;NULL;NULL;NULL;NULL;NULL;NULL;NULL;NULL;NULL;NULL;NULL;NULL;NULL
*****867;19/04/2001;2;MOD;14/01/2024;11.8;NULL;NULL;5/05/2024;13.3;NULL;NULL;NULL;NULL;14/01/2024;NULL;NULL
*****019;12/01/1999;2;LEV;NULL;NULL;NULL;NULL;NULL;NULL;NULL;NULL;NULL;NULL;NULL;NULL;NULL
*****511;28/07/1997;1;LEV;NULL;NULL;19/12/2024;12.1;19/01/2025;12.1;NULL;NULL;NULL;NULL;19/11/2024;19/12/2024;2/01/2025
*****655;3/01/1987;2;MOD;NULL;NULL;22/09/2024;12;23/10/2024;12;6/01/2025;NULL;NULL;NULL;NULL;NULL;NULL
*****025;9/10/2006;2;LEV;NULL;NULL;NULL;NULL;NULL;NULL;NULL;NULL;NULL;NULL;NULL;NULL;NULL
*****041;20/02/1996;2;LEV;2/12/2024;13.8;2/01/2025;13.8;31/01/2025;12.3;NULL;NULL;NULL;NULL;2/12/2024;2/01/2025;31/01/2025
*****743;1/09/1999;1;NULL;NULL;NULL;NULL;NULL;NULL;NULL;NULL;NULL;NULL;NULL;NULL;NULL;NULL
*****063;20/04/1985;2;LEV;NULL;NULL;NULL;NULL;NULL;NULL;NULL;NULL;NULL;NULL;NULL;NULL;NULL
*****491;1/01/1993;2;LEV;NULL;NULL;NULL;NULL;NULL;NULL;NULL;NULL;NULL;NULL;NULL;NULL;NULL
*****537;9/05/2005;2;LEV;19/09/2024;12.6;19/10/2024;13.6;3/12/2024;14;NULL;NULL;18/01/2025;14.8;19/09/2024;19/10/2024;18/11/2024
*****253;9/07/1999;2;LEV;7/02/2024;13.3;8/03/2024;NULL;NULL;NULL;NULL;NULL;6/06/2024;NULL;7/02/2024;8/03/2024;7/04/2024
*****581;16/03/1996;2;LEV;21/12/2023;13.6;21/01/2024;NULL;NULL;NULL;27/03/2024;NULL;NULL;NULL;21/12/2023;21/01/2024;17/02/2024
*****378;20/03/2005;2;LEV;18/11/2024;NULL;NULL;NULL;NULL;NULL;NULL;NULL;NULL;NULL;18/11/2024;NULL;NULL
*****803;13/09/2002;2;LEV;NULL;NULL;NULL;NULL;NULL;NULL;NULL;NULL;NULL;NULL;28/05/2024;NULL;NULL
*****891;9/09/2004;2;LEV;10/11/2023;13.3;NULL;NULL;NULL;NULL;12/03/2024;NULL;NULL;NULL;10/11/2023;NULL;NULL
*****823;27/07/2001;2;MOD;19/09/2024;11.9;19/10/2024;12.4;18/11/2024;13.6;18/12/2024;NULL;NULL;NULL;19/09/2024;19/10/2024;18/11/2024
*****924;11/10/1983;2;LEV;2/11/2023;12.8;17/01/2024;12.9;NULL;NULL;8/03/2024;NULL;NULL;NULL;2/11/2023;2/12/2023;NULL
*****487;26/07/1994;2;LEV;6/05/2025;13.3;NULL;NULL;NULL;NULL;NULL;NULL;NULL;NULL;6/05/2025;NULL;NULL
*****520;6/06/2001;2;LEV;22/05/2024;12;23/06/2024;NULL;NULL;NULL;NULL;NULL;NULL;NULL;22/05/2024;23/06/2024;27/07/2024
*****873;28/07/2001;2;LEV;24/05/2024;12.7;24/06/2024;14;25/07/2024;12.8;NULL;NULL;NULL;NULL;24/05/2024;24/06/2024;25/07/2024
*****299;19/12/1994;2;MOD;14/03/2024;9.5;17/04/2024;13.7;13/06/2024;14.1;16/07/2024;12.5;NULL;NULL;14/03/2024;17/04/2024;17/05/2024
*****501;17/06/2003;2;LEV;3/11/2023;12.5;9/12/2023;15;8/02/2024;15;NULL;NULL;11/03/2024;12.3;3/11/2023;9/12/2023;8/01/2024
*****700;3/04/1993;2;MOD;14/08/2024;11.9;17/09/2024;14.2;18/11/2024;14.2;NULL;NULL;24/12/2024;15.1;14/08/2024;17/09/2024;17/10/2024
*****076;23/04/1998;2;LEV;24/05/2024;10.2;24/06/2024;13;24/07/2024;13;NULL;NULL;NULL;NULL;24/05/2024;24/06/2024;24/07/2024
*****008;25/07/2003;2;LEV;2/11/2024;12.6;2/12/2024;12.2;10/01/2025;11.8;NULL;NULL;NULL;NULL;2/11/2024;2/12/2024;10/01/2025
*****094;5/12/1989;2;LEV;9/10/2023;12.5;9/11/2023;13.3;8/01/2024;13.5;NULL;NULL;8/02/2024;13.5;9/10/2023;9/11/2023;9/12/2023
*****702;28/06/1990;2;LEV;1/10/2024;12;31/10/2024;13.7;30/11/2024;12.8;30/12/2024;13.8;28/02/2025;13.8;1/10/2024;31/10/2024;30/11/2024
*****325;15/01/1992;2;LEV;5/03/2024;12.2;NULL;NULL;NULL;NULL;NULL;NULL;NULL;NULL;5/03/2024;NULL;NULL
*****647;21/12/1989;2;LEV;23/10/2024;11.7;27/11/2024;14.3;27/12/2024;14.3;NULL;NULL;NULL;NULL;23/10/2024;27/11/2024;27/12/2024
*****722;14/05/1996;2;LEV;23/10/2023;12.3;NULL;NULL;NULL;NULL;NULL;NULL;NULL;NULL;23/10/2023;NULL;NULL
*****354;7/07/2007;1;LEV;12/11/2024;12;6/03/2025;14;6/02/2025;11.7;NULL;NULL;NULL;NULL;12/11/2024;13/12/2024;6/02/2025
*****046;31/07/1995;2;LEV;17/01/2024;12.6;NULL;NULL;20/03/2024;13.6;10/06/2024;14.1;NULL;NULL;17/01/2024;20/02/2024;26/04/2024
*****612;4/02/1980;2;MOD;7/11/2023;11.7;NULL;NULL;NULL;NULL;8/02/2024;12.4;20/03/2024;13.5;7/11/2023;NULL;NULL
*****911;2/02/1984;2;LEV;8/08/2024;10.9;7/09/2024;11.7;7/10/2024;12.6;14/11/2024;11.9;NULL;NULL;8/08/2024;7/09/2024;7/10/2024
*****306;7/12/1984;2;MOD;27/03/2025;11.4;28/04/2025;17.3;29/05/2025;17.3;NULL;NULL;NULL;NULL;27/03/2025;28/04/2025;29/05/2025
*****968;14/02/1988;2;MOD;NULL;NULL;NULL;NULL;NULL;NULL;NULL;NULL;NULL;NULL;NULL;NULL;NULL
*****132;10/06/1989;2;LEV;4/09/2024;12.5;4/10/2024;10.8;5/11/2024;12.2;3/12/2024;11.9;NULL;NULL;4/09/2024;4/10/2024;5/11/2024
*****638;10/07/2008;2;MOD;11/04/2024;12;20/06/2024;13;NULL;NULL;NULL;NULL;NULL;NULL;11/04/2024;20/06/2024;NULL
*****676;5/06/1995;2;LEV;24/12/2024;12.3;24/01/2025;11.5;24/02/2025;11;26/03/2025;10.5;NULL;NULL;24/12/2024;24/01/2025;24/02/2025
*****887;11/01/2002;2;LEV;6/11/2024;12.1;6/12/2024;12.1;5/02/2025;12.1;NULL;NULL;NULL;NULL;6/11/2024;6/12/2024;5/02/2025
*****093;22/06/2005;2;MOD;12/09/2024;12;12/10/2024;12.4;NULL;NULL;NULL;NULL;NULL;NULL;12/09/2024;12/10/2024;NULL
*****395;30/07/2004;2;LEV;24/10/2024;12.4;NULL;NULL;NULL;NULL;NULL;NULL;NULL;NULL;24/10/2024;NULL;NULL
*****835;6/12/1998;2;LEV;3/11/2023;12.3;4/12/2023;12.5;3/01/2024;12.5;NULL;NULL;9/03/2024;14;3/11/2023;4/12/2023;3/01/2024
*****422;2/10/1988;2;LEV;21/04/2025;12.4;21/05/2025;12.4;NULL;NULL;NULL;NULL;NULL;NULL;21/04/2025;21/05/2025;NULL
*****036;6/12/1988;2;LEV;3/12/2024;12.5;3/01/2025;10.2;3/02/2025;10.8;NULL;NULL;NULL;NULL;3/12/2024;3/01/2025;3/02/2025
*****665;2/07/1990;2;LEV;6/05/2024;12.1;7/06/2024;10.8;NULL;NULL;NULL;NULL;NULL;NULL;6/05/2024;7/06/2024;NULL
*****442;31/08/1991;1;MOD;15/06/2024;11.7;15/07/2024;13.2;6/09/2024;11.2;18/10/2024;NULL;NULL;NULL;15/06/2024;15/07/2024;NULL
*****897;4/10/1993;2;LEV;11/07/2024;13;12/08/2024;12.1;21/10/2024;14.7;NULL;NULL;NULL;NULL;11/07/2024;12/08/2024;10/09/2024
*****572;18/03/2005;2;LEV;16/01/2024;13;NULL;NULL;NULL;NULL;NULL;NULL;NULL;NULL;16/01/2024;NULL;NULL
*****930;20/04/1993;2;LEV;29/01/2025;12.8;NULL;NULL;NULL;NULL;NULL;NULL;NULL;NULL;29/01/2025;NULL;NULL
*****320;4/07/2001;2;LEV;27/08/2024;11.4;28/09/2024;13.1;29/10/2024;13.1;31/12/2024;13.3;NULL;NULL;27/08/2024;28/09/2024;NULL
*****003;10/01/2002;2;LEV;7/05/2025;12.5;NULL;NULL;NULL;NULL;NULL;NULL;NULL;NULL;7/05/2025;NULL;NULL
*****812;17/04/2002;2;MOD;11/04/2024;12.1;10/05/2024;12.1;NULL;NULL;19/07/2024;14.1;NULL;NULL;11/04/2024;10/05/2024;8/06/2024
*****777;12/10/1998;2;MOD;2/10/2024;10.7;2/11/2024;12.2;2/12/2024;11.2;2/01/2025;14;NULL;NULL;2/10/2024;2/11/2024;2/12/2024
*****079;16/06/2000;2;LEV;5/03/2024;12.3;5/04/2024;11.2;4/05/2024;12.1;NULL;NULL;NULL;NULL;5/03/2024;5/04/2024;4/05/2024
*****858;25/11/2000;2;LEV;13/07/2024;12.6;12/08/2024;13.3;NULL;NULL;NULL;NULL;NULL;NULL;13/07/2024;12/08/2024;NULL
*****811;1/02/1984;2;LEV;17/06/2024;12.1;17/07/2024;12.9;19/08/2024;12.7;14/10/2024;14.5;NULL;NULL;17/06/2024;17/07/2024;19/08/2024
*****196;25/02/1994;2;LEV;22/11/2023;12.3;22/12/2023;10.4;22/01/2024;11.2;23/02/2024;13.7;NULL;NULL;22/11/2023;22/12/2023;22/01/2024
*****597;26/10/2006;2;MOD;27/03/2024;11.7;26/04/2024;11.7;25/06/2024;13.6;25/07/2024;11.4;NULL;NULL;27/03/2024;26/04/2024;NULL
*****188;30/12/1997;2;LEV;NULL;NULL;NULL;NULL;NULL;NULL;NULL;NULL;NULL;NULL;NULL;NULL;NULL
*****001;2/04/2007;2;LEV;6/03/2024;12.9;4/04/2024;13.3;NULL;NULL;NULL;NULL;NULL;NULL;6/03/2024;4/04/2024;20/04/2024
*****251;10/02/1995;2;LEV;29/01/2024;12.7;29/02/2024;12.7;20/04/2024;12.7;NULL;NULL;NULL;NULL;29/01/2024;29/02/2024;27/03/2024
*****064;28/02/2004;2;LEV;8/11/2024;12.1;NULL;NULL;9/01/2025;14.6;8/02/2025;14.6;10/03/2025;12.8;8/11/2024;NULL;NULL
*****080;21/04/1996;2;LEV;27/02/2024;12.5;3/04/2024;14.1;3/05/2024;14.1;17/07/2024;15;NULL;NULL;27/02/2024;3/04/2024;3/05/2024
*****274;12/10/1994;2;LEV;21/06/2024;12.3;NULL;NULL;21/09/2024;13.7;28/10/2024;14.8;NULL;NULL;21/06/2024;NULL;NULL
*****609;16/07/2007;2;MOD;6/03/2024;10.6;NULL;NULL;NULL;NULL;NULL;NULL;NULL;NULL;6/03/2024;NULL;NULL
*****075;8/08/1998;2;LEV;5/06/2024;12.3;NULL;NULL;NULL;NULL;NULL;NULL;NULL;NULL;5/06/2024;NULL;NULL
*****911;23/05/1995;2;LEV;18/03/2024;13;NULL;NULL;NULL;NULL;NULL;NULL;NULL;NULL;18/03/2024;NULL;NULL
*****561;23/09/1981;2;MOD;7/11/2023;11.7;7/12/2023;11.9;NULL;NULL;NULL;NULL;NULL;NULL;7/11/2023;7/12/2023;8/03/2024
*****162;5/04/1993;2;MOD;NULL;NULL;NULL;NULL;NULL;NULL;NULL;NULL;NULL;NULL;24/01/2024;NULL;NULL
*****931;29/11/1995;2;LEV;NULL;NULL;NULL;NULL;NULL;NULL;NULL;NULL;NULL;NULL;NULL;NULL;NULL
*****812;30/10/2002;2;MOD;23/01/2025;11.8;NULL;NULL;NULL;NULL;NULL;NULL;NULL;NULL;23/01/2025;NULL;NULL
*****478;19/01/2003;2;LEV;30/03/2024;12.7;NULL;NULL;NULL;NULL;NULL;NULL;NULL;NULL;30/03/2024;6/05/2024;NULL
*****932;24/01/2004;2;NULL;NULL;NULL;NULL;NULL;NULL;NULL;NULL;NULL;NULL;NULL;NULL;NULL;NULL
*****600;26/12/2004;2;MOD;NULL;NULL;NULL;NULL;NULL;NULL;NULL;NULL;NULL;NULL;NULL;NULL;NULL
*****646;27/04/1998;2;MOD;4/03/2024;11.9;4/04/2024;12;6/05/2024;12.4;6/06/2024;12.4;6/07/2024;16.9;4/03/2024;4/04/2024;6/05/2024
*****132;30/04/2000;2;MOD;2/02/2024;13;NULL;NULL;NULL;NULL;NULL;NULL;NULL;NULL;2/02/2024;NULL;NULL
*****137;20/12/2000;2;LEV;26/02/2025;11.5;28/03/2025;15.7;NULL;NULL;NULL;NULL;NULL;NULL;26/02/2025;28/03/2025;NULL
*****243;12/05/1999;2;LEV;13/11/2024;12.4;4/01/2025;13.4;4/02/2025;13.4;4/04/2025;13.9;NULL;NULL;13/11/2024;4/01/2025;4/02/2025
*****657;1/03/1994;2;LEV;24/05/2025;12.5;NULL;NULL;NULL;NULL;NULL;NULL;NULL;NULL;24/05/2025;NULL;NULL
*****431;24/03/1997;2;LEV;13/02/2024;10.8;NULL;NULL;NULL;NULL;NULL;NULL;NULL;NULL;13/02/2024;NULL;NULL
*****830;21/06/2000;1;LEV;20/07/2024;12.1;20/08/2024;12.6;NULL;NULL;4/11/2024;13.9;NULL;NULL;20/07/2024;20/08/2024;NULL
*****512;13/08/2005;2;MOD;29/08/2024;11.3;27/09/2024;11.2;28/10/2024;11.7;NULL;NULL;NULL;NULL;29/08/2024;27/09/2024;28/10/2024
*****072;16/03/2004;2;LEV;20/11/2023;12.7;NULL;NULL;NULL;NULL;NULL;NULL;NULL;NULL;20/11/2023;NULL;NULL
*****681;15/07/1998;2;NULL;NULL;NULL;NULL;NULL;NULL;NULL;NULL;NULL;NULL;NULL;NULL;NULL;NULL
*****379;10/09/2000;2;LEV;29/04/2024;12.9;29/05/2024;15.5;27/07/2024;11.5;NULL;NULL;NULL;NULL;29/04/2024;29/05/2024;NULL
*****718;31/08/1989;2;MOD;6/08/2024;11.7;NULL;NULL;9/10/2024;14;NULL;NULL;NULL;NULL;6/08/2024;3/09/2024;NULL
*****572;7/11/1995;1;NULL;NULL;NULL;NULL;NULL;NULL;NULL;NULL;NULL;NULL;NULL;NULL;NULL;NULL
*****276;25/11/2006;2;LEV;21/09/2024;12.9;NULL;NULL;NULL;NULL;NULL;NULL;NULL;NULL;21/09/2024;NULL;NULL
*****136;9/03/2007;2;LEV;28/02/2024;12.3;30/03/2024;13.2;NULL;NULL;NULL;NULL;NULL;NULL;28/02/2024;30/03/2024;19/06/2024
*****422;31/12/2008;2;LEV;13/02/2025;13;15/03/2025;12.8;NULL;NULL;NULL;NULL;NULL;NULL;13/02/2025;15/03/2025;15/04/2025
*****349;10/01/2004;2;MOD;22/11/2023;11.5;23/12/2023;11.5;23/01/2024;12.6;23/02/2024;14.4;22/04/2024;12.4;22/11/2023;23/12/2023;23/01/2024
*****593;21/06/2003;2;MOD;17/06/2024;11.4;17/07/2024;11.4;19/08/2024;12.7;NULL;NULL;NULL;NULL;17/06/2024;17/07/2024;19/08/2024
*****451;15/03/1996;2;NULL;NULL;NULL;NULL;NULL;NULL;NULL;NULL;NULL;NULL;NULL;NULL;NULL;NULL
*****677;1/01/1995;2;LEV;23/03/2024;13;NULL;NULL;NULL;NULL;NULL;NULL;NULL;NULL;23/03/2024;NULL;NULL
*****715;26/01/2004;2;LEV;17/04/2024;12.7;17/05/2024;12.6;NULL;NULL;NULL;NULL;NULL;NULL;17/04/2024;17/05/2024;NULL
*****283;7/11/1996;2;MOD;25/09/2024;11.3;29/10/2024;13;29/11/2024;13;30/12/2024;13.3;19/02/2025;13.3;25/09/2024;29/10/2024;29/11/2024
*****791;30/08/1994;2;LEV;8/07/2024;12.9;8/08/2024;13.1;NULL;NULL;NULL;NULL;NULL;NULL;8/07/2024;8/08/2024;NULL
*****189;9/12/1992;2;LEV;11/05/2024;12.1;NULL;NULL;NULL;NULL;NULL;NULL;NULL;NULL;11/05/2024;NULL;NULL
*****064;20/04/1997;2;MOD;27/11/2023;11.9;27/12/2023;11.9;27/01/2024;11.8;NULL;NULL;NULL;NULL;27/11/2023;27/12/2023;27/01/2024
*****214;6/09/2000;2;LEV;29/02/2024;12.4;15/04/2024;NULL;NULL;NULL;19/06/2024;13.2;NULL;NULL;29/02/2024;NULL;NULL
*****963;7/05/2004;2;LEV;17/02/2024;12.3;NULL;NULL;NULL;NULL;NULL;NULL;NULL;NULL;17/02/2024;NULL;NULL
*****079;16/02/2003;2;LEV;7/01/2025;11.6;6/02/2025;11.8;8/03/2025;12.3;8/04/2025;12.3;NULL;NULL;7/01/2025;6/02/2025;8/03/2025
*****714;16/09/1991;2;MOD;11/09/2024;10.6;NULL;NULL;NULL;NULL;NULL;NULL;NULL;NULL;11/09/2024;NULL;NULL
*****253;16/11/1987;2;MOD;7/02/2025;11;9/05/2025;12.4;NULL;NULL;NULL;NULL;NULL;NULL;7/02/2025;9/05/2025;NULL
*****989;16/06/2006;2;LEV;20/11/2024;12;8/01/2025;12;18/02/2025;10.8;1/04/2025;10.8;NULL;NULL;20/11/2024;8/01/2025;18/02/2025
*****319;6/05/1998;2;LEV;16/05/2024;12;NULL;NULL;19/07/2024;12.1;24/09/2024;14.9;NULL;NULL;16/05/2024;NULL;NULL
*****846;10/08/1994;2;LEV;20/07/2024;12.7;19/08/2024;12.7;NULL;NULL;NULL;NULL;NULL;NULL;20/07/2024;19/08/2024;NULL
*****335;13/08/2001;2;MOD;5/10/2024;11.1;5/11/2024;12;NULL;NULL;NULL;NULL;NULL;NULL;5/10/2024;5/11/2024;5/12/2024
*****106;12/09/1984;2;LEV;12/02/2025;11.1;14/03/2025;14.9;NULL;NULL;NULL;NULL;NULL;NULL;12/02/2025;14/03/2025;NULL
*****775;19/05/1986;2;MOD;20/12/2024;11.2;20/01/2025;10.6;19/02/2025;11.5;NULL;NULL;NULL;NULL;20/12/2024;20/01/2025;19/02/2025
*****899;10/10/1986;2;LEV;8/10/2024;12.3;NULL;NULL;NULL;NULL;NULL;NULL;NULL;NULL;8/10/2024;NULL;NULL
*****804;30/12/1986;2;MOD;5/07/2024;9.2;5/08/2024;10.3;5/09/2024;10.8;5/10/2024;9.1;NULL;NULL;5/07/2024;5/08/2024;5/09/2024
*****085;27/09/1988;2;LEV;8/11/2024;12.4;10/12/2024;15;10/02/2025;15;NULL;NULL;NULL;NULL;8/11/2024;10/12/2024;9/01/2025
*****651;22/06/1992;2;LEV;15/10/2024;10.8;15/11/2024;12.3;16/12/2024;12.1;NULL;NULL;NULL;NULL;15/10/2024;15/11/2024;16/12/2024
*****318;11/03/1993;2;LEV;6/02/2025;11.8;10/03/2025;11.9;11/04/2025;12.1;NULL;NULL;NULL;NULL;6/02/2025;10/03/2025;11/04/2025
*****950;30/09/1999;2;LEV;31/10/2024;10.3;30/11/2024;11.7;NULL;NULL;NULL;NULL;NULL;NULL;31/10/2024;30/11/2024;NULL
*****317;15/10/2001;2;MOD;27/01/2024;9.7;NULL;NULL;NULL;NULL;NULL;NULL;NULL;NULL;27/01/2024;NULL;NULL
*****795;20/10/2004;2;LEV;10/04/2025;11.7;9/05/2025;13.3;NULL;NULL;NULL;NULL;NULL;NULL;10/04/2025;9/05/2025;NULL
*****801;4/10/1999;1;LEV;15/08/2024;12.2;14/09/2024;13.9;14/10/2024;13.8;NULL;NULL;15/02/2025;15.1;15/08/2024;14/09/2024;14/10/2024
*****434;8/09/1981;2;MOD;8/11/2023;11.8;14/12/2023;13;13/01/2024;13.6;15/02/2024;12.7;NULL;NULL;8/11/2023;14/12/2023;13/01/2024
*****186;8/01/2001;2;LEV;20/02/2024;12.5;NULL;NULL;NULL;NULL;NULL;NULL;NULL;NULL;20/02/2024;20/03/2024;NULL
*****881;18/02/2002;2;LEV;11/07/2024;12.8;27/08/2024;13.6;NULL;NULL;NULL;NULL;NULL;NULL;11/07/2024;27/08/2024;NULL
*****411;29/04/1998;2;LEV;14/03/2024;13;19/04/2024;12.8;NULL;NULL;NULL;NULL;NULL;NULL;14/03/2024;19/04/2024;NULL
*****713;8/06/1999;2;LEV;9/01/2024;13;12/02/2024;13;11/03/2024;12.6;10/04/2024;12.9;10/05/2024;15.7;9/01/2024;NULL;NULL
*****824;28/07/1995;2;LEV;13/11/2023;12.5;NULL;NULL;NULL;NULL;23/03/2024;13.3;NULL;NULL;13/11/2023;14/12/2023;15/01/2024
*****872;26/06/1988;2;LEV;17/07/2024;12.2;16/08/2024;13.9;16/09/2024;14.4;NULL;NULL;NULL;NULL;17/07/2024;NULL;NULL
*****806;30/04/1990;2;MOD;3/04/2024;12;NULL;NULL;NULL;NULL;NULL;NULL;NULL;NULL;3/04/2024;NULL;NULL
*****582;10/08/1990;2;LEV;19/10/2023;12.4;20/11/2023;14;NULL;NULL;NULL;NULL;NULL;NULL;19/10/2023;20/11/2023;NULL
*****437;14/07/2007;2;LEV;17/04/2024;10.7;NULL;NULL;NULL;NULL;NULL;NULL;NULL;NULL;17/04/2024;NULL;NULL
*****284;31/05/2005;1;LEV;19/09/2024;10.6;19/10/2024;12.3;19/11/2024;13.1;23/12/2024;14.8;NULL;NULL;19/09/2024;19/10/2024;NULL
*****230;29/01/2002;2;MOD;11/03/2024;11.6;NULL;NULL;NULL;NULL;NULL;NULL;NULL;NULL;11/03/2024;NULL;NULL
*****153;2/10/2002;2;LEV;NULL;NULL;NULL;NULL;NULL;NULL;30/04/2024;12.8;NULL;NULL;29/01/2024;29/02/2024;30/03/2024
*****789;6/08/1997;2;MOD;28/06/2024;10.9;27/07/2024;13;28/08/2024;13;28/09/2024;12.9;NULL;NULL;28/06/2024;27/07/2024;28/08/2024
*****112;20/11/1999;2;LEV;23/03/2024;12.7;24/04/2024;11.9;24/05/2024;12.1;27/06/2024;13.5;NULL;NULL;23/03/2024;NULL;NULL
*****546;9/06/1998;2;MOD;28/05/2024;12;1/07/2024;12.8;1/08/2024;12.5;2/09/2024;13.1;2/10/2024;14.7;28/05/2024;1/07/2024;1/08/2024
*****038;15/04/2003;2;LEV;4/03/2025;12.1;NULL;NULL;NULL;NULL;NULL;NULL;NULL;NULL;4/03/2025;NULL;NULL
*****380;16/03/1985;2;LEV;31/10/2024;12.7;13/12/2024;12.8;NULL;NULL;NULL;NULL;NULL;NULL;31/10/2024;NULL;NULL
*****677;28/06/1992;2;MOD;20/02/2024;12;NULL;NULL;NULL;NULL;NULL;NULL;NULL;NULL;20/02/2024;NULL;NULL
*****922;26/06/1988;2;LEV;3/07/2024;12.2;5/08/2024;14;NULL;NULL;NULL;NULL;NULL;NULL;3/07/2024;NULL;NULL
*****370;13/10/1999;2;LEV;24/02/2025;12;7/05/2025;12.6;NULL;NULL;NULL;NULL;NULL;NULL;24/02/2025;26/03/2025;NULL
*****389;6/11/1993;2;LEV;12/09/2024;11.7;6/11/2024;10.5;NULL;NULL;NULL;NULL;NULL;NULL;12/09/2024;6/11/2024;NULL
*****687;20/02/1999;2;MOD;NULL;NULL;NULL;NULL;NULL;NULL;NULL;NULL;NULL;NULL;NULL;NULL;NULL
*****866;25/02/1999;2;LEV;17/01/2025;13.2;NULL;NULL;24/03/2025;13.5;NULL;NULL;NULL;NULL;17/01/2025;19/02/2025;24/03/2025
*****360;15/06/1994;2;MOD;22/01/2025;10.8;21/02/2025;12;NULL;NULL;NULL;NULL;NULL;NULL;22/01/2025;21/02/2025;21/03/2025
*****902;28/10/2002;2;MOD;26/09/2024;11.3;NULL;NULL;NULL;NULL;26/12/2024;13;25/01/2025;13;26/09/2024;26/10/2024;NULL
*****772;16/06/1997;2;LEV;NULL;NULL;21/12/2024;12.7;20/01/2025;12.2;26/03/2025;13.6;NULL;NULL;NULL;NULL;NULL
*****402;7/05/1988;2;LEV;25/10/2024;12;NULL;NULL;NULL;NULL;NULL;NULL;NULL;NULL;25/10/2024;NULL;NULL
*****296;2/04/1989;2;MOD;30/11/2023;12;30/12/2023;13.6;30/01/2024;13.6;22/03/2024;14.7;NULL;NULL;30/11/2023;30/12/2023;30/01/2024
*****482;17/11/1990;2;LEV;19/06/2024;12.3;NULL;NULL;NULL;NULL;28/10/2024;16.1;NULL;NULL;19/06/2024;17/07/2024;16/08/2024
*****436;2/09/1992;2;MOD;9/07/2024;11.5;9/08/2024;11;9/09/2024;11.1;9/10/2024;11;NULL;NULL;9/07/2024;9/08/2024;9/09/2024
*****838;11/07/2003;2;MOD;16/04/2024;11.5;NULL;NULL;27/06/2024;12.4;NULL;NULL;NULL;NULL;16/04/2024;15/05/2024;NULL
*****983;17/10/2007;2;MOD;24/02/2025;10.8;25/04/2025;12.1;24/05/2025;12.6;NULL;NULL;NULL;NULL;24/02/2025;26/03/2025;24/05/2025
*****681;4/06/1990;2;MOD;22/04/2024;11;21/05/2024;12.8;21/06/2024;11.5;13/08/2024;13.3;NULL;NULL;22/04/2024;21/05/2024;21/06/2024
*****337;9/10/1992;2;MOD;10/06/2024;11.9;NULL;NULL;NULL;NULL;NULL;NULL;NULL;NULL;10/06/2024;10/07/2024;NULL
*****426;5/03/2003;2;MOD;17/04/2024;11.6;18/05/2024;11.6;18/06/2024;10.4;NULL;NULL;NULL;NULL;17/04/2024;18/05/2024;18/06/2024
*****448;4/11/1987;2;MOD;23/04/2024;11.9;NULL;NULL;NULL;NULL;NULL;NULL;NULL;NULL;23/04/2024;NULL;NULL
*****695;2/04/1990;2;NULL;NULL;NULL;NULL;NULL;NULL;NULL;NULL;NULL;NULL;NULL;NULL;NULL;NULL
*****216;15/05/1990;2;LEV;23/10/2023;12.7;NULL;NULL;NULL;NULL;NULL;NULL;NULL;NULL;23/10/2023;NULL;NULL
*****147;20/06/1992;2;MOD;30/08/2024;11.1;30/09/2024;13.2;30/10/2024;11.8;29/11/2024;15;31/12/2024;15;30/08/2024;30/09/2024;30/10/2024
*****442;10/01/1993;2;LEV;20/05/2024;11.8;20/06/2024;13.3;NULL;NULL;NULL;NULL;NULL;NULL;20/05/2024;NULL;NULL
*****115;8/07/1992;2;MOD;2/01/2025;11.2;NULL;NULL;NULL;NULL;NULL;NULL;NULL;NULL;2/01/2025;28/01/2025;NULL
*****320;27/12/1996;2;LEV;3/11/2023;12.5;6/12/2023;12.5;NULL;NULL;12/03/2024;14;NULL;NULL;3/11/2023;6/12/2023;NULL
*****683;14/10/2005;2;MOD;16/11/2024;10;17/12/2024;12;NULL;NULL;NULL;NULL;NULL;NULL;16/11/2024;17/12/2024;NULL
*****286;6/07/2001;2;MOD;30/01/2025;11.8;3/03/2025;14;28/04/2025;13.1;NULL;NULL;NULL;NULL;30/01/2025;NULL;NULL
*****594;5/02/1984;2;MOD;3/04/2024;12.1;3/07/2024;11.9;NULL;NULL;NULL;NULL;NULL;NULL;3/04/2024;3/07/2024;NULL
*****299;4/03/1987;2;LEV;16/03/2024;13;4/05/2024;12.3;NULL;NULL;NULL;NULL;NULL;NULL;16/03/2024;12/04/2024;NULL
*****690;4/02/1987;2;MOD;18/10/2024;11.9;NULL;NULL;NULL;NULL;NULL;NULL;NULL;NULL;18/10/2024;NULL;NULL
*****488;8/12/1990;1;LEV;18/06/2024;12.8;NULL;NULL;28/08/2024;12.5;NULL;NULL;NULL;NULL;18/06/2024;NULL;NULL
*****334;2/02/1990;2;LEV;14/10/2024;9.7;23/11/2024;12;23/12/2024;12.4;6/02/2025;14.2;NULL;NULL;14/10/2024;23/11/2024;23/12/2024
*****786;25/07/1987;2;LEV;10/03/2025;12.2;9/04/2025;13.6;10/05/2025;13.6;NULL;NULL;NULL;NULL;10/03/2025;9/04/2025;10/05/2025
*****858;12/05/2004;2;LEV;7/05/2024;11.8;18/07/2024;12.4;NULL;NULL;NULL;NULL;NULL;NULL;7/05/2024;18/07/2024;NULL
*****090;16/02/2007;2;MOD;14/05/2024;11.1;14/06/2024;12.3;NULL;NULL;NULL;NULL;NULL;NULL;14/05/2024;14/06/2024;15/07/2024
*****397;20/07/1996;2;MOD;17/05/2024;12;17/06/2024;12.8;3/09/2024;14;NULL;NULL;NULL;NULL;17/05/2024;17/06/2024;NULL
*****963;13/03/2000;2;MOD;14/10/2024;12.6;14/11/2024;12.6;NULL;NULL;NULL;NULL;NULL;NULL;14/10/2024;14/11/2024;NULL
*****319;1/08/1998;2;LEV;12/10/2024;12.9;22/11/2024;12.9;14/12/2024;13.1;NULL;NULL;NULL;NULL;12/10/2024;22/11/2024;14/12/2024
*****668;27/06/2001;2;LEV;19/04/2024;13.3;NULL;NULL;NULL;NULL;NULL;NULL;NULL;NULL;19/04/2024;NULL;NULL
*****213;16/01/2001;2;MOD;30/11/2024;12;30/12/2024;12;20/03/2025;11.1;NULL;NULL;NULL;NULL;30/11/2024;30/12/2024;30/01/2025
*****994;25/05/1987;2;LEV;NULL;NULL;NULL;NULL;NULL;NULL;NULL;NULL;NULL;NULL;26/01/2024;27/12/2023;NULL
*****278;28/12/1983;2;MOD;22/04/2024;12.1;22/05/2024;13.7;21/06/2024;13.7;NULL;NULL;NULL;NULL;22/04/2024;22/05/2024;21/06/2024
*****340;24/05/1993;2;LEV;22/02/2024;12.3;NULL;NULL;NULL;NULL;NULL;NULL;NULL;NULL;22/02/2024;NULL;NULL
*****562;10/07/2001;2;LEV;16/11/2024;12.1;NULL;NULL;NULL;NULL;NULL;NULL;NULL;NULL;16/11/2024;NULL;NULL
*****974;15/03/2003;2;LEV;20/06/2024;12.2;20/07/2024;12.1;20/08/2024;11.5;16/10/2024;12.6;NULL;NULL;20/06/2024;20/07/2024;20/08/2024
*****576;5/08/2003;2;LEV;3/09/2024;12.5;3/10/2024;12.7;NULL;NULL;NULL;NULL;2/01/2025;14.4;3/09/2024;NULL;NULL
*****284;1/07/2002;2;MOD;15/02/2024;10.5;18/03/2024;12.3;17/04/2024;12.4;1/06/2024;14.3;NULL;NULL;15/02/2024;18/03/2024;NULL
*****790;18/11/1995;2;LEV;21/09/2024;11.5;NULL;NULL;NULL;NULL;NULL;NULL;NULL;NULL;21/09/2024;NULL;NULL
*****088;30/09/2001;2;LEV;7/05/2024;11.9;8/06/2024;12.8;8/07/2024;12.4;8/08/2024;10.6;7/09/2024;12.1;7/05/2024;8/06/2024;8/07/2024
*****078;18/01/1993;2;LEV;NULL;NULL;NULL;NULL;NULL;NULL;NULL;NULL;NULL;NULL;NULL;NULL;NULL
*****919;23/09/1995;2;LEV;22/06/2024;12.3;22/07/2024;9.3;22/08/2024;10.6;23/09/2024;12.7;23/10/2024;12.7;22/06/2024;22/07/2024;22/08/2024
*****578;4/02/2005;2;LEV;20/05/2025;12.9;NULL;NULL;NULL;NULL;NULL;NULL;NULL;NULL;20/05/2025;NULL;NULL
*****106;20/07/1999;2;LEV;20/07/2024;11.4;NULL;NULL;NULL;NULL;NULL;NULL;NULL;NULL;20/07/2024;NULL;NULL
*****224;1/05/2005;2;LEV;24/07/2024;11.4;4/09/2024;13.4;4/10/2024;13.6;5/11/2024;12.1;NULL;NULL;24/07/2024;4/09/2024;4/10/2024
*****826;30/12/1991;2;MOD;19/09/2024;11.4;21/11/2024;11.5;9/01/2025;13;NULL;NULL;NULL;NULL;19/09/2024;18/10/2024;NULL
*****442;5/08/1993;2;MOD;6/08/2024;11;6/09/2024;13.7;NULL;NULL;4/11/2024;14.4;NULL;NULL;6/08/2024;6/09/2024;NULL
*****410;19/07/2006;2;LEV;2/05/2024;10.8;3/06/2024;10.8;3/07/2024;12.8;2/08/2024;13.3;NULL;NULL;2/05/2024;3/06/2024;3/07/2024
*****541;10/12/2008;2;LEV;20/05/2024;14.9;19/06/2024;12.2;19/07/2024;15;30/08/2024;13.5;NULL;NULL;17/05/2024;19/06/2024;19/07/2024
*****422;24/05/1999;2;LEV;2/12/2024;12.9;2/01/2025;14.4;NULL;NULL;NULL;NULL;NULL;NULL;2/12/2024;2/01/2025;NULL
*****029;14/01/1997;2;LEV;26/12/2023;10.9;26/01/2024;10.2;NULL;NULL;NULL;NULL;15/07/2024;11;26/12/2023;26/01/2024;NULL
*****847;11/08/1995;2;LEV;6/06/2024;10.3;20/07/2024;10.3;NULL;NULL;NULL;NULL;NULL;NULL;6/06/2024;20/07/2024;NULL
*****101;17/05/2007;2;MOD;5/08/2024;11.8;NULL;NULL;NULL;NULL;NULL;NULL;NULL;NULL;5/08/2024;NULL;NULL
*****333;30/04/1981;2;LEV;20/09/2024;12.2;NULL;NULL;NULL;NULL;NULL;NULL;NULL;NULL;20/09/2024;NULL;NULL
*****739;17/12/1980;2;LEV;26/02/2025;12.4;28/03/2025;12.3;NULL;NULL;NULL;NULL;NULL;NULL;26/02/2025;28/03/2025;26/04/2025
*****273;27/04/1987;2;LEV;1/04/2025;11.8;2/05/2025;11.8;NULL;NULL;NULL;NULL;NULL;NULL;1/04/2025;2/05/2025;NULL
*****150;6/05/1989;2;LEV;26/02/2024;12.4;27/03/2024;12.4;NULL;NULL;NULL;NULL;NULL;NULL;26/02/2024;27/03/2024;26/04/2024
*****937;29/07/2002;2;LEV;30/05/2025;12.8;NULL;NULL;NULL;NULL;NULL;NULL;NULL;NULL;30/05/2025;NULL;NULL
*****986;28/06/2002;2;NULL;NULL;NULL;NULL;NULL;NULL;NULL;NULL;NULL;NULL;NULL;NULL;NULL;NULL
*****870;21/08/2003;1;NULL;NULL;NULL;NULL;NULL;NULL;NULL;NULL;NULL;NULL;NULL;NULL;NULL;NULL
*****626;7/10/1984;1;NULL;NULL;NULL;NULL;NULL;NULL;NULL;NULL;NULL;NULL;NULL;NULL;NULL;NULL
*****410;10/11/1982;1;LEV;8/04/2024;13;23/05/2024;12.6;NULL;NULL;10/07/2024;NULL;NULL;NULL;8/04/2024;8/05/2024;NULL
*****539;24/06/1992;2;LEV;25/07/2024;12.7;7/09/2024;15.1;NULL;NULL;NULL;NULL;NULL;NULL;25/07/2024;NULL;NULL
*****904;29/03/1999;2;MOD;23/08/2024;12;NULL;NULL;NULL;NULL;NULL;NULL;NULL;NULL;23/08/2024;NULL;NULL
*****571;14/10/1998;2;LEV;5/09/2024;13;4/10/2024;12.9;12/11/2024;13.1;NULL;NULL;NULL;NULL;5/09/2024;4/10/2024;12/11/2024
*****599;22/03/1999;2;LEV;14/11/2024;12.5;13/12/2024;12.5;13/01/2025;12.8;12/02/2025;13.3;NULL;NULL;14/11/2024;13/12/2024;13/01/2025
*****591;31/12/1992;2;LEV;12/10/2023;12.9;12/12/2023;13;5/02/2024;14.2;NULL;NULL;NULL;NULL;12/10/2023;NULL;NULL
*****698;4/09/1992;2;MOD;6/02/2024;9.8;8/03/2024;9.8;10/04/2024;13;18/06/2024;14.1;NULL;NULL;6/02/2024;8/03/2024;10/04/2024
*****000;26/10/1995;2;LEV;19/10/2024;12.1;19/11/2024;12.1;13/02/2025;13.9;NULL;NULL;NULL;NULL;19/10/2024;19/11/2024;NULL
*****687;29/01/2008;2;LEV;NULL;NULL;NULL;NULL;NULL;NULL;NULL;NULL;NULL;NULL;NULL;NULL;NULL
*****298;16/08/2004;2;LEV;11/04/2024;12.2;NULL;NULL;NULL;NULL;NULL;NULL;NULL;NULL;11/04/2024;NULL;NULL
*****580;3/09/1983;2;LEV;28/10/2024;12.9;28/11/2024;12.8;NULL;NULL;NULL;NULL;NULL;NULL;28/10/2024;28/11/2024;NULL
*****725;24/03/1992;2;LEV;12/02/2024;13;25/04/2024;13.9;NULL;NULL;NULL;NULL;NULL;NULL;12/02/2024;11/04/2024;NULL
*****851;28/07/2010;2;MOD;3/01/2025;11.8;14/02/2025;12.6;NULL;NULL;NULL;NULL;NULL;NULL;3/01/2025;4/02/2025;NULL
*****397;31/08/1996;2;MOD;18/11/2024;10;18/12/2024;11;NULL;NULL;NULL;NULL;NULL;NULL;18/11/2024;18/12/2024;NULL
*****526;1/04/1994;2;LEV;25/04/2024;12.7;10/06/2024;10.3;NULL;NULL;NULL;NULL;NULL;NULL;25/04/2024;10/06/2024;NULL
*****845;22/07/1997;2;LEV;2/10/2024;12.7;2/11/2024;12.4;NULL;NULL;NULL;NULL;NULL;NULL;2/10/2024;NULL;NULL
*****150;4/04/2007;2;LEV;26/05/2025;13;NULL;NULL;NULL;NULL;NULL;NULL;NULL;NULL;26/05/2025;NULL;NULL
*****607;27/03/2007;2;LEV;27/03/2024;12.1;NULL;NULL;NULL;NULL;NULL;NULL;NULL;NULL;NULL;NULL;NULL
*****348;6/09/1990;2;LEV;21/10/2024;12.1;10/12/2024;12.5;NULL;NULL;NULL;NULL;NULL;NULL;21/10/2024;21/11/2024;NULL
*****261;30/03/1991;2;LEV;16/08/2024;12.8;NULL;NULL;NULL;NULL;26/11/2024;13.3;NULL;NULL;16/08/2024;NULL;NULL
*****411;15/09/2001;2;MOD;NULL;NULL;NULL;NULL;NULL;NULL;NULL;NULL;NULL;NULL;NULL;NULL;NULL
*****504;15/05/2002;2;LEV;19/02/2024;12.3;NULL;NULL;NULL;NULL;NULL;NULL;NULL;NULL;19/02/2024;NULL;NULL
*****256;20/01/2004;2;LEV;9/05/2025;10.4;NULL;NULL;NULL;NULL;NULL;NULL;NULL;NULL;9/05/2025;NULL;NULL
*****606;15/04/1999;2;MOD;15/01/2024;12;14/02/2024;12;NULL;NULL;NULL;NULL;NULL;NULL;15/01/2024;14/02/2024;14/03/2024
*****672;8/04/1998;2;MOD;14/01/2025;11.9;12/02/2025;11.8;NULL;NULL;23/05/2025;12.4;NULL;NULL;14/01/2025;12/02/2025;14/03/2025
*****166;11/09/1999;2;LEV;20/02/2025;13.1;NULL;NULL;NULL;NULL;NULL;NULL;NULL;NULL;20/02/2025;20/03/2025;19/04/2025
*****094;15/08/2001;2;LEV;NULL;NULL;NULL;NULL;NULL;NULL;NULL;NULL;NULL;NULL;NULL;NULL;NULL
*****587;20/08/1997;2;LEV;31/10/2024;12.8;2/12/2024;12.9;NULL;NULL;NULL;NULL;NULL;NULL;31/10/2024;2/12/2024;NULL
*****300;12/02/1981;1;LEV;15/11/2024;10.5;6/03/2025;10.5;NULL;NULL;NULL;NULL;NULL;NULL;15/11/2024;16/12/2024;13/01/2025
*****220;6/03/1987;2;LEV;12/03/2025;13.3;12/04/2025;13;NULL;NULL;NULL;NULL;NULL;NULL;12/03/2025;12/04/2025;NULL
*****052;14/11/1996;2;LEV;25/04/2025;12.4;NULL;NULL;NULL;NULL;NULL;NULL;NULL;NULL;25/04/2025;NULL;NULL
*****391;2/04/1994;2;LEV;22/05/2024;12;21/06/2024;12;22/07/2024;12;22/08/2024;12.1;NULL;NULL;22/05/2024;21/06/2024;22/07/2024
*****723;19/06/2000;2;LEV;20/01/2024;12.7;NULL;NULL;NULL;NULL;NULL;NULL;NULL;NULL;20/01/2024;NULL;NULL
*****769;7/12/2007;2;LEV;13/02/2025;13;NULL;NULL;NULL;NULL;NULL;NULL;NULL;NULL;13/02/2025;NULL;NULL
*****726;8/12/1987;2;LEV;16/09/2024;12.7;23/10/2024;13.3;NULL;NULL;NULL;NULL;NULL;NULL;16/09/2024;16/10/2024;5/11/2024
*****047;10/12/2000;1;LEV;26/12/2024;10.7;NULL;NULL;NULL;NULL;NULL;NULL;NULL;NULL;26/12/2024;NULL;NULL
*****771;24/11/1997;2;LEV;9/09/2024;11.8;NULL;NULL;NULL;NULL;NULL;NULL;NULL;NULL;9/09/2024;NULL;NULL
*****478;14/11/1985;2;LEV;18/12/2024;12.3;3/02/2025;12.9;7/03/2025;13.4;NULL;NULL;NULL;NULL;18/12/2024;17/01/2025;17/02/2025
*****963;16/01/1983;2;LEV;8/02/2024;12.9;NULL;NULL;11/04/2024;13;NULL;NULL;NULL;NULL;8/02/2024;11/03/2024;11/04/2024
*****390;16/12/1987;2;LEV;6/05/2025;12.3;NULL;NULL;NULL;NULL;NULL;NULL;NULL;NULL;6/05/2025;NULL;NULL
*****917;26/04/1996;2;LEV;25/06/2024;14;NULL;NULL;NULL;NULL;NULL;NULL;NULL;NULL;25/06/2024;NULL;NULL
*****298;22/04/2005;2;MOD;11/02/2025;11.2;13/03/2025;11.4;12/04/2025;11.4;NULL;NULL;NULL;NULL;11/02/2025;13/03/2025;12/04/2025
*****469;15/01/1986;2;LEV;26/12/2024;12.5;27/01/2025;13.8;NULL;NULL;NULL;NULL;NULL;NULL;26/12/2024;27/01/2025;NULL
*****364;18/09/2002;2;LEV;26/07/2024;12.8;NULL;NULL;NULL;NULL;NULL;NULL;NULL;NULL;26/07/2024;NULL;NULL
*****412;16/07/1999;2;LEV;31/05/2024;12.1;1/07/2024;12.1;1/08/2024;12.1;4/09/2024;12.3;NULL;NULL;31/05/2024;1/07/2024;1/08/2024
*****086;30/07/1994;2;LEV;30/04/2024;12.7;NULL;NULL;NULL;NULL;NULL;NULL;NULL;NULL;30/04/2024;NULL;NULL
*****405;21/09/2001;2;LEV;16/03/2024;10.3;NULL;NULL;NULL;NULL;NULL;NULL;NULL;NULL;16/03/2024;NULL;NULL
*****752;1/07/2004;2;LEV;15/10/2024;13;16/12/2024;13;NULL;NULL;28/01/2025;13;NULL;NULL;15/10/2024;14/11/2024;NULL
*****117;6/04/1988;2;LEV;20/12/2024;12.4;20/01/2025;10.1;NULL;NULL;NULL;NULL;NULL;NULL;20/12/2024;20/01/2025;NULL
*****983;24/06/1991;2;MOD;8/11/2024;11.6;9/12/2024;12;24/01/2025;14.2;NULL;NULL;NULL;NULL;8/11/2024;9/12/2024;NULL
*****556;16/11/2001;2;LEV;18/09/2024;12.5;18/10/2024;12.5;2/12/2024;13.5;9/01/2025;14.5;NULL;NULL;18/09/2024;18/10/2024;18/11/2024
*****999;22/10/1992;2;LEV;8/05/2025;12.6;NULL;NULL;NULL;NULL;NULL;NULL;NULL;NULL;8/05/2025;NULL;NULL
*****692;14/08/2005;2;MOD;27/02/2024;11.1;NULL;NULL;NULL;NULL;NULL;NULL;NULL;NULL;27/02/2024;NULL;NULL
*****896;27/08/1994;2;LEV;24/01/2025;12.7;24/02/2025;12.8;26/03/2025;12.9;5/05/2025;11.5;NULL;NULL;24/01/2025;24/02/2025;26/03/2025
*****644;16/04/1993;2;LEV;NULL;NULL;NULL;NULL;NULL;NULL;NULL;NULL;NULL;NULL;NULL;NULL;NULL
*****868;15/04/1989;1;MOD;10/07/2024;11.6;NULL;NULL;NULL;NULL;NULL;NULL;NULL;NULL;10/07/2024;NULL;NULL
*****954;4/10/2006;2;MOD;12/04/2024;8.6;NULL;NULL;NULL;NULL;NULL;NULL;NULL;NULL;12/04/2024;NULL;NULL
*****529;12/06/2000;1;LEV;21/06/2024;12.8;24/08/2024;NULL;NULL;NULL;NULL;NULL;NULL;NULL;21/06/2024;NULL;NULL
*****601;13/06/1997;2;LEV;14/02/2025;12.1;16/04/2025;14.5;16/04/2025;11.8;NULL;NULL;NULL;NULL;14/02/2025;17/03/2025;16/04/2025
*****628;14/02/2000;1;LEV;23/01/2025;12.5;22/02/2025;13.9;NULL;NULL;7/05/2025;14.2;NULL;NULL;23/01/2025;22/02/2025;NULL
*****288;8/04/1995;1;MOD;26/06/2024;11.9;NULL;NULL;NULL;NULL;NULL;NULL;NULL;NULL;26/06/2024;NULL;NULL
*****523;2/01/2006;2;LEV;17/10/2023;12.2;NULL;NULL;NULL;NULL;NULL;NULL;NULL;NULL;17/10/2023;NULL;NULL
*****139;2/02/1996;1;LEV;24/05/2024;12.3;NULL;NULL;NULL;NULL;18/09/2024;14.2;NULL;NULL;24/05/2024;NULL;NULL
*****458;3/02/2000;1;LEV;11/03/2024;12.1;NULL;NULL;26/06/2024;16.1;NULL;NULL;NULL;NULL;11/03/2024;NULL;NULL
*****215;5/06/1997;2;LEV;19/04/2024;12.5;NULL;NULL;NULL;NULL;NULL;NULL;NULL;NULL;19/04/2024;NULL;NULL
*****259;27/08/2004;2;LEV;30/11/2023;12.1;NULL;NULL;NULL;NULL;NULL;NULL;NULL;NULL;30/11/2023;NULL;NULL
*****870;18/06/2007;2;LEV;27/11/2023;12.8;NULL;NULL;NULL;NULL;20/03/2024;14.3;NULL;NULL;27/11/2023;NULL;NULL
*****573;14/04/1987;1;LEV;28/05/2024;12.4;NULL;NULL;27/08/2024;16.1;NULL;NULL;NULL;NULL;28/05/2024;NULL;NULL
*****942;4/09/2004;2;LEV;2/11/2023;12.8;NULL;NULL;NULL;NULL;NULL;NULL;NULL;NULL;2/11/2023;NULL;NULL
*****677;31/10/1998;2;LEV;2/11/2023;12.7;NULL;NULL;NULL;NULL;7/02/2024;14.2;NULL;NULL;2/11/2023;NULL;NULL
*****625;20/12/1998;1;MOD;26/06/2024;12.5;26/09/2024;13.8;NULL;NULL;NULL;NULL;NULL;NULL;26/06/2024;NULL;NULL
*****613;21/08/1985;2;LEV;17/04/2024;12.5;NULL;NULL;2/07/2024;15.6;NULL;NULL;NULL;NULL;17/04/2024;NULL;NULL
*****380;27/02/1981;1;LEV;16/10/2024;12.1;NULL;NULL;13/01/2025;13.3;11/03/2025;15;NULL;NULL;16/10/2024;NULL;NULL
*****901;15/11/1991;2;LEV;5/12/2023;12.4;NULL;NULL;NULL;NULL;NULL;NULL;NULL;NULL;5/12/2023;NULL;NULL
*****298;1/12/2002;1;LEV;21/03/2024;12.2;22/05/2024;10.4;NULL;NULL;NULL;NULL;NULL;NULL;21/03/2024;22/04/2024;NULL
*****858;22/05/1997;2;LEV;20/05/2024;11.9;NULL;NULL;NULL;NULL;NULL;NULL;NULL;NULL;20/05/2024;NULL;NULL
*****877;30/08/1999;2;MOD;16/02/2024;12;NULL;NULL;NULL;NULL;NULL;NULL;NULL;NULL;16/02/2024;NULL;NULL
*****604;19/05/1992;2;LEV;NULL;NULL;NULL;NULL;NULL;NULL;NULL;NULL;NULL;NULL;NULL;NULL;NULL
*****437;11/06/2001;2;LEV;8/03/2024;12.3;NULL;NULL;NULL;NULL;6/06/2024;13.1;NULL;NULL;8/03/2024;NULL;NULL
*****433;22/08/1997;2;MOD;20/02/2024;11.9;NULL;NULL;NULL;NULL;NULL;NULL;NULL;NULL;20/02/2024;NULL;NULL
*****571;15/02/2008;1;LEV;25/05/2024;12.7;NULL;NULL;NULL;NULL;NULL;NULL;NULL;NULL;25/05/2024;NULL;NULL
*****346;28/07/1998;2;LEV;22/05/2024;12.9;NULL;NULL;NULL;NULL;NULL;NULL;NULL;NULL;22/05/2024;NULL;NULL
*****993;8/09/1998;2;LEV;15/02/2024;11.8;NULL;NULL;NULL;NULL;NULL;NULL;NULL;NULL;15/02/2024;NULL;NULL
*****672;16/10/1991;2;MOD;4/11/2023;10.5;4/12/2023;13;NULL;NULL;NULL;NULL;NULL;NULL;4/11/2023;4/12/2023;NULL
*****860;2/01/1995;2;LEV;12/02/2024;11.8;12/03/2024;12.1;NULL;NULL;1/07/2024;15;NULL;NULL;12/02/2024;12/03/2024;11/04/2024
*****993;29/10/1986;1;LEV;21/04/2025;12.8;21/05/2025;12.8;NULL;NULL;NULL;NULL;NULL;NULL;21/04/2025;21/05/2025;NULL
*****806;19/10/1992;2;LEV;16/10/2023;12.9;NULL;NULL;NULL;NULL;NULL;NULL;NULL;NULL;16/10/2023;NULL;NULL
*****489;17/07/2004;1;LEV;30/09/2024;10.4;29/10/2024;12.3;NULL;NULL;NULL;NULL;NULL;NULL;30/09/2024;29/10/2024;NULL
*****090;15/05/1992;1;LEV;25/10/2024;10.4;4/12/2024;12.1;NULL;NULL;NULL;NULL;NULL;NULL;25/10/2024;4/12/2024;NULL
*****305;9/04/2006;1;LEV;7/10/2024;12.3;NULL;NULL;NULL;NULL;13/01/2025;13;NULL;NULL;7/10/2024;6/11/2024;5/12/2024
*****719;24/11/1985;1;LEV;NULL;NULL;NULL;NULL;NULL;NULL;NULL;NULL;NULL;NULL;NULL;NULL;NULL
*****449;20/02/2003;1;LEV;25/11/2024;11.9;NULL;NULL;NULL;NULL;NULL;NULL;NULL;NULL;25/11/2024;23/12/2024;NULL
*****361;2/07/1990;1;LEV;17/10/2024;12.5;15/11/2024;12.5;18/12/2024;13.3;NULL;NULL;NULL;NULL;17/10/2024;15/11/2024;18/12/2024
*****958;6/07/2005;2;LEV;18/05/2024;12.9;NULL;NULL;NULL;NULL;NULL;NULL;NULL;NULL;18/05/2024;NULL;NULL
*****523;27/10/2002;1;LEV;19/09/2024;NULL;NULL;NULL;NULL;NULL;NULL;NULL;NULL;NULL;19/09/2024;29/10/2024;NULL
*****945;23/07/1997;2;LEV;25/04/2024;12.9;15/06/2024;13;NULL;NULL;NULL;NULL;NULL;NULL;25/04/2024;NULL;NULL
*****324;14/04/2005;2;LEV;24/11/2023;12.3;23/12/2023;9.7;NULL;NULL;NULL;NULL;NULL;NULL;24/11/2023;23/12/2023;22/01/2024
*****290;20/03/2005;1;LEV;6/08/2024;10.7;4/09/2024;12.8;NULL;NULL;NULL;NULL;NULL;NULL;6/08/2024;4/09/2024;NULL
*****915;16/04/2006;1;LEV;17/08/2024;12.8;NULL;NULL;18/10/2024;14.3;NULL;NULL;NULL;NULL;17/08/2024;NULL;NULL
*****550;11/11/2004;1;LEV;18/05/2024;11.9;17/06/2024;NULL;NULL;NULL;10/10/2024;14.1;NULL;NULL;18/05/2024;17/06/2024;NULL
*****230;5/08/2000;1;LEV;6/09/2024;10.7;NULL;NULL;NULL;NULL;NULL;NULL;NULL;NULL;6/09/2024;NULL;NULL
*****451;5/04/2006;2;LEV;23/03/2024;12.7;NULL;NULL;NULL;NULL;NULL;NULL;NULL;NULL;23/03/2024;NULL;NULL
*****428;12/12/1998;1;LEV;28/11/2024;10.4;28/12/2024;12.7;NULL;NULL;NULL;NULL;NULL;NULL;28/11/2024;28/12/2024;NULL
*****675;29/04/1996;1;LEV;12/08/2024;11.2;11/09/2024;12.5;18/10/2024;14.1;NULL;NULL;NULL;NULL;12/08/2024;11/09/2024;18/10/2024
*****245;19/02/1995;1;LEV;17/09/2024;11.9;NULL;NULL;NULL;NULL;NULL;NULL;NULL;NULL;17/09/2024;15/10/2024;NULL
*****275;27/04/1990;1;MOD;27/09/2024;11.8;28/10/2024;11.8;28/11/2024;NULL;21/01/2025;14.1;NULL;NULL;27/09/2024;28/10/2024;28/11/2024
*****566;9/02/1988;1;LEV;4/07/2024;12.5;2/08/2024;12.5;2/09/2024;13.6;NULL;NULL;NULL;NULL;4/07/2024;2/08/2024;2/09/2024
*****825;14/09/1992;2;MOD;17/10/2023;12;NULL;NULL;NULL;NULL;NULL;NULL;NULL;NULL;17/10/2023;NULL;NULL
*****742;9/05/1998;10;LEV;23/10/2023;10.8;NULL;NULL;NULL;NULL;NULL;NULL;NULL;NULL;23/10/2023;23/11/2023;NULL
*****129;23/08/1981;2;LEV;29/03/2024;13;NULL;NULL;NULL;NULL;NULL;NULL;NULL;NULL;29/03/2024;NULL;NULL
*****480;26/01/1983;2;MOD;3/02/2024;9.9;NULL;NULL;NULL;NULL;7/06/2024;NULL;NULL;NULL;3/02/2024;2/03/2024;2/04/2024
*****790;26/02/1989;1;LEV;5/07/2024;12.5;NULL;NULL;2/10/2024;14.6;NULL;NULL;NULL;NULL;5/07/2024;2/08/2024;3/09/2024
*****675;22/04/1993;2;LEV;10/01/2024;12.7;NULL;NULL;11/03/2024;12.7;NULL;NULL;NULL;NULL;10/01/2024;7/02/2024;11/03/2024
*****655;4/07/2000;2;LEV;14/05/2024;11.9;NULL;NULL;NULL;NULL;NULL;NULL;NULL;NULL;14/05/2024;NULL;NULL
*****417;24/01/2005;1;MOD;26/04/2025;12.3;NULL;NULL;NULL;NULL;NULL;NULL;NULL;NULL;26/04/2025;23/05/2025;NULL
*****240;30/04/2005;2;LEV;24/10/2023;12.3;26/12/2023;14.4;NULL;NULL;NULL;NULL;NULL;NULL;24/10/2023;NULL;NULL
*****785;26/08/1994;2;LEV;28/03/2024;13;NULL;NULL;NULL;NULL;NULL;NULL;NULL;NULL;28/03/2024;25/04/2024;NULL
*****160;22/09/1999;1;LEV;6/08/2024;10.4;4/09/2024;13;NULL;NULL;11/11/2024;14.2;NULL;NULL;6/08/2024;4/09/2024;3/10/2024
*****744;10/12/1990;1;MOD;13/08/2024;11.3;12/09/2024;11.8;12/10/2024;NULL;3/01/2025;14.2;NULL;NULL;13/08/2024;12/09/2024;12/10/2024
*****183;13/01/1995;2;MOD;18/05/2024;10.8;NULL;NULL;NULL;NULL;NULL;NULL;NULL;NULL;18/05/2024;NULL;NULL
*****526;15/02/1999;2;LEV;22/11/2023;12.1;22/12/2023;12.5;22/01/2024;12.7;11/04/2024;NULL;NULL;NULL;22/11/2023;22/12/2023;22/01/2024
*****129;5/05/2004;2;MOD;8/11/2023;11.3;NULL;NULL;NULL;NULL;NULL;NULL;NULL;NULL;8/11/2023;NULL;NULL
*****674;17/05/1998;2;LEV;NULL;NULL;NULL;NULL;NULL;NULL;NULL;NULL;NULL;NULL;NULL;NULL;NULL
*****776;6/08/1995;2;LEV;4/03/2024;12.1;4/04/2024;12.3;4/05/2024;13.1;3/07/2024;16.1;NULL;NULL;4/03/2024;4/04/2024;4/05/2024
*****678;5/11/1994;1;LEV;1/10/2024;12.4;1/11/2024;13;NULL;NULL;NULL;NULL;7/03/2025;13.1;1/10/2024;1/11/2024;NULL
*****959;7/02/1999;2;LEV;1/02/2024;13;5/03/2024;13.3;4/04/2024;13.2;7/05/2024;13.6;8/06/2024;13.9;1/02/2024;5/03/2024;4/04/2024
*****493;22/11/2001;2;MOD;24/04/2024;11.1;NULL;NULL;NULL;NULL;NULL;NULL;NULL;NULL;24/04/2024;25/11/2023;25/12/2023
*****101;17/04/2000;1;LEV;NULL;NULL;26/04/2025;11.4;NULL;NULL;NULL;NULL;NULL;NULL;NULL;NULL;NULL
*****341;23/10/1993;2;MOD;3/02/2024;11.7;4/03/2024;12.5;NULL;NULL;NULL;NULL;NULL;NULL;3/02/2024;4/03/2024;NULL
*****928;10/02/1983;1;LEV;3/02/2025;12.5;5/03/2025;12.7;11/04/2025;13.6;NULL;NULL;NULL;NULL;3/02/2025;5/03/2025;NULL
*****478;15/03/1993;2;LEV;20/10/2023;12.7;21/11/2023;13.2;21/12/2023;13.4;18/01/2024;12.7;NULL;NULL;20/10/2023;21/11/2023;21/12/2023
*****100;31/07/2004;2;LEV;NULL;NULL;NULL;NULL;NULL;NULL;NULL;NULL;NULL;NULL;22/04/2025;NULL;NULL
*****955;16/12/2003;2;LEV;NULL;NULL;NULL;NULL;NULL;NULL;NULL;NULL;NULL;NULL;12/09/2024;NULL;NULL
*****874;29/12/2003;2;LEV;NULL;NULL;NULL;NULL;NULL;NULL;NULL;NULL;NULL;NULL;30/10/2024;NULL;NULL
*****177;5/04/1994;2;MOD;25/10/2023;11.1;26/01/2024;13.2;NULL;NULL;NULL;NULL;NULL;NULL;25/10/2023;NULL;NULL
*****081;15/12/2003;2;LEV;NULL;NULL;NULL;NULL;NULL;NULL;NULL;NULL;NULL;NULL;NULL;NULL;NULL
*****095;23/04/1992;2;LEV;NULL;NULL;NULL;NULL;NULL;NULL;NULL;NULL;NULL;NULL;26/09/2024;NULL;NULL
*****235;28/10/1985;2;LEV;NULL;NULL;NULL;NULL;NULL;NULL;NULL;NULL;NULL;NULL;7/03/2024;NULL;NULL
*****493;17/01/1991;2;MOD;NULL;NULL;NULL;NULL;NULL;NULL;NULL;NULL;NULL;NULL;NULL;NULL;NULL
*****187;2/03/1996;2;LEV;NULL;NULL;NULL;NULL;NULL;NULL;NULL;NULL;NULL;NULL;NULL;NULL;NULL
*****350;29/05/1985;1;MOD;NULL;NULL;NULL;NULL;NULL;NULL;NULL;NULL;NULL;NULL;NULL;NULL;NULL
*****206;6/08/1989;2;LEV;NULL;NULL;NULL;NULL;NULL;NULL;NULL;NULL;NULL;NULL;30/01/2025;NULL;NULL
*****626;4/04/1993;2;LEV;NULL;NULL;NULL;NULL;NULL;NULL;NULL;NULL;NULL;NULL;20/01/2024;20/01/2024;NULL
*****795;9/04/2007;1;LEV;22/02/2024;15.1;NULL;NULL;NULL;NULL;NULL;NULL;NULL;NULL;19/02/2024;NULL;NULL
*****054;2/04/2003;2;LEV;NULL;NULL;NULL;NULL;NULL;NULL;NULL;NULL;NULL;NULL;NULL;NULL;NULL
*****972;5/02/2005;1;MOD;NULL;NULL;NULL;NULL;NULL;NULL;NULL;NULL;NULL;NULL;NULL;NULL;NULL
*****484;21/05/2002;2;LEV;NULL;NULL;NULL;NULL;NULL;NULL;NULL;NULL;NULL;NULL;1/03/2025;1/04/2025;NULL
*****941;1/08/1986;2;LEV;NULL;NULL;NULL;NULL;NULL;NULL;NULL;NULL;NULL;NULL;NULL;NULL;NULL
*****657;24/11/1990;2;LEV;NULL;NULL;NULL;NULL;NULL;NULL;NULL;NULL;NULL;NULL;NULL;NULL;NULL
*****438;9/09/1991;2;LEV;NULL;NULL;9/01/2025;13;NULL;NULL;3/05/2025;15.3;NULL;NULL;10/12/2024;9/01/2025;NULL
*****817;6/03/1997;2;LEV;16/01/2024;12.9;18/04/2024;12.9;NULL;NULL;NULL;NULL;NULL;NULL;16/01/2024;16/02/2024;NULL
*****517;30/09/1991;2;MOD;3/08/2024;11.5;NULL;NULL;NULL;NULL;NULL;NULL;NULL;NULL;3/08/2024;NULL;NULL
*****716;7/08/2006;10;LEV;NULL;NULL;NULL;NULL;NULL;NULL;29/05/2024;14.2;NULL;NULL;22/01/2024;NULL;NULL
*****732;26/01/1994;1;MOD;NULL;NULL;NULL;NULL;NULL;NULL;NULL;NULL;NULL;NULL;NULL;NULL;NULL
*****194;18/06/2001;1;LEV;NULL;NULL;NULL;NULL;NULL;NULL;NULL;NULL;NULL;NULL;NULL;NULL;NULL
*****088;27/09/2003;2;LEV;NULL;NULL;NULL;NULL;NULL;NULL;NULL;NULL;NULL;NULL;NULL;NULL;NULL
*****271;1/07/1993;2;LEV;NULL;NULL;NULL;NULL;NULL;NULL;31/01/2025;14.2;NULL;NULL;30/10/2024;2/10/2024;NULL
*****857;10/01/1998;2;MOD;10/02/2025;10.3;12/05/2025;11.7;NULL;NULL;NULL;NULL;NULL;NULL;10/02/2025;12/03/2025;NULL
*****495;27/02/1995;1;LEV;NULL;NULL;NULL;NULL;NULL;NULL;NULL;NULL;NULL;NULL;13/02/2025;NULL;NULL
*****094;10/11/1996;2;LEV;NULL;NULL;NULL;NULL;NULL;NULL;NULL;NULL;NULL;NULL;5/03/2024;NULL;NULL
*****093;16/12/1998;2;LEV;10/01/2024;12.1;NULL;NULL;NULL;NULL;27/04/2024;14.6;NULL;NULL;10/01/2024;10/02/2024;NULL
*****225;5/11/2001;2;LEV;18/02/2025;12.3;21/04/2025;12.3;NULL;NULL;NULL;NULL;NULL;NULL;18/02/2025;21/03/2025;NULL
*****691;21/09/1986;2;LEV;NULL;NULL;3/01/2025;12;1/03/2025;12.5;22/04/2025;NULL;NULL;NULL;4/12/2024;NULL;NULL
*****846;20/10/1990;2;LEV;NULL;NULL;NULL;NULL;NULL;NULL;NULL;NULL;NULL;NULL;NULL;NULL;NULL
*****978;30/10/1981;2;LEV;NULL;NULL;NULL;NULL;NULL;NULL;NULL;NULL;NULL;NULL;27/10/2023;26/12/2023;NULL
*****300;29/11/1993;1;LEV;NULL;NULL;NULL;NULL;NULL;NULL;NULL;NULL;NULL;NULL;NULL;NULL;NULL
*****954;12/01/2000;2;MOD;NULL;NULL;NULL;NULL;NULL;NULL;NULL;NULL;NULL;NULL;23/01/2025;20/02/2025;22/03/2025
*****982;25/02/1995;2;LEV;NULL;NULL;NULL;NULL;NULL;NULL;NULL;NULL;NULL;NULL;NULL;NULL;NULL
*****013;23/02/2002;2;LEV;NULL;NULL;NULL;NULL;NULL;NULL;NULL;NULL;NULL;NULL;NULL;NULL;NULL
*****476;31/07/2000;1;LEV;NULL;NULL;NULL;NULL;NULL;NULL;NULL;NULL;NULL;NULL;NULL;NULL;NULL
*****455;16/04/2006;1;LEV;2/05/2024;12.8;NULL;NULL;NULL;NULL;NULL;NULL;NULL;NULL;2/05/2024;NULL;NULL
*****714;22/08/2005;2;MOD;NULL;NULL;NULL;NULL;NULL;NULL;NULL;NULL;NULL;NULL;13/08/2024;NULL;NULL
*****030;18/11/1996;2;MOD;2/04/2024;NULL;3/06/2024;10.6;3/07/2024;9.4;24/07/2024;10.7;NULL;NULL;2/04/2024;2/05/2024;NULL
*****213;10/10/2001;2;MOD;NULL;NULL;NULL;NULL;NULL;NULL;NULL;NULL;NULL;NULL;NULL;NULL;NULL
*****011;28/12/2003;2;LEV;NULL;NULL;NULL;NULL;NULL;NULL;NULL;NULL;NULL;NULL;25/04/2025;NULL;NULL
*****869;8/08/2001;2;LEV;21/05/2024;12.1;NULL;NULL;NULL;NULL;NULL;NULL;NULL;NULL;21/05/2024;NULL;NULL
*****267;1/05/2005;2;LEV;21/01/2025;12.2;20/02/2025;9.5;NULL;NULL;NULL;NULL;NULL;NULL;21/01/2025;20/02/2025;NULL
*****380;21/06/2010;2;MOD;4/04/2025;11.2;5/05/2025;11.2;NULL;NULL;NULL;NULL;NULL;NULL;4/04/2025;5/05/2025;NULL
*****356;9/08/1994;2;MOD;NULL;NULL;NULL;NULL;NULL;NULL;NULL;NULL;NULL;NULL;NULL;NULL;NULL
*****776;15/10/1999;1;MOD;NULL;NULL;NULL;NULL;NULL;NULL;NULL;NULL;NULL;NULL;10/04/2024;NULL;NULL
*****675;3/07/2005;2;LEV;NULL;NULL;NULL;NULL;NULL;NULL;NULL;NULL;NULL;NULL;5/12/2024;NULL;NULL
*****513;8/04/2001;2;MOD;NULL;NULL;NULL;NULL;NULL;NULL;NULL;NULL;NULL;NULL;NULL;NULL;NULL
*****024;25/04/2005;2;LEV;NULL;NULL;26/05/2025;10.8;NULL;NULL;NULL;NULL;NULL;NULL;25/04/2025;26/05/2025;NULL
*****173;21/10/2001;2;LEV;3/03/2025;10.4;NULL;NULL;NULL;NULL;NULL;NULL;NULL;NULL;3/03/2025;NULL;NULL
*****678;18/03/1999;2;MOD;NULL;NULL;NULL;NULL;NULL;NULL;NULL;NULL;NULL;NULL;NULL;NULL;NULL
*****418;27/09/2003;2;MOD;14/04/2025;12.5;14/05/2025;12;NULL;NULL;NULL;NULL;NULL;NULL;14/04/2025;14/05/2025;NULL
*****624;30/12/2004;2;MOD;NULL;NULL;NULL;NULL;NULL;NULL;NULL;NULL;NULL;NULL;NULL;NULL;NULL
*****195;8/04/1990;2;LEV;NULL;NULL;NULL;NULL;NULL;NULL;NULL;NULL;NULL;NULL;NULL;NULL;NULL
*****266;14/10/2006;1;LEV;NULL;NULL;NULL;NULL;NULL;NULL;NULL;NULL;NULL;NULL;NULL;NULL;NULL
*****059;18/02/2007;2;LEV;NULL;NULL;NULL;NULL;NULL;NULL;NULL;NULL;NULL;NULL;NULL;NULL;NULL
*****651;30/08/1995;2;MOD;NULL;NULL;17/05/2025;11.8;NULL;NULL;NULL;NULL;NULL;NULL;NULL;NULL;NULL
*****171;13/01/1993;2;LEV;NULL;NULL;5/09/2024;13.7;NULL;NULL;NULL;NULL;NULL;NULL;6/08/2024;NULL;NULL
*****499;8/12/1992;2;LEV;NULL;NULL;NULL;NULL;NULL;NULL;NULL;NULL;NULL;NULL;NULL;NULL;NULL
*****690;24/04/2004;2;LEV;NULL;NULL;NULL;NULL;NULL;NULL;NULL;NULL;NULL;NULL;NULL;NULL;NULL
*****216;26/06/1999;2;LEV;NULL;NULL;NULL;NULL;NULL;NULL;NULL;NULL;NULL;NULL;NULL;NULL;NULL
*****364;7/04/1997;2;MOD;2/01/2025;11.1;10/02/2025;10;NULL;NULL;NULL;NULL;NULL;NULL;2/01/2025;10/02/2025;NULL
*****660;26/05/1980;2;LEV;30/07/2024;10.9;NULL;NULL;NULL;NULL;NULL;NULL;NULL;NULL;30/07/2024;NULL;NULL
*****016;1/06/1984;2;LEV;NULL;NULL;NULL;NULL;NULL;NULL;15/03/2024;13;NULL;NULL;8/11/2023;NULL;NULL
*****347;10/09/1989;2;MOD;NULL;NULL;NULL;NULL;NULL;NULL;NULL;NULL;NULL;NULL;NULL;NULL;NULL
*****570;3/06/2004;2;LEV;NULL;NULL;NULL;NULL;NULL;NULL;NULL;NULL;NULL;NULL;NULL;NULL;NULL
*****561;1/01/1999;2;MOD;NULL;NULL;NULL;NULL;NULL;NULL;30/01/2025;13;NULL;NULL;NULL;NULL;NULL
*****798;17/04/2004;2;MOD;20/08/2024;11;20/09/2024;12.5;NULL;NULL;30/12/2024;13.5;NULL;NULL;20/08/2024;20/09/2024;NULL
*****271;19/01/1995;2;NULL;NULL;NULL;NULL;NULL;NULL;NULL;NULL;NULL;NULL;NULL;NULL;NULL;NULL
*****022;18/02/2004;2;LEV;NULL;NULL;NULL;NULL;NULL;NULL;NULL;NULL;NULL;NULL;NULL;NULL;NULL
*****749;29/09/1999;2;LEV;NULL;NULL;NULL;NULL;NULL;NULL;NULL;NULL;NULL;NULL;13/02/2024;NULL;NULL
*****001;26/08/2000;2;LEV;3/02/2024;12.7;NULL;NULL;NULL;NULL;13/06/2024;13.1;NULL;NULL;3/02/2024;NULL;NULL
*****237;27/04/1998;1;LEV;NULL;NULL;NULL;NULL;NULL;NULL;NULL;NULL;NULL;NULL;NULL;NULL;NULL
*****794;17/01/1990;1;LEV;NULL;NULL;28/11/2024;12.8;NULL;NULL;NULL;NULL;NULL;NULL;31/07/2024;31/08/2024;NULL
*****553;6/11/1990;1;LEV;NULL;NULL;NULL;NULL;NULL;NULL;NULL;NULL;NULL;NULL;NULL;NULL;NULL
*****375;1/07/1992;1;LEV;NULL;NULL;13/01/2025;13;NULL;NULL;NULL;NULL;NULL;NULL;14/12/2024;NULL;NULL
*****333;29/12/1993;2;LEV;15/01/2024;10.2;15/02/2024;10.2;NULL;NULL;11/05/2024;13.8;NULL;NULL;15/01/2024;15/01/2024;NULL
*****151;30/08/1989;2;LEV;NULL;NULL;NULL;NULL;NULL;NULL;NULL;NULL;NULL;NULL;NULL;NULL;NULL
*****691;31/12/1990;2;LEV;NULL;NULL;NULL;NULL;NULL;NULL;NULL;NULL;NULL;NULL;17/04/2025;NULL;NULL
*****723;28/07/1991;2;LEV;NULL;NULL;NULL;NULL;NULL;NULL;NULL;NULL;NULL;NULL;7/04/2025;5/05/2025;NULL
*****001;28/12/2000;2;MOD;8/04/2025;11.1;NULL;NULL;NULL;NULL;NULL;NULL;NULL;NULL;8/04/2025;NULL;NULL
*****960;19/05/1994;2;MOD;NULL;NULL;NULL;NULL;NULL;NULL;NULL;NULL;NULL;NULL;NULL;NULL;NULL
*****245;11/01/1998;2;LEV;31/05/2025;12.8;NULL;NULL;NULL;NULL;NULL;NULL;NULL;NULL;31/05/2025;NULL;NULL
*****987;8/09/2004;2;LEV;22/04/2025;12;23/05/2025;12;NULL;NULL;NULL;NULL;NULL;NULL;22/04/2025;23/05/2025;NULL
*****408;23/09/1998;2;LEV;15/03/2025;13;NULL;NULL;NULL;NULL;NULL;NULL;NULL;NULL;NULL;NULL;NULL
*****275;20/11/1996;8;MOD;NULL;NULL;NULL;NULL;NULL;NULL;NULL;NULL;NULL;NULL;NULL;NULL;NULL
*****798;19/11/1994;2;LEV;NULL;NULL;NULL;NULL;NULL;NULL;NULL;NULL;NULL;NULL;NULL;NULL;NULL
*****092;28/05/1984;2;LEV;NULL;NULL;NULL;NULL;NULL;NULL;NULL;NULL;NULL;NULL;7/04/2025;NULL;NULL
*****144;27/05/1985;2;MOD;NULL;NULL;NULL;NULL;NULL;NULL;28/01/2025;12.4;NULL;NULL;NULL;NULL;NULL
*****201;11/08/1996;2;MOD;NULL;NULL;NULL;NULL;NULL;NULL;NULL;NULL;NULL;NULL;NULL;NULL;NULL
*****811;5/11/1997;2;LEV;NULL;NULL;NULL;NULL;NULL;NULL;NULL;NULL;NULL;NULL;NULL;NULL;NULL
*****205;25/02/1994;1;LEV;NULL;NULL;8/03/2025;13.4;NULL;NULL;NULL;NULL;NULL;NULL;NULL;NULL;NULL
*****311;4/02/2009;2;LEV;6/04/2024;12.6;NULL;NULL;NULL;NULL;NULL;NULL;NULL;NULL;6/04/2024;6/05/2024;NULL
*****205;4/03/1993;2;LEV;NULL;NULL;25/03/2025;13.4;NULL;NULL;16/05/2025;14.5;NULL;NULL;NULL;NULL;NULL
*****025;31/05/1995;2;2;NULL;NULL;NULL;NULL;NULL;NULL;26/03/2025;12.3;NULL;NULL;NULL;NULL;NULL
*****901;20/01/1999;2;LEV;NULL;NULL;NULL;NULL;NULL;NULL;NULL;NULL;NULL;NULL;25/01/2024;NULL;NULL
*****680;15/07/2001;2;MOD;NULL;NULL;NULL;NULL;NULL;NULL;NULL;NULL;NULL;NULL;NULL;NULL;NULL
*****746;24/02/1996;2;MOD;NULL;NULL;27/02/2025;11.9;NULL;NULL;NULL;NULL;NULL;NULL;NULL;NULL;NULL
*****970;6/12/1999;2;LEV;14/02/2025;11.3;NULL;NULL;NULL;NULL;NULL;NULL;NULL;NULL;14/02/2025;14/03/2025;14/04/2025
*****611;23/03/1999;1;MOD;NULL;NULL;NULL;NULL;NULL;NULL;NULL;NULL;NULL;NULL;NULL;NULL;NULL
*****080;10/03/2005;2;MOD;NULL;NULL;NULL;NULL;NULL;NULL;NULL;NULL;NULL;NULL;NULL;NULL;NULL
*****931;16/07/1988;1;LEV;NULL;NULL;NULL;NULL;NULL;NULL;NULL;NULL;NULL;NULL;NULL;NULL;NULL
*****470;14/03/1990;2;LEV;NULL;NULL;NULL;NULL;NULL;NULL;NULL;NULL;NULL;NULL;NULL;NULL;NULL
*****235;26/12/2002;2;MOD;20/02/2025;9.1;22/05/2025;9.1;NULL;NULL;NULL;NULL;NULL;NULL;NULL;NULL;NULL
*****247;12/09/2008;2;MOD;11/12/2024;14.1;NULL;NULL;NULL;NULL;20/03/2025;10.7;NULL;NULL;NULL;NULL;NULL
*****271;8/11/1993;2;LEV;NULL;NULL;NULL;NULL;NULL;NULL;NULL;NULL;NULL;NULL;NULL;NULL;NULL
*****497;15/03/2003;1;MOD;5/04/2024;11.7;7/05/2024;11.7;6/06/2024;12;6/07/2024;NULL;5/08/2024;12.4;5/04/2024;7/05/2024;6/06/2024
*****624;14/01/1995;2;LEV;8/11/2023;12.8;NULL;NULL;NULL;NULL;NULL;NULL;NULL;NULL;8/11/2023;NULL;NULL
*****495;28/09/2002;1;LEV;12/09/2024;12.2;12/10/2024;12.8;11/11/2024;12.2;11/12/2024;14.1;11/01/2025;12.2;12/09/2024;12/10/2024;11/11/2024
*****973;5/12/1999;1;MOD;6/03/2024;11.2;5/04/2024;NULL;5/05/2024;12;4/06/2024;11.7;5/07/2024;11.8;6/03/2024;5/04/2024;5/05/2024
*****870;7/09/1994;1;MOD;3/09/2024;11.6;4/10/2024;NULL;8/11/2024;NULL;13/12/2024;NULL;NULL;NULL;3/09/2024;4/10/2024;8/11/2024
*****411;20/12/1997;2;LEV;23/12/2024;12.8;NULL;NULL;NULL;NULL;NULL;NULL;NULL;NULL;23/12/2024;NULL;NULL
*****104;13/08/1994;2;LEV;2/12/2023;12.7;2/01/2024;12.7;2/02/2024;13;2/03/2024;13;3/04/2024;NULL;2/12/2023;2/01/2024;2/02/2024
*****738;25/12/1992;2;LEV;18/12/2024;13;17/01/2025;12.9;16/02/2025;13;2/05/2025;12;NULL;NULL;18/12/2024;17/01/2025;16/02/2025
*****642;6/04/2007;1;MOD;9/01/2025;11.3;NULL;NULL;NULL;NULL;1/05/2025;14.2;NULL;NULL;9/01/2025;8/02/2025;10/03/2025
*****326;3/02/1999;2;LEV;12/03/2024;12.4;16/04/2024;13.1;NULL;NULL;NULL;NULL;NULL;NULL;12/03/2024;16/04/2024;NULL
*****998;4/09/1994;2;LEV;18/11/2023;13.1;18/12/2023;NULL;18/01/2024;NULL;16/02/2024;13.1;18/03/2024;13.1;18/11/2023;18/12/2023;18/01/2024
*****288;31/03/2005;2;MOD;20/01/2025;12;19/02/2025;12;21/04/2025;12.2;NULL;NULL;NULL;NULL;20/01/2025;19/02/2025;NULL
*****202;10/01/2007;2;LEV;6/01/2024;12.2;5/02/2024;11.7;NULL;NULL;NULL;NULL;NULL;NULL;6/01/2024;5/02/2024;1/03/2024
*****168;21/10/1999;1;LEV;20/02/2024;13;21/03/2024;13;20/04/2024;13;21/05/2024;13.1;21/06/2024;NULL;20/02/2024;21/03/2024;20/04/2024
*****435;6/03/2003;2;LEV;25/10/2024;12.9;NULL;NULL;NULL;NULL;NULL;NULL;NULL;NULL;25/10/2024;NULL;NULL
*****728;4/06/1998;2;LEV;3/08/2024;10.7;NULL;NULL;NULL;NULL;NULL;NULL;NULL;NULL;3/08/2024;NULL;NULL
*****455;15/08/2005;2;LEV;NULL;NULL;NULL;NULL;NULL;NULL;NULL;NULL;NULL;NULL;12/03/2024;NULL;NULL
*****462;12/02/1984;2;LEV;6/11/2023;11.8;NULL;NULL;NULL;NULL;NULL;NULL;NULL;NULL;6/11/2023;6/12/2023;5/01/2024
*****902;29/05/1980;2;MOD;19/04/2024;11.6;NULL;NULL;19/06/2024;12.9;23/07/2024;14.5;NULL;NULL;19/04/2024;NULL;NULL
*****401;20/06/2006;2;LEV;15/12/2023;10.8;NULL;NULL;NULL;NULL;NULL;NULL;NULL;NULL;15/12/2023;NULL;NULL
*****212;13/12/2003;2;LEV;NULL;NULL;NULL;NULL;NULL;NULL;NULL;NULL;NULL;NULL;23/03/2024;NULL;NULL
*****633;19/02/1993;2;LEV;NULL;NULL;14/05/2025;13.1;NULL;NULL;NULL;NULL;NULL;NULL;14/03/2025;11/02/2025;NULL
*****892;20/07/1984;2;MOD;10/04/2024;11.8;12/05/2024;11.8;NULL;NULL;10/07/2024;14.2;NULL;NULL;10/04/2024;12/05/2024;NULL
*****716;4/01/1992;2;MOD;11/01/2024;11.2;12/02/2024;12.8;12/03/2024;12.9;11/04/2024;11.6;NULL;NULL;11/01/2024;12/02/2024;12/03/2024
*****636;18/02/1991;1;LEV;NULL;NULL;NULL;NULL;NULL;NULL;NULL;NULL;NULL;NULL;27/03/2024;25/04/2024;NULL
*****652;1/01/1999;2;LEV;22/12/2023;12.6;NULL;NULL;21/02/2024;14.4;22/03/2024;12.2;NULL;NULL;22/12/2023;NULL;NULL
*****943;28/03/2001;2;MOD;NULL;NULL;NULL;NULL;NULL;NULL;NULL;NULL;NULL;NULL;5/08/2024;16/04/2024;16/05/2024
*****296;22/11/1996;2;LEV;NULL;NULL;10/04/2025;12.8;NULL;NULL;NULL;NULL;NULL;NULL;11/03/2025;10/04/2025;NULL
*****215;28/08/1987;2;LEV;17/10/2023;12;14/12/2023;13.2;NULL;NULL;NULL;NULL;NULL;NULL;17/10/2023;NULL;NULL
*****197;25/11/2008;2;MOD;16/10/2024;11.6;NULL;NULL;NULL;NULL;NULL;NULL;NULL;NULL;16/10/2024;NULL;NULL
*****995;25/10/2004;2;LEV;NULL;NULL;NULL;NULL;NULL;NULL;NULL;NULL;NULL;NULL;NULL;NULL;NULL
*****093;27/11/1992;2;LEV;4/03/2025;12.2;4/04/2025;13.5;5/05/2025;12.6;NULL;NULL;NULL;NULL;4/03/2025;4/04/2025;5/05/2025
*****571;9/12/2005;2;LEV;NULL;NULL;10/02/2025;12.8;NULL;NULL;NULL;NULL;NULL;NULL;9/01/2025;10/02/2025;NULL
*****251;18/10/1996;1;LEV;28/12/2023;11.5;29/01/2024;11.5;29/02/2024;11.5;NULL;NULL;NULL;NULL;28/12/2023;29/01/2024;29/02/2024
*****824;3/10/1995;2;MOD;NULL;NULL;NULL;NULL;NULL;NULL;NULL;NULL;NULL;NULL;28/05/2024;NULL;NULL
*****571;18/03/1997;1;LEV;NULL;NULL;NULL;NULL;NULL;NULL;NULL;NULL;NULL;NULL;13/03/2025;4/04/2025;9/05/2025
*****598;14/11/2002;2;LEV;21/08/2024;12.1;NULL;NULL;NULL;NULL;NULL;NULL;NULL;NULL;21/08/2024;20/09/2024;NULL
*****941;28/12/1982;1;MOD;25/12/2024;11.4;NULL;NULL;17/03/2025;NULL;NULL;NULL;NULL;NULL;25/12/2024;NULL;NULL
*****572;8/01/1986;2;LEV;17/10/2023;12.2;NULL;NULL;NULL;NULL;NULL;NULL;NULL;NULL;17/10/2023;NULL;NULL
*****254;29/09/1997;2;LEV;23/11/2023;11.7;NULL;NULL;NULL;NULL;NULL;NULL;NULL;NULL;23/11/2023;NULL;NULL
*****254;12/08/2010;2;LEV;NULL;NULL;NULL;NULL;NULL;NULL;NULL;NULL;NULL;NULL;15/05/2025;NULL;NULL
*****148;19/06/2002;1;MOD;NULL;NULL;NULL;NULL;25/12/2024;11;NULL;NULL;NULL;NULL;26/10/2024;26/11/2024;NULL
*****666;3/02/2004;2;LEV;27/10/2023;11.9;NULL;NULL;NULL;NULL;NULL;NULL;NULL;NULL;27/10/2023;NULL;NULL
*****328;6/11/2005;2;MOD;26/02/2024;10.8;27/03/2024;11.5;NULL;NULL;4/06/2024;14.4;NULL;NULL;26/02/2024;27/03/2024;25/04/2024
*****206;16/02/1988;2;LEV;12/07/2024;12.6;NULL;NULL;NULL;NULL;NULL;NULL;NULL;NULL;12/07/2024;NULL;NULL
*****987;20/06/1997;2;MOD;NULL;NULL;NULL;NULL;NULL;NULL;NULL;NULL;NULL;NULL;13/08/2024;NULL;NULL
*****872;11/08/2006;2;MOD;NULL;NULL;NULL;NULL;NULL;NULL;NULL;NULL;NULL;NULL;NULL;NULL;NULL
*****011;11/10/1999;2;LEV;13/11/2023;12.7;NULL;NULL;NULL;NULL;NULL;NULL;NULL;NULL;13/11/2023;NULL;NULL
*****237;7/09/2001;1;LEV;NULL;NULL;NULL;NULL;NULL;NULL;NULL;NULL;NULL;NULL;16/05/2024;NULL;NULL
*****509;9/07/2000;2;LEV;NULL;NULL;NULL;NULL;NULL;NULL;NULL;NULL;NULL;NULL;18/02/2025;NULL;NULL
*****906;5/10/1996;2;LEV;NULL;NULL;NULL;NULL;NULL;NULL;NULL;NULL;NULL;NULL;24/01/2024;NULL;NULL
*****781;23/05/2001;2;MOD;NULL;NULL;NULL;NULL;NULL;NULL;NULL;NULL;NULL;NULL;26/05/2025;NULL;NULL
*****877;28/10/1981;2;LEV;30/04/2024;13;NULL;NULL;NULL;NULL;NULL;NULL;NULL;NULL;30/04/2024;NULL;NULL
*****570;25/02/1998;2;LEV;NULL;NULL;NULL;NULL;NULL;NULL;NULL;NULL;NULL;NULL;21/05/2025;NULL;NULL
*****861;15/04/2003;2;LEV;2/05/2025;12.3;NULL;NULL;NULL;NULL;NULL;NULL;NULL;NULL;2/05/2025;NULL;NULL
*****736;10/03/2000;10;LEV;20/10/2023;12.2;NULL;NULL;NULL;NULL;NULL;NULL;NULL;NULL;20/10/2023;NULL;NULL
*****268;28/07/2003;2;MOD;NULL;NULL;NULL;NULL;NULL;NULL;25/07/2024;14.4;NULL;NULL;20/03/2024;NULL;NULL
*****934;21/10/2000;2;MOD;NULL;NULL;NULL;NULL;NULL;NULL;NULL;NULL;NULL;NULL;7/04/2025;7/05/2025;NULL
*****704;8/10/1997;2;MOD;NULL;NULL;20/04/2024;11.5;NULL;NULL;5/08/2024;14.1;NULL;NULL;22/03/2024;NULL;NULL
*****308;15/06/1986;2;LEV;NULL;NULL;NULL;NULL;NULL;NULL;NULL;NULL;NULL;NULL;NULL;NULL;NULL
*****369;10/11/2006;2;LEV;NULL;NULL;NULL;NULL;NULL;NULL;NULL;NULL;NULL;NULL;25/05/2025;NULL;NULL
*****799;6/11/1996;2;LEV;10/01/2024;12.3;3/04/2024;13.6;NULL;NULL;12/05/2024;14.5;NULL;NULL;10/01/2024;10/02/2024;NULL
*****143;2/04/1996;2;NULL;NULL;NULL;NULL;NULL;NULL;NULL;NULL;NULL;NULL;NULL;NULL;NULL;NULL
*****950;29/01/1999;1;LEV;NULL;NULL;NULL;NULL;NULL;NULL;NULL;NULL;NULL;NULL;10/07/2024;NULL;NULL
*****954;1/02/2002;1;LEV;27/03/2024;12.5;NULL;NULL;NULL;NULL;NULL;NULL;NULL;NULL;27/03/2024;NULL;NULL
*****178;25/01/1991;2;MOD;NULL;NULL;NULL;NULL;NULL;NULL;NULL;NULL;NULL;NULL;3/05/2024;19/01/2024;19/02/2024
*****845;25/08/1990;2;LEV;23/11/2023;10.4;22/12/2023;12.2;22/01/2024;11.6;NULL;NULL;NULL;NULL;23/11/2023;22/01/2024;NULL
*****394;22/04/2008;1;LEV;NULL;NULL;NULL;NULL;23/09/2024;14.3;NULL;NULL;NULL;NULL;NULL;NULL;NULL
*****826;14/04/1984;2;MOD;16/04/2024;11.4;NULL;NULL;NULL;NULL;15/07/2024;12.5;15/08/2024;11.4;16/04/2024;NULL;NULL
*****500;23/01/1992;2;LEV;NULL;NULL;31/01/2025;12.6;NULL;NULL;NULL;NULL;NULL;NULL;30/12/2024;31/01/2025;28/02/2025
*****218;4/05/1990;2;LEV;3/03/2025;12.1;4/04/2025;12.1;8/05/2025;12.1;NULL;NULL;NULL;NULL;3/03/2025;4/04/2025;8/05/2025
*****773;10/03/1986;2;MOD;NULL;NULL;NULL;NULL;NULL;NULL;NULL;NULL;NULL;NULL;6/05/2024;NULL;NULL
*****694;12/10/1991;2;MOD;25/05/2024;11.8;NULL;NULL;NULL;NULL;24/08/2024;14;24/09/2024;13.5;25/05/2024;NULL;NULL
*****158;10/03/2002;2;LEV;NULL;NULL;NULL;NULL;NULL;NULL;NULL;NULL;NULL;NULL;8/04/2024;8/05/2024;NULL
*****359;12/12/1999;2;LEV;15/07/2024;12.7;15/08/2024;12.7;NULL;NULL;NULL;NULL;NULL;NULL;15/07/2024;15/08/2024;NULL
*****475;14/07/1988;2;LEV;NULL;NULL;20/04/2025;12.1;NULL;NULL;NULL;NULL;NULL;NULL;19/03/2025;20/04/2025;16/05/2025
*****900;10/11/1999;2;MOD;16/04/2025;11.5;16/05/2025;11.8;NULL;NULL;NULL;NULL;NULL;NULL;16/04/2025;16/05/2025;NULL
*****103;30/09/2003;1;LEV;13/05/2024;13.3;NULL;NULL;NULL;NULL;NULL;NULL;NULL;NULL;13/05/2024;NULL;NULL
*****274;3/01/1993;1;MOD;NULL;NULL;21/01/2025;11.6;NULL;NULL;NULL;NULL;NULL;NULL;27/11/2024;NULL;NULL
*****190;5/10/1987;2;MOD;NULL;NULL;NULL;NULL;NULL;NULL;NULL;NULL;NULL;NULL;NULL;NULL;NULL
*****355;3/12/1995;2;LEV;18/12/2023;9.7;NULL;NULL;NULL;NULL;NULL;NULL;NULL;NULL;NULL;NULL;NULL
*****134;16/07/1985;2;LEV;NULL;NULL;NULL;NULL;NULL;NULL;NULL;NULL;NULL;NULL;7/12/2023;NULL;NULL
*****642;26/10/1991;2;LEV;1/03/2024;13;2/04/2024;13.7;NULL;NULL;10/07/2024;NULL;NULL;NULL;1/03/2024;NULL;NULL
*****021;28/05/1999;2;MOD;20/11/2023;NULL;NULL;NULL;NULL;NULL;NULL;NULL;NULL;NULL;20/11/2023;NULL;NULL
*****762;4/03/1986;2;LEV;NULL;NULL;NULL;NULL;NULL;NULL;NULL;NULL;NULL;NULL;19/06/2024;NULL;NULL
*****638;10/04/2003;1;LEV;16/12/2023;12.9;15/01/2024;12;15/03/2024;12.3;NULL;NULL;13/06/2024;11;16/12/2023;15/01/2024;13/02/2024
*****019;20/11/1998;1;MOD;11/04/2024;12;13/05/2024;12;9/07/2024;10;1/08/2024;12.6;NULL;NULL;11/04/2024;13/05/2024;13/06/2024
*****385;14/03/2005;2;MOD;2/12/2023;10.8;NULL;NULL;22/02/2024;14.4;NULL;NULL;NULL;NULL;2/12/2023;NULL;NULL
*****651;2/01/2006;1;LEV;12/07/2024;12.2;NULL;NULL;13/09/2024;12.2;3/12/2024;13.2;NULL;NULL;12/07/2024;NULL;NULL
*****715;12/04/1994;1;MOD;22/03/2024;11;NULL;NULL;NULL;NULL;NULL;NULL;1/08/2024;9.7;22/03/2024;NULL;NULL
*****869;29/12/1986;1;LEV;22/06/2024;12.2;22/07/2024;12.2;23/09/2024;13.2;NULL;NULL;NULL;NULL;22/06/2024;22/07/2024;NULL
*****104;8/05/1994;1;MOD;16/04/2024;11.4;17/05/2024;10.6;17/06/2024;11.8;NULL;NULL;NULL;NULL;16/04/2024;17/05/2024;17/06/2024
*****009;11/05/2002;2;LEV;13/12/2023;12;NULL;NULL;NULL;NULL;NULL;NULL;NULL;NULL;13/12/2023;NULL;NULL
*****170;30/04/1999;2;MOD;1/03/2024;10.1;NULL;NULL;NULL;NULL;NULL;NULL;NULL;NULL;1/03/2024;NULL;NULL
*****971;22/01/1987;1;MOD;21/06/2024;11.3;NULL;NULL;17/10/2024;14;NULL;NULL;NULL;NULL;21/06/2024;NULL;NULL
*****617;7/08/1987;2;MOD;26/01/2024;10.9;NULL;NULL;NULL;NULL;NULL;NULL;NULL;NULL;26/01/2024;NULL;NULL
*****190;18/11/1987;1;MOD;7/06/2024;11.2;19/07/2024;11.2;NULL;NULL;NULL;NULL;NULL;NULL;7/06/2024;19/07/2024;NULL
*****484;9/04/1988;2;MOD;17/11/2023;11.8;23/12/2023;13.2;23/01/2024;11.9;25/03/2024;13.2;NULL;NULL;17/11/2023;23/12/2023;23/01/2024
*****470;19/05/2000;1;MOD;13/06/2024;12;NULL;NULL;NULL;NULL;3/10/2024;13.8;NULL;NULL;13/06/2024;13/07/2024;NULL
*****322;24/09/2001;2;LEV;6/02/2024;12.3;NULL;NULL;6/04/2024;12.3;26/05/2024;13.1;NULL;NULL;6/02/2024;6/03/2024;NULL
*****553;11/04/2002;2;LEV;13/12/2024;12.5;13/01/2025;12.9;13/02/2025;12.7;15/03/2025;10.1;NULL;NULL;13/12/2024;13/01/2025;13/02/2025
*****011;17/10/2004;1;MOD;15/03/2024;10.8;NULL;NULL;20/05/2024;10.2;8/08/2024;13.2;NULL;NULL;15/03/2024;NULL;NULL
*****001;6/05/1999;2;MOD;NULL;NULL;NULL;NULL;NULL;NULL;NULL;NULL;NULL;NULL;NULL;NULL;NULL
*****074;27/04/1997;1;MOD;27/04/2024;12;27/05/2024;12;26/06/2024;12.3;30/08/2024;13.2;NULL;NULL;27/04/2024;27/05/2024;26/06/2024
*****359;25/05/1987;2;MOD;30/01/2025;10.9;1/03/2025;12.8;NULL;NULL;NULL;NULL;NULL;NULL;30/01/2025;1/03/2025;NULL
*****223;22/02/1989;2;LEV;16/12/2023;11.8;16/01/2024;13.5;NULL;NULL;NULL;NULL;NULL;NULL;16/12/2023;16/01/2024;NULL
*****268;17/03/1999;1;MOD;1/05/2024;11.1;3/06/2024;14.2;3/07/2024;12.2;2/08/2024;13.2;NULL;NULL;1/05/2024;3/06/2024;3/07/2024
*****199;17/08/1995;2;LEV;12/01/2024;12;13/02/2024;13.5;13/04/2024;11.4;NULL;NULL;NULL;NULL;12/01/2024;13/02/2024;14/03/2024
*****383;26/04/1984;2;MOD;6/05/2025;11;NULL;NULL;NULL;NULL;NULL;NULL;NULL;NULL;6/05/2025;NULL;NULL
*****904;20/12/1982;2;LEV;16/05/2025;12.2;NULL;NULL;NULL;NULL;NULL;NULL;NULL;NULL;16/05/2025;NULL;NULL
*****571;13/04/1997;2;LEV;24/02/2024;NULL;27/03/2024;NULL;24/04/2024;13;12/06/2024;13;NULL;NULL;24/02/2024;27/03/2024;24/04/2024
*****915;24/02/1995;1;MOD;15/10/2024;11.7;NULL;NULL;19/12/2024;12.7;NULL;NULL;NULL;NULL;15/10/2024;14/11/2024;NULL
*****158;30/11/2004;1;LEV;20/05/2024;12.7;NULL;NULL;13/09/2024;15;NULL;NULL;NULL;NULL;20/05/2024;NULL;NULL
*****386;1/11/2000;1;LEV;6/08/2024;12.2;NULL;NULL;5/10/2024;12;5/11/2024;13.4;NULL;NULL;6/08/2024;NULL;NULL
*****039;7/01/2005;1;LEV;21/02/2024;13.5;NULL;NULL;22/04/2024;13;20/05/2024;12.2;NULL;NULL;20/02/2024;20/03/2024;22/04/2024
*****211;1/05/1987;2;MOD;30/01/2025;11.7;28/02/2025;12.1;31/03/2025;12.1;30/04/2025;11.4;NULL;NULL;30/01/2025;28/02/2025;31/03/2025
*****725;15/03/2009;2;MOD;12/04/2025;9.6;12/05/2025;12.4;NULL;NULL;NULL;NULL;NULL;NULL;12/04/2025;NULL;NULL
*****944;16/03/1993;2;MOD;29/03/2024;11;NULL;NULL;NULL;NULL;NULL;NULL;NULL;NULL;29/03/2024;NULL;NULL
*****922;2/01/2004;2;MOD;16/11/2023;11.6;NULL;NULL;15/01/2024;10.3;26/03/2024;13.2;NULL;NULL;16/11/2023;15/12/2023;15/01/2024
*****083;9/01/1997;1;LEV;28/05/2025;12.3;NULL;NULL;NULL;NULL;NULL;NULL;NULL;NULL;28/05/2025;NULL;NULL
*****634;10/04/2002;1;LEV;26/03/2024;12.5;NULL;NULL;26/05/2024;NULL;26/06/2024;12.6;26/07/2024;14.2;26/03/2024;NULL;NULL
*****157;3/06/1999;2;LEV;30/10/2023;NULL;NULL;NULL;29/12/2023;12.2;28/02/2024;13.2;NULL;NULL;30/10/2023;NULL;NULL
*****597;7/01/1996;2;MOD;14/11/2023;10.1;14/12/2023;9.9;NULL;NULL;15/02/2024;14;NULL;NULL;14/11/2023;14/12/2023;NULL
*****113;27/09/2002;2;MOD;18/01/2025;11.8;18/02/2025;12.5;21/03/2025;9.6;21/04/2025;12.3;21/05/2025;12.5;18/01/2025;18/02/2025;21/03/2025
*****134;8/09/1988;2;MOD;5/12/2024;11.5;8/01/2025;17.3;10/02/2025;11.4;19/03/2025;13.2;NULL;NULL;5/12/2024;8/01/2025;10/02/2025
*****832;3/02/1990;1;LEV;30/09/2024;12.2;31/10/2024;13.4;18/01/2025;13.4;NULL;NULL;NULL;NULL;30/09/2024;31/10/2024;2/12/2024
*****226;29/01/1994;2;MOD;7/02/2025;11.3;11/03/2025;10.3;14/05/2025;12.2;NULL;NULL;NULL;NULL;7/02/2025;11/03/2025;NULL
*****301;16/10/1997;1;MOD;24/04/2024;11.2;25/05/2024;10.8;NULL;NULL;24/07/2024;12;NULL;NULL;24/04/2024;25/05/2024;21/06/2024
*****058;8/08/1998;2;LEV;27/12/2023;11.9;27/01/2024;11.9;NULL;NULL;NULL;NULL;NULL;NULL;27/12/2023;NULL;NULL
*****593;24/06/1995;1;MOD;13/01/2025;9;13/02/2025;10.9;NULL;NULL;16/04/2025;13.4;16/05/2025;12;13/01/2025;13/02/2025;NULL
*****685;20/11/1986;2;LEV;15/11/2023;11.9;15/01/2024;NULL;NULL;NULL;5/04/2024;NULL;NULL;NULL;15/11/2023;15/12/2023;NULL
*****701;4/01/1985;2;MOD;9/02/2024;8.8;NULL;NULL;8/05/2024;11.1;NULL;NULL;NULL;NULL;9/02/2024;8/03/2024;NULL
*****632;4/12/1988;1;MOD;7/09/2024;11.8;8/10/2024;14.1;9/12/2024;11.2;NULL;NULL;NULL;NULL;7/09/2024;8/10/2024;8/11/2024
*****614;20/01/1991;2;MOD;13/02/2024;11.4;NULL;NULL;14/04/2024;15.4;14/05/2024;12.7;NULL;NULL;13/02/2024;14/03/2024;14/04/2024
*****143;5/04/2004;1;LEV;24/06/2024;12.3;NULL;NULL;NULL;NULL;NULL;NULL;NULL;NULL;24/06/2024;NULL;NULL
*****840;27/01/1996;1;MOD;8/05/2024;10.3;6/06/2024;12.4;7/08/2024;10.2;NULL;NULL;6/09/2024;10.4;8/05/2024;6/06/2024;6/07/2024
*****430;8/06/2005;2;LEV;13/11/2023;12.5;16/12/2023;11.8;NULL;NULL;NULL;NULL;NULL;NULL;13/11/2023;16/12/2023;NULL
*****410;8/07/2001;1;MOD;2/08/2024;11.6;2/09/2024;9;2/10/2024;12.2;NULL;NULL;NULL;NULL;2/08/2024;2/09/2024;2/10/2024
*****659;19/07/2007;1;MOD;13/01/2025;11.9;13/02/2025;14.1;NULL;NULL;16/04/2025;13.2;NULL;NULL;13/01/2025;13/02/2025;NULL
*****776;21/12/2008;2;LEV;3/01/2024;12.2;NULL;NULL;NULL;NULL;30/04/2024;13.2;NULL;NULL;3/01/2024;NULL;NULL
*****195;10/02/1999;2;MOD;14/12/2023;13;11/03/2024;NULL;NULL;NULL;NULL;NULL;NULL;NULL;14/12/2023;10/01/2024;NULL
*****182;20/08/1996;2;MOD;10/04/2025;10.8;9/05/2025;10.8;NULL;NULL;NULL;NULL;NULL;NULL;10/04/2025;9/05/2025;NULL
*****172;9/05/1988;1;LEV;15/04/2024;12.8;NULL;NULL;NULL;NULL;NULL;NULL;NULL;NULL;15/04/2024;NULL;NULL
*****416;10/04/1999;1;LEV;27/05/2024;12.2;26/08/2024;13.2;NULL;NULL;NULL;NULL;NULL;NULL;27/05/2024;NULL;NULL
*****945;25/01/1997;2;LEV;1/04/2025;12.7;2/05/2025;13.5;NULL;NULL;NULL;NULL;NULL;NULL;1/04/2025;2/05/2025;NULL
*****341;24/06/1995;10;LEV;NULL;NULL;6/12/2023;12.5;NULL;NULL;NULL;NULL;NULL;NULL;7/11/2023;NULL;NULL
*****619;16/10/1991;1;LEV;7/05/2024;12;5/08/2024;13.2;NULL;NULL;NULL;NULL;NULL;NULL;7/05/2024;NULL;NULL
*****658;31/07/1988;2;LEV;22/04/2025;12.1;22/05/2025;13.2;NULL;NULL;NULL;NULL;NULL;NULL;22/04/2025;22/05/2025;NULL
*****845;1/03/2005;2;LEV;2/05/2024;12.8;NULL;NULL;NULL;NULL;NULL;NULL;NULL;NULL;2/05/2024;NULL;NULL
*****039;20/11/2006;1;MOD;7/11/2024;10.5;7/12/2024;10.8;NULL;NULL;NULL;NULL;NULL;NULL;7/11/2024;7/12/2024;NULL
*****468;26/10/1983;2;LEV;9/04/2024;12.5;NULL;NULL;NULL;NULL;NULL;NULL;NULL;NULL;9/04/2024;NULL;NULL
*****270;21/12/1991;2;SEV;NULL;NULL;NULL;NULL;NULL;NULL;NULL;NULL;NULL;NULL;NULL;NULL;NULL
*****417;1/06/1993;1;LEV;22/04/2024;12.7;22/07/2024;13.7;NULL;NULL;NULL;NULL;NULL;NULL;22/04/2024;NULL;NULL
*****466;6/04/2000;2;LEV;11/03/2025;11.9;12/05/2025;9.5;NULL;NULL;NULL;NULL;NULL;NULL;NULL;NULL;NULL
*****368;27/12/1999;1;LEV;NULL;NULL;NULL;NULL;NULL;NULL;NULL;NULL;NULL;NULL;3/05/2024;NULL;NULL
*****956;16/05/1995;2;LEV;NULL;NULL;NULL;NULL;NULL;NULL;NULL;NULL;NULL;NULL;2/04/2025;NULL;NULL
*****159;21/11/1983;1;LEV;NULL;NULL;NULL;NULL;NULL;NULL;NULL;NULL;NULL;NULL;4/04/2025;NULL;NULL
*****610;2/11/2005;2;MOD;NULL;NULL;29/02/2024;14.6;NULL;NULL;NULL;NULL;NULL;NULL;27/11/2023;NULL;NULL
*****611;6/09/1987;1;LEV;NULL;NULL;21/01/2025;NULL;10/03/2025;13.7;NULL;NULL;NULL;NULL;NULL;NULL;NULL
*****626;14/07/1980;1;MOD;28/08/2024;11.8;NULL;NULL;NULL;NULL;NULL;NULL;NULL;NULL;28/08/2024;NULL;NULL
*****161;2/02/1988;2;LEV;8/01/2024;12.2;NULL;NULL;NULL;NULL;NULL;NULL;NULL;NULL;8/01/2024;NULL;NULL
*****325;14/05/1996;2;LEV;22/10/2024;12.8;23/12/2024;13.6;NULL;NULL;NULL;NULL;NULL;NULL;22/10/2024;NULL;NULL
*****889;8/10/1990;1;MOD;NULL;NULL;NULL;NULL;18/12/2024;13.3;NULL;NULL;NULL;NULL;NULL;NULL;NULL
*****224;11/06/1999;2;LEV;11/10/2024;12;23/01/2025;14;NULL;NULL;NULL;NULL;NULL;NULL;11/10/2024;NULL;NULL
*****499;30/01/1989;2;SEV;NULL;NULL;5/03/2025;12.5;21/04/2025;13.2;NULL;NULL;NULL;NULL;NULL;NULL;NULL
*****221;24/02/1990;2;MOD;NULL;NULL;3/06/2024;14;22/07/2024;14.4;NULL;NULL;NULL;NULL;19/04/2024;NULL;NULL
*****558;8/04/2002;2;LEV;NULL;NULL;NULL;NULL;NULL;NULL;NULL;NULL;NULL;NULL;8/11/2023;NULL;NULL
*****989;8/04/1996;2;LEV;NULL;NULL;NULL;NULL;NULL;NULL;NULL;NULL;NULL;NULL;NULL;NULL;NULL
*****456;2/02/1987;2;LEV;NULL;NULL;4/04/2025;15;NULL;NULL;NULL;NULL;NULL;NULL;NULL;NULL;NULL
*****603;21/04/2002;1;LEV;1/04/2024;12.7;NULL;NULL;NULL;NULL;NULL;NULL;NULL;NULL;1/04/2024;NULL;NULL
*****480;8/05/2006;1;LEV;NULL;NULL;NULL;NULL;14/03/2025;14.5;NULL;NULL;NULL;NULL;NULL;NULL;NULL
*****954;14/06/2003;2;LEV;5/03/2025;11.1;7/04/2025;12.6;NULL;NULL;NULL;NULL;NULL;NULL;5/03/2025;7/04/2025;NULL
*****595;12/02/1994;2;LEV;27/03/2025;12.2;6/05/2025;12;NULL;NULL;NULL;NULL;NULL;NULL;27/03/2025;6/05/2025;NULL
*****452;21/02/2005;2;LEV;20/01/2025;12.5;20/03/2025;12.8;NULL;NULL;NULL;NULL;NULL;NULL;20/01/2025;NULL;NULL
*****161;10/04/1995;2;MOD;NULL;NULL;12/02/2024;13.3;NULL;NULL;NULL;NULL;NULL;NULL;8/12/2023;NULL;NULL
*****182;9/12/1994;1;LEV;4/09/2024;12.4;NULL;NULL;NULL;NULL;NULL;NULL;NULL;NULL;4/09/2024;NULL;NULL
*****464;24/09/1997;1;LEV;NULL;NULL;NULL;NULL;NULL;NULL;NULL;NULL;NULL;NULL;NULL;NULL;NULL
*****063;20/03/2004;1;LEV;NULL;NULL;NULL;NULL;NULL;NULL;NULL;NULL;NULL;NULL;NULL;NULL;NULL
*****208;29/11/2001;2;LEV;NULL;NULL;NULL;NULL;NULL;NULL;NULL;NULL;NULL;NULL;9/11/2023;NULL;NULL
*****805;6/05/1999;2;LEV;NULL;NULL;16/05/2025;13.2;NULL;NULL;NULL;NULL;NULL;NULL;14/04/2025;16/05/2025;NULL
*****685;2/12/1998;1;LEV;NULL;NULL;NULL;NULL;11/11/2024;13.8;NULL;NULL;NULL;NULL;21/08/2024;NULL;NULL
*****890;5/03/2001;2;LEV;NULL;NULL;NULL;NULL;NULL;NULL;NULL;NULL;NULL;NULL;5/12/2023;NULL;NULL
*****736;23/03/2007;1;LEV;19/02/2025;11.9;NULL;NULL;29/04/2025;12.8;NULL;NULL;NULL;NULL;19/02/2025;NULL;NULL
*****112;24/02/1992;2;MOD;NULL;NULL;28/05/2024;12.5;NULL;NULL;NULL;NULL;NULL;NULL;29/04/2024;NULL;NULL
*****428;6/08/2009;2;LEV;29/01/2024;12.6;NULL;NULL;29/03/2024;13.4;NULL;NULL;NULL;NULL;29/01/2024;NULL;NULL
*****351;20/04/1992;2;MOD;NULL;NULL;15/05/2025;14.1;NULL;NULL;NULL;NULL;NULL;NULL;7/03/2025;NULL;NULL
*****734;10/05/1993;2;MOD;NULL;NULL;NULL;NULL;NULL;NULL;NULL;NULL;NULL;NULL;NULL;NULL;NULL
*****644;2/01/2005;2;MOD;30/12/2024;10.8;NULL;NULL;NULL;NULL;NULL;NULL;NULL;NULL;30/12/2024;26/01/2023;NULL
*****550;10/07/2004;10;LEV;8/11/2023;12;NULL;NULL;NULL;NULL;NULL;NULL;NULL;NULL;8/11/2023;NULL;NULL
*****804;6/11/1985;1;LEV;NULL;NULL;NULL;NULL;NULL;NULL;NULL;NULL;NULL;NULL;NULL;NULL;NULL
*****637;1/07/2000;1;LEV;NULL;NULL;NULL;NULL;NULL;NULL;NULL;NULL;NULL;NULL;NULL;NULL;NULL
*****002;16/01/1989;1;LEV;12/12/2024;13;13/01/2025;12.8;24/02/2025;13.6;10/04/2025;13.6;NULL;NULL;12/12/2024;13/01/2025;24/02/2025
*****092;4/11/1994;2;LEV;NULL;NULL;NULL;NULL;NULL;NULL;NULL;NULL;NULL;NULL;17/11/2023;NULL;NULL
*****355;7/07/2007;1;LEV;NULL;NULL;NULL;NULL;NULL;NULL;NULL;NULL;NULL;NULL;NULL;NULL;NULL
*****726;13/04/2005;2;LEV;18/03/2024;12.1;10/05/2024;12.1;NULL;NULL;NULL;NULL;NULL;NULL;18/03/2024;10/05/2024;5/06/2024
*****112;22/02/1998;2;LEV;16/10/2024;12.6;15/11/2024;13;16/12/2024;13;NULL;NULL;NULL;NULL;16/10/2024;15/11/2024;16/12/2024
*****056;8/09/1985;2;LEV;24/04/2025;11.6;24/05/2025;9.7;NULL;NULL;NULL;NULL;NULL;NULL;24/04/2025;24/05/2025;NULL
*****761;18/02/2000;1;MOD;24/01/2025;14.1;24/02/2025;NULL;26/03/2025;13;25/04/2025;13;NULL;NULL;24/01/2025;24/02/2025;26/03/2025
*****483;24/10/1999;2;MOD;21/12/2023;11.4;23/01/2024;11.3;21/02/2024;12.5;21/03/2024;13;NULL;NULL;21/12/2023;23/01/2024;21/02/2024
*****130;29/10/2006;2;MOD;1/02/2025;11.3;3/03/2025;13;3/04/2025;12;3/05/2025;12.5;NULL;NULL;1/02/2025;3/03/2025;3/04/2025
*****393;8/06/2005;2;MOD;19/01/2024;11.3;19/02/2024;11.7;20/03/2024;11.9;19/04/2024;12.1;20/05/2024;12.1;19/01/2024;19/02/2024;20/03/2024
*****087;10/08/1981;2;LEV;NULL;NULL;NULL;NULL;NULL;NULL;NULL;NULL;NULL;NULL;NULL;NULL;NULL
*****971;20/07/1984;2;LEV;25/02/2025;10.8;NULL;NULL;NULL;NULL;NULL;NULL;NULL;NULL;25/02/2025;25/03/2025;25/04/2025
*****524;8/01/1989;2;LEV;NULL;NULL;NULL;NULL;NULL;NULL;NULL;NULL;NULL;NULL;30/10/2023;30/11/2023;28/12/2023
*****438;14/09/1994;2;LEV;26/11/2024;13;26/12/2024;13;25/01/2025;NULL;25/02/2025;13.3;27/03/2025;14.3;26/11/2024;26/12/2024;25/01/2025
*****023;15/10/1993;2;LEV;13/08/2024;10.5;14/09/2024;NULL;12/10/2024;13.3;NULL;NULL;19/12/2024;11.9;13/08/2024;14/09/2024;12/10/2024
*****436;14/03/1984;2;LEV;NULL;NULL;23/02/2024;NULL;NULL;NULL;26/04/2024;NULL;NULL;NULL;25/01/2024;23/02/2024;23/03/2024
*****135;11/08/1995;2;LEV;13/08/2024;10.5;14/09/2024;10.8;NULL;NULL;NULL;NULL;19/12/2024;12.5;13/08/2024;14/09/2024;NULL
*****269;1/10/1983;2;MOD;NULL;NULL;NULL;NULL;NULL;NULL;NULL;NULL;NULL;NULL;7/11/2023;8/12/2023;11/01/2024
*****752;17/05/1999;2;MOD;NULL;NULL;NULL;NULL;NULL;NULL;13/08/2024;14;NULL;NULL;25/04/2024;23/05/2024;21/06/2024
*****315;12/08/2008;2;LEV;NULL;NULL;NULL;NULL;NULL;NULL;NULL;NULL;NULL;NULL;30/04/2025;28/05/2025;NULL
*****192;5/07/1998;2;LEV;6/02/2024;NULL;NULL;NULL;NULL;NULL;6/05/2024;12.8;6/06/2024;10.9;6/02/2024;5/03/2024;NULL
*****863;3/01/1985;2;MOD;18/01/2024;NULL;16/02/2024;12;NULL;NULL;NULL;NULL;NULL;NULL;18/01/2024;16/02/2024;8/03/2024
*****992;14/03/1991;2;MOD;19/01/2024;9.6;NULL;NULL;NULL;NULL;NULL;NULL;NULL;NULL;19/01/2024;16/02/2024;11/03/2024
*****265;21/09/1992;2;LEV;26/09/2024;12.9;28/10/2024;12.8;27/11/2024;13.6;NULL;NULL;NULL;NULL;26/09/2024;28/10/2024;27/11/2024
*****862;8/03/1987;2;MOD;3/08/2024;9.1;NULL;NULL;25/10/2024;NULL;27/11/2024;NULL;27/12/2024;14.1;3/08/2024;NULL;NULL
*****925;13/08/1991;2;LEV;9/11/2023;13.6;11/12/2023;NULL;13/01/2024;NULL;NULL;NULL;11/03/2024;11;9/11/2023;11/12/2023;13/01/2024
*****030;6/07/2000;2;MOD;16/05/2024;8.6;15/06/2024;10.2;NULL;NULL;14/08/2024;14.3;14/10/2024;14.5;16/05/2024;15/06/2024;10/07/2024
*****410;8/10/2002;2;LEV;11/05/2024;10.5;6/08/2024;13.3;NULL;NULL;NULL;NULL;NULL;NULL;11/05/2024;7/06/2024;8/07/2024
*****260;26/07/2003;2;MOD;5/11/2024;11.9;5/12/2024;12;8/02/2025;13.8;8/03/2025;14.1;NULL;NULL;5/11/2024;5/12/2024;8/02/2025
*****104;25/06/2000;2;LEV;6/05/2025;12.1;NULL;NULL;NULL;NULL;NULL;NULL;NULL;NULL;6/05/2025;NULL;NULL
*****814;24/06/2004;1;MOD;6/01/2025;11.8;7/02/2025;13;10/03/2025;15;NULL;NULL;NULL;NULL;6/01/2025;7/02/2025;10/03/2025
*****326;20/06/1992;2;LEV;6/02/2025;12.7;7/03/2025;12.8;24/04/2025;13.9;NULL;NULL;NULL;NULL;6/02/2025;7/03/2025;24/04/2025
*****961;3/07/2002;2;LEV;13/01/2025;12.2;13/02/2025;12.2;17/03/2025;13;NULL;NULL;NULL;NULL;13/01/2025;13/02/2025;17/03/2025
*****194;31/10/2000;2;MOD;8/08/2024;11;NULL;NULL;NULL;NULL;NULL;NULL;NULL;NULL;8/08/2024;NULL;NULL
*****114;25/04/1984;2;LEV;13/03/2025;12.7;NULL;NULL;NULL;NULL;NULL;NULL;NULL;NULL;13/03/2025;10/04/2025;NULL
*****492;19/09/1991;2;LEV;26/12/2024;12.9;25/01/2025;12.9;NULL;NULL;NULL;NULL;NULL;NULL;26/12/2024;25/01/2025;NULL
*****679;2/04/1991;2;MOD;2/12/2024;11.5;20/02/2025;13.5;3/02/2025;12.7;3/03/2025;13.5;18/04/2025;14.5;2/12/2024;2/01/2025;3/02/2025
*****775;13/06/1991;2;MOD;10/09/2024;11.9;30/10/2024;11.9;5/12/2024;10.9;4/02/2025;12.2;4/03/2025;12.2;10/09/2024;30/10/2024;5/12/2024
*****661;28/10/2005;2;MOD;27/12/2023;9.6;NULL;NULL;NULL;NULL;NULL;NULL;NULL;NULL;27/12/2023;NULL;NULL
*****063;5/01/2003;2;MOD;17/11/2023;9.9;NULL;NULL;14/03/2024;12.7;NULL;NULL;NULL;NULL;17/11/2023;14/12/2023;15/01/2024
*****664;2/01/1995;2;LEV;4/11/2023;12.8;16/12/2023;10.4;NULL;NULL;12/02/2024;NULL;NULL;NULL;4/11/2023;16/12/2023;NULL
*****159;15/03/1991;2;MOD;NULL;NULL;6/06/2024;13.2;NULL;NULL;NULL;NULL;NULL;NULL;NULL;NULL;NULL
*****974;24/02/1991;2;LEV;8/03/2025;12;8/04/2025;13.6;NULL;NULL;NULL;NULL;NULL;NULL;8/03/2025;8/04/2025;NULL
*****230;7/03/1991;2;LEV;NULL;NULL;NULL;NULL;NULL;NULL;NULL;NULL;NULL;NULL;NULL;NULL;NULL
*****118;27/01/2007;2;LEV;25/03/2025;13.5;12/05/2025;12.6;NULL;NULL;NULL;NULL;NULL;NULL;25/03/2025;12/05/2025;NULL
*****510;20/04/2000;2;LEV;31/07/2024;12.5;29/08/2024;12.5;30/09/2024;12.4;NULL;NULL;NULL;NULL;31/07/2024;29/08/2024;30/09/2024
*****710;24/04/2006;2;MOD;NULL;NULL;NULL;NULL;NULL;NULL;NULL;NULL;NULL;NULL;NULL;NULL;NULL
*****748;25/08/1999;2;MOD;28/02/2025;NULL;NULL;NULL;NULL;NULL;NULL;NULL;NULL;NULL;28/02/2025;28/03/2025;28/04/2025
*****548;3/01/1994;2;LEV;15/03/2024;13;NULL;NULL;NULL;NULL;NULL;NULL;NULL;NULL;15/03/2024;NULL;NULL
*****006;3/02/1994;2;LEV;NULL;NULL;NULL;NULL;NULL;NULL;NULL;NULL;NULL;NULL;NULL;NULL;NULL
*****293;18/02/1997;2;LEV;26/07/2024;12;NULL;NULL;NULL;NULL;NULL;NULL;NULL;NULL;26/07/2024;19/08/2024;16/09/2024
*****908;16/05/1992;2;LEV;14/03/2024;13;25/04/2024;13.3;2/07/2024;13.7;25/06/2024;13.2;23/07/2024;13.7;14/03/2024;25/04/2024;23/05/2024
*****179;28/10/2004;2;LEV;8/07/2024;12.4;8/08/2024;12.2;7/09/2024;12.4;NULL;NULL;NULL;NULL;8/07/2024;8/08/2024;7/09/2024
*****338;5/10/1990;2;LEV;NULL;NULL;NULL;NULL;NULL;NULL;NULL;NULL;NULL;NULL;NULL;NULL;NULL
*****682;1/01/1994;2;LEV;22/01/2024;13;20/02/2024;12.3;NULL;NULL;16/05/2024;14.4;NULL;NULL;22/01/2024;20/02/2024;20/03/2024
*****747;17/01/1996;2;LEV;5/09/2024;12.2;NULL;NULL;NULL;NULL;7/12/2024;13.6;NULL;NULL;5/09/2024;3/10/2024;NULL
*****191;1/10/1984;2;LEV;27/11/2023;13;NULL;NULL;NULL;NULL;15/04/2024;NULL;NULL;NULL;27/11/2023;19/12/2023;19/01/2024
*****104;6/04/1987;2;LEV;14/10/2024;12.2;12/11/2024;12.2;13/12/2024;12.7;18/01/2025;13;18/02/2025;12.2;14/10/2024;12/11/2024;13/12/2024
*****154;15/10/1989;2;LEV;29/04/2024;13;30/05/2024;13;NULL;NULL;NULL;NULL;NULL;NULL;29/04/2024;30/05/2024;NULL
*****038;13/08/1989;2;LEV;20/04/2024;12.8;20/05/2024;13.9;NULL;NULL;NULL;NULL;NULL;NULL;20/04/2024;20/05/2024;NULL
*****558;21/11/1989;2;LEV;25/01/2024;12.8;23/02/2024;12;11/04/2024;12.3;10/06/2024;14.2;NULL;NULL;25/01/2024;23/02/2024;25/03/2024
*****377;28/11/1990;2;LEV;15/11/2023;9.9;2/01/2024;12.3;NULL;NULL;NULL;NULL;NULL;NULL;15/11/2023;2/01/2024;NULL
*****524;18/04/2008;2;LEV;21/04/2025;12;21/05/2025;11.6;NULL;NULL;NULL;NULL;NULL;NULL;21/04/2025;21/05/2025;NULL
*****477;13/12/1995;2;LEV;14/11/2024;12.6;NULL;NULL;NULL;NULL;NULL;NULL;NULL;NULL;14/11/2024;NULL;NULL
*****980;18/11/2000;2;LEV;26/04/2024;13;25/05/2024;12.1;25/06/2024;14.1;17/09/2024;15.3;NULL;NULL;26/04/2024;25/05/2024;25/06/2024
*****919;14/06/1997;2;MOD;3/10/2024;11.7;4/11/2024;11.5;NULL;NULL;NULL;NULL;NULL;NULL;3/10/2024;4/11/2024;NULL
*****071;13/11/2002;2;MOD;20/11/2023;10.8;3/01/2024;13.2;NULL;NULL;NULL;NULL;NULL;NULL;20/11/2023;3/01/2024;NULL
*****317;28/10/1997;2;MOD;19/01/2024;11.9;NULL;NULL;NULL;NULL;NULL;NULL;NULL;NULL;19/01/2024;NULL;NULL
*****338;14/03/2002;2;LEV;1/11/2024;12.7;5/01/2025;12.8;NULL;NULL;NULL;NULL;NULL;NULL;1/11/2024;5/01/2025;NULL
*****175;12/06/2001;2;MOD;26/08/2024;12;NULL;NULL;NULL;NULL;NULL;NULL;NULL;NULL;26/08/2024;30/09/2024;NULL
*****660;18/11/2008;2;LEV;5/12/2024;12.5;7/01/2025;12.5;4/02/2025;12.5;5/03/2025;12.6;NULL;NULL;5/12/2024;NULL;NULL
*****450;19/02/1995;2;LEV;28/12/2023;13.2;27/01/2024;12.8;NULL;NULL;27/03/2024;12.7;NULL;NULL;28/12/2023;27/01/2024;NULL
*****283;19/01/1995;2;LEV;5/03/2024;13;NULL;NULL;NULL;NULL;NULL;NULL;NULL;NULL;5/03/2024;NULL;NULL
*****779;30/09/1990;2;LEV;NULL;NULL;NULL;NULL;NULL;NULL;24/06/2024;NULL;NULL;NULL;NULL;NULL;NULL
*****044;28/01/2003;2;LEV;25/01/2025;11.9;25/02/2025;12.6;28/04/2025;13.2;NULL;NULL;NULL;NULL;25/01/2025;25/02/2025;28/04/2025
*****969;3/03/1992;2;LEV;13/06/2024;12.2;13/07/2024;12.2;14/08/2024;13.4;30/09/2024;15.1;NULL;NULL;13/06/2024;13/07/2024;14/08/2024
*****577;2/08/1992;2;MOD;20/08/2024;10.5;NULL;NULL;NULL;NULL;NULL;NULL;NULL;NULL;20/08/2024;17/09/2024;NULL
*****945;7/08/1993;2;LEV;8/05/2025;12.4;NULL;NULL;NULL;NULL;NULL;NULL;NULL;NULL;8/05/2025;NULL;NULL
*****673;5/02/1992;2;LEV;NULL;NULL;NULL;NULL;NULL;NULL;NULL;NULL;NULL;NULL;NULL;NULL;NULL
*****469;14/01/2007;2;LEV;NULL;NULL;NULL;NULL;NULL;NULL;NULL;NULL;NULL;NULL;NULL;NULL;NULL
*****600;1/05/1995;2;MOD;NULL;NULL;NULL;NULL;NULL;NULL;8/07/2024;NULL;NULL;NULL;NULL;NULL;NULL
*****181;5/08/1998;2;NULL;NULL;NULL;NULL;NULL;NULL;NULL;NULL;NULL;NULL;NULL;NULL;NULL;NULL
*****575;14/03/2004;2;LEV;27/10/2023;12.1;NULL;NULL;NULL;NULL;NULL;NULL;NULL;NULL;27/10/2023;NULL;NULL
*****771;23/04/1988;1;LEV;8/05/2024;10.3;6/06/2024;9.9;NULL;NULL;6/08/2024;12.5;5/09/2024;13.7;8/05/2024;6/06/2024;6/07/2024
*****057;16/03/1988;2;LEV;7/12/2023;12.7;8/01/2024;11.9;NULL;NULL;NULL;NULL;NULL;NULL;7/12/2023;8/01/2024;NULL
*****947;7/06/1988;2;LEV;30/04/2024;13;NULL;NULL;12/07/2024;13.4;17/09/2024;NULL;NULL;NULL;30/04/2024;27/05/2024;26/06/2024
*****930;25/04/2003;2;LEV;21/06/2024;12.5;NULL;NULL;NULL;NULL;NULL;NULL;NULL;NULL;21/06/2024;16/07/2024;NULL
*****627;8/06/2004;2;LEV;6/03/2025;11.7;4/04/2025;11.8;NULL;NULL;NULL;NULL;NULL;NULL;6/03/2025;4/04/2025;NULL
*****359;5/08/1999;2;LEV;NULL;NULL;NULL;NULL;NULL;NULL;NULL;NULL;NULL;NULL;NULL;NULL;NULL
*****356;28/03/1995;2;LEV;23/01/2024;12.7;NULL;NULL;NULL;NULL;NULL;NULL;NULL;NULL;23/01/2024;20/02/2024;21/03/2024
*****061;26/01/1997;2;MOD;31/01/2025;10.6;NULL;NULL;NULL;NULL;NULL;NULL;NULL;NULL;31/01/2025;NULL;NULL
*****577;10/04/1999;2;LEV;23/01/2024;15.6;27/02/2024;11.1;28/03/2024;11.8;22/04/2024;12.1;NULL;NULL;23/01/2024;27/02/2024;28/03/2024
*****839;4/05/2005;2;MOD;21/03/2025;10.3;22/04/2025;13.7;NULL;NULL;NULL;NULL;NULL;NULL;21/03/2025;22/04/2025;NULL
*****892;22/06/2000;1;LEV;13/04/2024;12.5;NULL;NULL;26/06/2024;11;26/07/2024;13.8;26/08/2024;12.2;13/04/2024;10/05/2024;26/06/2024
*****343;25/11/2000;2;NULL;NULL;NULL;NULL;NULL;NULL;NULL;NULL;NULL;NULL;NULL;NULL;NULL;NULL
*****766;11/06/1995;2;MOD;5/03/2025;10.9;9/04/2025;12.4;NULL;NULL;NULL;NULL;NULL;NULL;5/03/2025;9/04/2025;NULL
*****597;24/02/2003;2;MOD;27/02/2024;11.9;13/05/2024;11.3;27/04/2024;10.9;24/06/2024;NULL;NULL;NULL;27/02/2024;NULL;NULL
*****744;25/03/1999;2;LEV;3/01/2025;12.5;17/03/2025;12.6;NULL;NULL;NULL;NULL;NULL;NULL;3/01/2025;3/02/2025;NULL
*****136;28/04/1999;2;LEV;12/03/2024;NULL;12/04/2024;13;NULL;NULL;NULL;NULL;NULL;NULL;12/03/2024;12/04/2024;NULL
*****912;25/06/1987;2;LEV;31/01/2025;12.3;NULL;NULL;NULL;NULL;NULL;NULL;NULL;NULL;31/01/2025;28/02/2025;28/03/2025
*****535;21/02/1985;2;LEV;11/09/2024;12.3;10/10/2024;13.2;NULL;NULL;NULL;NULL;NULL;NULL;11/09/2024;10/10/2024;NULL
*****964;20/09/1994;2;NULL;NULL;NULL;25/07/2024;13.6;NULL;NULL;31/08/2024;NULL;NULL;NULL;NULL;NULL;NULL
*****852;26/09/1989;2;MOD;8/11/2023;12;NULL;NULL;9/01/2024;12.2;NULL;NULL;NULL;NULL;8/11/2023;6/12/2023;9/01/2024
*****714;28/09/1990;2;LEV;13/09/2024;12.3;14/10/2024;12.6;NULL;NULL;NULL;NULL;NULL;NULL;13/09/2024;14/10/2024;4/11/2024
*****072;9/02/1990;2;LEV;3/11/2023;NULL;NULL;NULL;31/01/2024;12.7;NULL;NULL;NULL;NULL;3/11/2023;NULL;NULL
*****648;2/04/2000;2;LEV;16/07/2024;12.4;15/08/2024;12.4;NULL;NULL;NULL;NULL;NULL;NULL;16/07/2024;15/08/2024;NULL
*****612;25/04/2005;2;MOD;5/10/2024;11.9;4/11/2024;12;31/01/2025;10.9;28/02/2025;9.8;28/03/2025;12.3;5/10/2024;4/11/2024;31/01/2025
*****929;1/03/2004;10;LEV;12/12/2023;12.5;NULL;NULL;NULL;NULL;NULL;NULL;NULL;NULL;12/12/2023;NULL;NULL
*****797;4/10/1978;2;LEV;26/10/2023;12.8;21/12/2023;13;NULL;NULL;31/01/2024;NULL;NULL;NULL;26/10/2023;21/12/2023;NULL
*****965;10/06/1984;2;LEV;8/08/2024;12;9/09/2024;11.5;10/10/2024;12.9;4/12/2024;15.5;NULL;NULL;8/08/2024;9/09/2024;10/10/2024
*****361;6/09/1988;1;MOD;25/04/2024;10.5;25/06/2024;10.9;NULL;NULL;25/07/2024;12.3;NULL;NULL;25/04/2024;25/05/2024;25/06/2024
*****098;30/03/1998;2;LEV;28/03/2025;12.3;30/04/2025;12.3;NULL;NULL;NULL;NULL;NULL;NULL;28/03/2025;28/04/2025;NULL
*****047;13/01/2003;2;LEV;28/10/2024;12.1;24/12/2024;12.1;19/01/2025;11.2;21/02/2025;14.6;NULL;NULL;28/10/2024;27/11/2024;19/01/2025
*****946;5/06/1997;1;MOD;31/08/2024;12;NULL;NULL;NULL;NULL;NULL;NULL;NULL;NULL;31/08/2024;28/09/2024;NULL
*****210;16/02/1997;2;NULL;NULL;NULL;NULL;NULL;NULL;NULL;NULL;NULL;NULL;NULL;NULL;NULL;NULL
*****532;18/03/1995;2;NULL;NULL;NULL;NULL;NULL;NULL;NULL;NULL;NULL;NULL;NULL;NULL;NULL;NULL
*****828;1/06/2005;2;MOD;13/06/2024;10.8;NULL;NULL;NULL;NULL;18/09/2024;13.8;NULL;NULL;13/06/2024;11/07/2024;10/08/2024
*****577;23/09/2001;2;LEV;12/10/2024;12.3;NULL;NULL;11/12/2024;12.1;23/01/2025;13;NULL;NULL;12/10/2024;7/11/2024;11/12/2024
*****916;1/01/1998;1;LEV;18/05/2024;12.6;23/07/2024;13.3;NULL;NULL;NULL;NULL;NULL;NULL;18/05/2024;23/07/2024;NULL
*****250;11/12/2004;1;LEV;17/05/2025;10.6;NULL;NULL;NULL;NULL;NULL;NULL;NULL;NULL;17/05/2025;NULL;NULL
*****663;16/08/1989;2;LEV;6/03/2025;12.4;21/04/2025;14.3;NULL;NULL;NULL;NULL;NULL;NULL;6/03/2025;21/04/2025;NULL
*****289;23/04/1991;2;MOD;6/01/2024;10.1;NULL;NULL;7/03/2024;10.3;NULL;NULL;NULL;NULL;6/01/2024;2/02/2024;7/03/2024
*****961;8/03/1994;2;LEV;3/07/2024;12.6;NULL;NULL;NULL;NULL;NULL;NULL;NULL;NULL;3/07/2024;NULL;NULL
*****123;22/02/2010;2;MOD;20/01/2024;11.5;10/05/2024;11.1;20/03/2024;10;11/06/2024;10.8;NULL;NULL;20/01/2024;19/02/2024;20/03/2024
*****561;25/12/2005;2;LEV;28/03/2025;12.5;26/04/2025;12.7;NULL;NULL;NULL;NULL;NULL;NULL;28/03/2025;26/04/2025;NULL
*****041;13/09/1992;2;LEV;NULL;NULL;NULL;NULL;NULL;NULL;NULL;NULL;NULL;NULL;NULL;NULL;NULL
*****845;17/08/1997;2;LEV;11/10/2024;12.5;NULL;NULL;26/12/2024;12.3;10/01/2025;12.5;21/02/2025;14.5;11/10/2024;8/11/2024;26/12/2024
*****656;29/08/2000;2;NULL;NULL;NULL;NULL;NULL;NULL;NULL;NULL;NULL;NULL;NULL;NULL;NULL;NULL
*****501;1/09/2000;2;LEV;24/11/2023;12.7;20/01/2024;13.3;NULL;NULL;NULL;NULL;NULL;NULL;24/11/2023;20/01/2024;NULL
*****125;26/10/1983;2;MOD;1/02/2025;NULL;29/03/2025;12.6;NULL;NULL;NULL;NULL;NULL;NULL;1/02/2025;29/03/2025;NULL
*****646;25/07/1989;2;MOD;29/01/2024;11.8;28/05/2024;12.9;NULL;NULL;29/04/2024;11.9;28/05/2024;12.9;29/01/2024;28/02/2024;NULL
*****818;29/06/2006;2;SEV;10/12/2024;6.9;NULL;NULL;NULL;NULL;NULL;NULL;NULL;NULL;10/12/2024;NULL;NULL
*****647;29/11/2006;2;LEV;21/11/2024;13;20/12/2024;12.1;3/02/2025;12.3;3/03/2025;14.5;NULL;NULL;21/11/2024;20/12/2024;NULL
*****807;13/04/2002;2;LEV;29/12/2023;10.6;NULL;NULL;NULL;NULL;NULL;NULL;NULL;NULL;29/12/2023;NULL;NULL
*****986;17/02/2001;2;LEV;19/04/2024;NULL;13/05/2024;10.9;NULL;NULL;1/08/2024;13.7;NULL;NULL;NULL;NULL;NULL
*****239;28/09/2004;2;LEV;29/01/2025;10.4;NULL;NULL;NULL;NULL;NULL;NULL;NULL;NULL;29/01/2025;26/02/2025;24/03/2025
*****682;2/04/2005;2;MOD;28/02/2024;11.8;NULL;NULL;18/05/2024;14.7;NULL;NULL;NULL;NULL;28/02/2024;26/03/2024;18/05/2024
*****943;16/03/2006;2;LEV;13/03/2024;12.8;13/04/2024;12.3;NULL;NULL;NULL;NULL;NULL;NULL;13/03/2024;13/04/2024;NULL
*****068;18/11/1994;2;MOD;22/11/2023;NULL;NULL;NULL;NULL;NULL;NULL;NULL;NULL;NULL;22/11/2023;NULL;NULL
*****467;3/09/1991;2;LEV;13/03/2025;12.7;NULL;NULL;NULL;NULL;NULL;NULL;NULL;NULL;13/03/2025;10/04/2025;NULL
*****941;18/12/2003;2;LEV;15/06/2024;12.4;NULL;NULL;NULL;NULL;NULL;NULL;NULL;NULL;15/06/2024;NULL;NULL
*****143;23/09/1999;2;LEV;27/02/2024;12.6;NULL;NULL;NULL;NULL;NULL;NULL;NULL;NULL;27/02/2024;NULL;NULL
*****182;14/01/2000;2;MOD;17/05/2025;11.9;NULL;NULL;NULL;NULL;NULL;NULL;NULL;NULL;17/05/2025;NULL;NULL
*****023;19/04/1995;2;LEV;16/07/2024;12.1;16/08/2024;10.4;16/09/2024;11.2;2/11/2024;13.4;NULL;NULL;16/07/2024;16/08/2024;16/09/2024
*****563;11/12/2001;2;LEV;21/11/2023;12.8;22/12/2023;12.8;NULL;NULL;NULL;NULL;NULL;NULL;21/11/2023;22/12/2023;5/01/2024
*****839;23/09/1996;2;LEV;17/04/2025;12.4;16/05/2025;13.2;NULL;NULL;NULL;NULL;NULL;NULL;17/04/2025;16/05/2025;NULL
*****259;10/05/1996;2;LEV;5/10/2024;12.4;NULL;NULL;NULL;NULL;NULL;NULL;NULL;NULL;5/10/2024;NULL;NULL
*****436;9/11/2007;2;LEV;25/10/2023;12.4;NULL;NULL;NULL;NULL;NULL;NULL;NULL;NULL;25/10/2023;NULL;NULL
*****640;1/04/2007;2;LEV;21/02/2025;13;NULL;NULL;NULL;NULL;26/05/2025;12;NULL;NULL;21/02/2025;21/03/2025;21/04/2025
*****738;26/03/2009;2;LEV;10/09/2024;12.5;11/10/2024;12.3;NULL;NULL;NULL;NULL;NULL;NULL;10/09/2024;11/10/2024;NULL
*****344;25/04/1994;2;MOD;5/09/2024;12;NULL;NULL;NULL;NULL;NULL;NULL;NULL;NULL;5/09/2024;NULL;NULL
*****547;16/11/1995;2;LEV;8/11/2023;10.8;NULL;NULL;NULL;NULL;NULL;NULL;NULL;NULL;8/11/2023;NULL;NULL
*****723;8/03/1998;2;LEV;1/12/2023;9.7;NULL;NULL;NULL;NULL;NULL;NULL;NULL;NULL;1/12/2023;NULL;NULL
*****167;22/12/2002;10;MOD;31/10/2023;11;NULL;NULL;NULL;NULL;NULL;NULL;NULL;NULL;31/10/2023;NULL;NULL
*****946;1/01/1998;2;NULL;NULL;NULL;NULL;NULL;NULL;NULL;NULL;NULL;NULL;NULL;NULL;NULL;NULL
*****060;4/10/2009;2;MOD;NULL;NULL;NULL;NULL;NULL;NULL;NULL;NULL;NULL;NULL;NULL;NULL;NULL
*****465;13/05/2006;2;MOD;24/12/2024;11.4;25/01/2025;11.7;24/02/2025;11.5;24/03/2025;11.5;NULL;NULL;24/12/2024;25/01/2025;NULL
*****730;15/08/1978;2;NULL;NULL;NULL;NULL;NULL;NULL;NULL;NULL;NULL;NULL;NULL;NULL;NULL;NULL
*****728;1/02/1988;2;LEV;NULL;NULL;NULL;NULL;NULL;NULL;NULL;NULL;NULL;NULL;NULL;NULL;NULL
*****370;6/05/1990;2;MOD;2/12/2024;11.8;2/01/2025;13;3/02/2025;13.7;3/03/2025;13.7;NULL;NULL;2/12/2024;2/01/2025;3/02/2025
*****224;31/07/1992;2;LEV;28/11/2024;12.9;NULL;NULL;NULL;NULL;NULL;NULL;NULL;NULL;28/11/2024;NULL;NULL
*****396;4/02/1993;2;MOD;2/12/2024;11;2/01/2025;12.7;1/02/2025;13.8;8/03/2025;13.9;1/04/2025;14.4;2/12/2024;2/01/2025;1/02/2025
*****789;21/03/1994;2;LEV;4/02/2025;12.6;7/03/2025;12.5;7/04/2025;13.1;13/05/2025;12.3;NULL;NULL;4/02/2025;7/03/2025;7/04/2025
*****659;29/10/2007;2;LEV;29/01/2025;12.1;28/02/2025;12.3;NULL;NULL;NULL;NULL;NULL;NULL;29/01/2025;28/02/2025;28/03/2025
*****007;9/09/1995;2;LEV;23/10/2023;10.5;NULL;NULL;NULL;NULL;NULL;NULL;NULL;NULL;23/10/2023;20/11/2023;NULL
*****582;19/08/1998;2;MOD;NULL;NULL;4/01/2025;12;6/02/2025;12;NULL;NULL;NULL;NULL;11/11/2024;4/01/2025;6/02/2025
*****456;3/06/1987;2;LEV;30/01/2024;12.4;NULL;NULL;NULL;NULL;NULL;NULL;NULL;NULL;30/01/2024;27/02/2024;NULL
*****954;18/03/1997;2;MOD;31/07/2024;11.5;31/08/2024;NULL;30/09/2024;NULL;NULL;NULL;NULL;NULL;31/07/2024;31/08/2024;30/09/2024
*****214;13/03/2004;2;MOD;NULL;NULL;NULL;NULL;NULL;NULL;NULL;NULL;NULL;NULL;NULL;NULL;NULL
*****791;13/09/1999;2;LEV;3/02/2024;13.9;4/04/2024;13.3;NULL;NULL;4/05/2024;13.3;3/06/2024;13.3;3/02/2024;2/03/2024;4/04/2024
*****926;12/07/1987;2;LEV;24/03/2025;13.9;24/04/2025;13.9;24/05/2025;11.5;NULL;NULL;NULL;NULL;24/03/2025;24/04/2025;24/05/2025
*****632;22/03/1996;1;MOD;21/09/2024;10.6;NULL;NULL;NULL;NULL;NULL;NULL;NULL;NULL;21/09/2024;NULL;NULL
*****233;19/05/2003;2;MOD;NULL;NULL;NULL;NULL;NULL;NULL;NULL;NULL;NULL;NULL;NULL;NULL;NULL
*****456;12/04/2009;1;MOD;22/01/2025;10.8;28/02/2025;8.6;26/03/2025;NULL;23/04/2025;NULL;26/05/2025;13.6;22/01/2025;28/02/2025;26/03/2025
*****618;25/11/1999;2;LEV;17/06/2024;12.8;17/07/2024;12.8;17/08/2024;12.8;30/09/2024;NULL;NULL;NULL;17/06/2024;17/07/2024;17/08/2024
*****067;20/09/2000;2;SEV;8/06/2024;NULL;12/09/2024;13.3;8/08/2024;12.1;9/09/2024;12.1;8/10/2024;13.3;8/06/2024;8/07/2024;8/08/2024
*****282;8/07/1996;2;LEV;15/01/2024;10.4;15/02/2024;13.7;15/03/2024;NULL;15/04/2024;10.2;NULL;NULL;15/01/2024;15/02/2024;15/03/2024
*****954;24/10/2005;2;MOD;6/05/2024;9.5;22/08/2024;12.6;6/07/2024;9.3;6/08/2024;12.6;10/09/2024;NULL;6/05/2024;6/06/2024;6/07/2024
*****307;24/11/1993;2;LEV;15/05/2024;12.9;NULL;NULL;15/07/2024;12.9;24/09/2024;13.6;16/09/2024;NULL;15/05/2024;15/06/2024;15/07/2024
*****125;4/07/2005;2;LEV;23/07/2024;14;21/08/2024;12;NULL;NULL;NULL;NULL;NULL;NULL;23/07/2024;21/08/2024;NULL
*****689;19/09/1984;2;LEV;16/02/2024;12.1;NULL;NULL;NULL;NULL;NULL;NULL;NULL;NULL;16/02/2024;15/03/2024;13/04/2024
*****659;7/01/1996;1;LEV;15/07/2024;12.4;16/08/2024;12.4;NULL;NULL;22/10/2024;12.9;NULL;NULL;15/07/2024;16/08/2024;17/09/2024
*****393;6/05/1989;10;NULL;NULL;NULL;NULL;NULL;NULL;NULL;NULL;NULL;NULL;NULL;NULL;NULL;NULL
*****939;29/05/2003;2;LEV;14/09/2024;12.7;14/10/2024;12.7;NULL;NULL;NULL;NULL;NULL;NULL;14/09/2024;14/10/2024;NULL
*****926;21/11/1995;2;LEV;20/12/2024;12.2;NULL;NULL;NULL;NULL;NULL;NULL;NULL;NULL;20/12/2024;16/01/2025;NULL
*****605;18/07/1985;2;LEV;NULL;NULL;NULL;NULL;NULL;NULL;NULL;NULL;NULL;NULL;NULL;NULL;NULL
*****149;10/02/1997;2;LEV;12/01/2024;13.1;26/02/2024;13.1;NULL;NULL;7/06/2024;NULL;NULL;NULL;12/01/2024;26/02/2024;NULL
*****378;4/01/1988;2;LEV;12/01/2024;NULL;NULL;NULL;NULL;NULL;NULL;NULL;29/06/2024;NULL;12/01/2024;NULL;NULL
*****428;9/10/1992;2;LEV;28/11/2023;13.1;9/02/2024;13.12;NULL;NULL;22/03/2024;NULL;NULL;NULL;28/11/2023;9/02/2024;NULL
*****049;13/02/1998;1;LEV;9/03/2024;12.7;1/07/2024;12.1;18/06/2024;11.6;NULL;NULL;NULL;NULL;9/03/2024;5/04/2024;6/05/2024
*****071;18/04/1993;2;LEV;23/01/2025;12.9;24/02/2025;13.1;25/03/2025;13.1;NULL;NULL;NULL;NULL;23/01/2025;24/02/2025;25/03/2025
*****110;18/09/2002;2;MOD;3/10/2024;12;4/11/2024;11.6;NULL;NULL;NULL;NULL;NULL;NULL;3/10/2024;4/11/2024;NULL
*****904;9/08/1987;2;MOD;31/01/2024;11.1;NULL;NULL;NULL;NULL;NULL;NULL;NULL;NULL;31/01/2024;NULL;NULL
*****586;11/04/2000;2;MOD;NULL;NULL;NULL;NULL;NULL;NULL;NULL;NULL;NULL;NULL;NULL;NULL;NULL
*****234;15/03/1986;2;LEV;NULL;NULL;NULL;NULL;NULL;NULL;8/03/2025;NULL;NULL;NULL;30/11/2024;28/12/2024;27/01/2025
*****886;9/12/2002;2;LEV;31/01/2024;12.8;29/02/2024;12.8;NULL;NULL;NULL;NULL;29/06/2024;NULL;31/01/2024;29/02/2024;NULL
*****823;3/11/1994;2;MOD;5/08/2024;11.9;11/11/2024;12.6;12/10/2024;11.9;NULL;NULL;11/12/2024;12.6;5/08/2024;11/09/2024;12/10/2024
*****377;26/10/1995;2;LEV;23/11/2023;12.49;19/01/2024;12.49;NULL;NULL;2/04/2024;NULL;NULL;NULL;23/11/2023;19/01/2024;NULL
*****090;16/02/2000;2;LEV;9/09/2024;12.7;9/10/2024;11.1;11/11/2024;12.8;NULL;NULL;NULL;NULL;9/09/2024;9/10/2024;11/11/2024
*****157;14/12/2008;2;LEV;7/03/2024;13.5;23/05/2024;13.5;9/05/2024;13.3;9/06/2024;11.1;9/07/2024;12;7/03/2024;NULL;NULL
*****307;17/08/1988;2;MOD;23/10/2024;13.1;26/11/2024;12.7;7/01/2025;12.7;29/01/2025;NULL;NULL;NULL;23/10/2024;26/11/2024;23/12/2024
*****251;4/02/1994;2;LEV;22/02/2024;NULL;NULL;NULL;NULL;NULL;NULL;NULL;NULL;NULL;22/02/2024;15/03/2024;NULL
*****841;25/04/1993;2;LEV;12/11/2024;NULL;NULL;NULL;5/03/2025;13.3;NULL;NULL;NULL;NULL;12/11/2024;NULL;NULL
*****932;27/07/2003;2;LEV;13/11/2024;12.5;13/12/2024;12.5;13/01/2025;NULL;12/02/2025;12.5;13/03/2025;NULL;13/11/2024;13/12/2024;13/01/2025
*****951;30/03/1998;2;LEV;21/02/2025;13.1;NULL;NULL;NULL;NULL;NULL;NULL;NULL;NULL;21/02/2025;21/03/2025;21/04/2025
*****355;28/05/1995;2;LEV;22/10/2024;12.5;23/11/2024;NULL;NULL;NULL;NULL;NULL;NULL;NULL;22/10/2024;23/11/2024;NULL
*****780;25/04/1995;2;LEV;24/01/2025;12.5;22/02/2025;12.5;NULL;NULL;NULL;NULL;NULL;NULL;24/01/2025;22/02/2025;24/03/2025
*****015;21/04/2000;2;MOD;29/08/2024;NULL;NULL;NULL;NULL;NULL;NULL;NULL;NULL;NULL;29/08/2024;23/09/2024;23/10/2024
*****560;6/08/1990;2;LEV;23/01/2025;NULL;24/02/2025;13.1;2/04/2025;13.1;16/05/2025;NULL;NULL;NULL;23/01/2025;24/02/2025;22/03/2025
*****933;2/02/1994;2;MOD;25/07/2024;NULL;29/08/2024;NULL;23/09/2024;NULL;NULL;NULL;NULL;NULL;25/07/2024;29/08/2024;23/09/2024
*****492;23/08/1999;2;MOD;13/12/2024;NULL;14/01/2025;NULL;13/02/2025;11.7;13/03/2025;NULL;NULL;NULL;13/12/2024;14/01/2025;13/02/2025
*****177;10/03/1990;2;MOD;16/04/2025;10.6;15/05/2025;10.6;NULL;NULL;NULL;NULL;NULL;NULL;16/04/2025;15/05/2025;NULL
*****335;24/04/2000;1;NULL;NULL;NULL;NULL;NULL;NULL;NULL;NULL;NULL;NULL;NULL;NULL;NULL;NULL
*****122;18/04/1985;2;LEV;23/08/2024;12;29/11/2024;10.6;30/10/2024;10.5;28/11/2024;10.6;28/12/2024;10.6;23/08/2024;30/09/2024;30/10/2024
*****928;1/11/1993;2;LEV;NULL;NULL;5/12/2024;NULL;NULL;NULL;NULL;NULL;NULL;NULL;6/11/2024;5/12/2024;NULL
*****469;31/01/1988;2;MOD;17/05/2025;11.5;NULL;NULL;NULL;NULL;NULL;NULL;NULL;NULL;17/05/2025;NULL;NULL
*****918;28/08/1990;2;MOD;9/10/2024;NULL;NULL;NULL;NULL;NULL;NULL;NULL;NULL;NULL;9/10/2024;NULL;NULL
*****719;3/02/2006;2;LEV;8/07/2024;12.8;5/10/2024;13;7/09/2024;NULL;7/10/2024;13;7/11/2024;13;8/07/2024;7/08/2024;7/09/2024
*****831;4/04/1981;2;MOD;10/09/2024;10.8;10/10/2024;10.8;14/11/2024;12.5;NULL;NULL;NULL;NULL;10/09/2024;10/10/2024;14/11/2024
*****090;24/04/1999;2;MOD;31/12/2024;13.1;30/01/2025;13.1;NULL;NULL;NULL;NULL;NULL;NULL;31/12/2024;30/01/2025;28/02/2025
*****296;26/07/1999;2;LEV;8/07/2024;NULL;NULL;NULL;NULL;NULL;NULL;NULL;NULL;NULL;8/07/2024;NULL;NULL
*****751;3/04/1985;2;LEV;18/10/2023;NULL;20/12/2023;14.8;NULL;NULL;NULL;NULL;NULL;NULL;18/10/2023;20/12/2023;NULL
*****933;23/07/1998;2;MOD;7/02/2025;NULL;NULL;NULL;NULL;NULL;19/05/2025;12;NULL;NULL;7/02/2025;6/03/2025;4/04/2025
*****397;15/02/1998;2;LEV;NULL;NULL;NULL;NULL;NULL;NULL;NULL;NULL;NULL;NULL;NULL;NULL;NULL
*****702;27/05/1990;2;LEV;NULL;NULL;NULL;NULL;NULL;NULL;NULL;NULL;NULL;NULL;NULL;NULL;NULL
*****135;20/03/2004;2;MOD;7/03/2025;11.9;7/04/2025;12;NULL;NULL;NULL;NULL;NULL;NULL;7/03/2025;7/04/2025;NULL
*****452;11/06/2000;2;lev;11/03/2025;14.6;11/04/2025;14.6;NULL;NULL;NULL;NULL;NULL;NULL;11/03/2025;11/04/2025;NULL
*****853;10/06/1989;2;lev;22/01/2025;11.8;22/02/2025;11.8;NULL;NULL;22/04/2025;15.1;NULL;NULL;22/01/2025;22/02/2025;22/03/2025
*****976;27/06/1991;2;LEV;20/01/2025;13;20/02/2025;13;21/03/2025;13;NULL;NULL;NULL;NULL;20/01/2025;20/02/2025;21/03/2025
*****632;18/05/2004;2;MOD;2/03/2024;11.3;2/04/2024;14.3;2/05/2024;15.3;18/07/2024;15.3;NULL;NULL;2/03/2024;2/04/2024;2/05/2024
*****733;1/11/1991;2;LEV;9/02/2025;14.3;NULL;NULL;NULL;NULL;NULL;NULL;NULL;NULL;9/02/2025;9/03/2025;9/04/2025
*****135;15/09/1991;2;LEV;NULL;NULL;NULL;NULL;NULL;NULL;NULL;NULL;NULL;NULL;23/12/2023;NULL;NULL
*****314;11/07/1990;2;LEV;NULL;NULL;NULL;NULL;NULL;NULL;20/03/2024;NULL;NULL;NULL;2/11/2023;2/12/2023;3/01/2024
*****550;2/07/1992;2;MOD;NULL;NULL;NULL;NULL;NULL;NULL;NULL;NULL;NULL;NULL;3/02/2024;5/03/2024;4/04/2024
*****629;7/01/2004;2;MOD;NULL;NULL;NULL;NULL;NULL;NULL;NULL;NULL;NULL;NULL;5/12/2023;NULL;NULL
*****409;10/10/1985;1;LEV;NULL;NULL;NULL;NULL;NULL;NULL;NULL;NULL;NULL;NULL;14/10/2024;13/11/2024;13/12/2024
*****785;14/05/1986;2;LEV;6/12/2024;12.4;6/01/2025;13;7/02/2025;NULL;7/03/2025;NULL;NULL;NULL;6/12/2024;6/01/2025;7/02/2025
*****627;8/08/1987;2;LEV;25/11/2024;12.7;26/12/2024;NULL;NULL;NULL;NULL;NULL;NULL;NULL;25/11/2024;26/12/2024;NULL
*****182;1/09/1995;1;LEV;NULL;NULL;25/11/2023;NULL;26/12/2023;NULL;NULL;NULL;NULL;NULL;26/10/2023;25/11/2023;26/12/2023
*****134;20/04/1982;2;LEV;9/11/2023;NULL;9/12/2023;NULL;9/01/2024;NULL;23/03/2024;NULL;NULL;NULL;9/11/2023;NULL;NULL
*****377;14/07/1991;2;LEV;25/10/2023;NULL;NULL;NULL;25/01/2024;NULL;NULL;NULL;NULL;NULL;25/10/2023;NULL;NULL
*****922;29/07/2001;2;LEV;NULL;NULL;28/12/2023;NULL;NULL;NULL;NULL;NULL;NULL;NULL;31/10/2023;NULL;NULL
*****322;15/04/2007;2;MOD;31/10/2023;NULL;2/12/2023;NULL;30/01/2024;NULL;4/03/2024;NULL;NULL;NULL;31/10/2023;2/12/2023;30/12/2023
*****453;13/11/2000;1;MOD;NULL;NULL;NULL;NULL;NULL;NULL;NULL;NULL;NULL;NULL;NULL;NULL;NULL
*****802;20/07/1994;1;LEV;7/06/2024;NULL;NULL;NULL;NULL;NULL;NULL;NULL;NULL;NULL;7/06/2024;7/07/2024;13/08/2024
*****236;18/04/1997;1;LEV;8/06/2024;NULL;8/07/2024;NULL;NULL;NULL;NULL;NULL;NULL;NULL;8/06/2024;8/07/2024;NULL
*****136;14/02/1989;2;MOD;16/01/2024;NULL;10/04/2024;NULL;NULL;NULL;NULL;NULL;NULL;NULL;16/01/2024;NULL;NULL
*****877;8/04/1999;2;LEV;5/12/2023;NULL;12/03/2024;11.5;NULL;NULL;NULL;NULL;NULL;NULL;5/12/2023;NULL;NULL
*****661;16/03/1979;2;LEV;16/03/2025;11.8;14/04/2025;12.2;NULL;NULL;NULL;NULL;NULL;NULL;16/03/2025;14/04/2025;14/05/2025
*****878;18/05/1998;2;MOD;5/04/2024;NULL;NULL;NULL;NULL;NULL;NULL;NULL;NULL;NULL;5/04/2024;NULL;NULL
*****779;25/04/2006;1;LEV;20/11/2024;11.9;NULL;NULL;NULL;NULL;NULL;NULL;NULL;NULL;20/11/2024;20/12/2024;NULL
*****055;14/05/1990;1;LEV;17/12/2024;11.8;NULL;NULL;19/02/2025;NULL;NULL;NULL;NULL;NULL;17/12/2024;17/01/2025;19/02/2025
*****172;26/10/2005;2;LEV;13/03/2024;NULL;13/04/2024;NULL;NULL;NULL;24/06/2024;NULL;NULL;NULL;13/03/2024;13/04/2024;10/05/2024
*****269;15/08/1995;1;LEV;NULL;NULL;NULL;NULL;NULL;NULL;NULL;NULL;NULL;NULL;NULL;NULL;NULL
*****723;6/12/2000;1;LEV;5/12/2024;11.5;6/01/2025;11.8;5/02/2025;NULL;6/04/2025;13;NULL;NULL;5/12/2024;6/01/2025;5/02/2025
*****065;3/11/1999;2;LEV;29/03/2024;NULL;27/04/2024;NULL;NULL;NULL;NULL;NULL;NULL;NULL;29/03/2024;27/04/2024;NULL
*****312;28/12/1982;1;MOD;NULL;NULL;NULL;NULL;NULL;NULL;NULL;NULL;NULL;NULL;NULL;NULL;NULL
*****734;30/01/2003;2;LEV;NULL;NULL;NULL;NULL;24/07/2024;13.1;NULL;NULL;NULL;NULL;25/05/2024;24/06/2024;NULL
*****835;26/03/2004;2;MOD;NULL;NULL;NULL;NULL;NULL;NULL;NULL;NULL;NULL;NULL;NULL;NULL;NULL
*****574;8/09/1994;1;LEV;NULL;NULL;NULL;NULL;NULL;NULL;NULL;NULL;NULL;NULL;NULL;NULL;NULL
*****451;18/12/2000;2;LEV;17/01/2024;12.6;11/03/2024;12.6;NULL;NULL;NULL;NULL;NULL;NULL;17/01/2024;11/03/2024;NULL
*****014;25/05/1999;1;LEV;NULL;NULL;NULL;NULL;NULL;NULL;NULL;NULL;NULL;NULL;NULL;NULL;NULL
*****661;29/10/2004;2;MOD;NULL;NULL;NULL;NULL;NULL;NULL;NULL;NULL;NULL;NULL;NULL;NULL;NULL
*****263;8/01/2000;2;LEV;NULL;NULL;NULL;NULL;NULL;NULL;NULL;NULL;NULL;NULL;NULL;NULL;NULL
*****604;21/07/2008;2;LEV;12/04/2025;10;NULL;NULL;NULL;NULL;NULL;NULL;NULL;NULL;12/04/2025;NULL;NULL
*****077;12/04/2001;2;NULL;NULL;NULL;NULL;NULL;NULL;NULL;NULL;NULL;NULL;NULL;NULL;NULL;NULL
*****638;31/07/1996;2;MOD;NULL;NULL;9/03/2024;14.2;NULL;NULL;NULL;NULL;NULL;NULL;8/01/2024;NULL;NULL
*****779;5/10/1996;2;NULL;NULL;NULL;NULL;NULL;NULL;NULL;NULL;NULL;NULL;NULL;NULL;NULL;NULL
*****906;9/04/1985;2;LEV;NULL;NULL;NULL;NULL;NULL;NULL;NULL;NULL;NULL;NULL;4/02/2025;6/03/2025;4/04/2025
*****492;25/07/1988;2;LEV;13/03/2024;12.4;NULL;NULL;NULL;NULL;NULL;NULL;NULL;NULL;13/03/2024;NULL;NULL
*****846;26/03/1989;1;LEV;NULL;NULL;NULL;NULL;NULL;NULL;NULL;NULL;NULL;NULL;18/04/2024;NULL;NULL
*****873;19/10/2006;2;LEV;NULL;NULL;23/04/2025;12.3;23/05/2025;12.3;NULL;NULL;NULL;NULL;24/03/2025;23/04/2025;23/05/2025
*****983;2/01/1996;2;LEV;19/03/2024;12.7;18/04/2024;13.3;NULL;NULL;17/06/2024;11.4;NULL;NULL;19/03/2024;NULL;NULL
*****332;6/02/1994;1;LEV;28/08/2024;12.4;NULL;NULL;28/10/2024;12.4;NULL;NULL;NULL;NULL;28/08/2024;27/09/2024;28/10/2024
*****325;17/10/1997;2;LEV;14/02/2024;12.5;14/03/2024;12;NULL;NULL;19/06/2024;NULL;NULL;NULL;14/02/2024;14/03/2024;13/04/2024
*****964;28/03/1993;2;LEV;2/01/2025;12.8;3/02/2025;12.9;NULL;NULL;NULL;NULL;NULL;NULL;2/01/2025;3/02/2025;NULL
*****193;1/11/2004;2;MOD;NULL;NULL;NULL;NULL;NULL;NULL;NULL;NULL;NULL;NULL;NULL;NULL;NULL
*****432;23/11/2004;1;LEV;NULL;NULL;NULL;NULL;NULL;NULL;NULL;NULL;NULL;NULL;26/06/2024;NULL;NULL
*****710;31/12/1997;2;MOD;5/09/2024;11.2;NULL;NULL;NULL;NULL;NULL;NULL;NULL;NULL;5/09/2024;NULL;NULL
*****775;2/06/1997;2;LEV;NULL;NULL;NULL;NULL;NULL;NULL;NULL;NULL;NULL;NULL;3/02/2025;5/03/2025;4/04/2025
*****171;28/10/1987;2;NULL;NULL;NULL;NULL;NULL;NULL;NULL;NULL;NULL;NULL;NULL;NULL;NULL;NULL
*****664;13/03/1992;2;LEV;NULL;NULL;NULL;NULL;NULL;NULL;NULL;NULL;NULL;NULL;14/08/2024;NULL;NULL
*****756;24/11/1995;2;LEV;NULL;NULL;NULL;NULL;22/07/2024;14;23/09/2024;NULL;NULL;NULL;22/05/2024;21/06/2024;22/07/2024
*****812;7/06/2006;2;LEV;NULL;NULL;NULL;NULL;NULL;NULL;NULL;NULL;NULL;NULL;30/10/2023;NULL;NULL
*****558;26/02/1990;2;MOD;NULL;NULL;NULL;NULL;NULL;NULL;NULL;NULL;NULL;NULL;5/01/2024;4/12/2023;NULL
*****561;10/03/1992;2;LEV;8/11/2024;12.5;NULL;NULL;NULL;NULL;NULL;NULL;NULL;NULL;8/11/2024;NULL;NULL
*****138;13/08/1992;2;LEV;NULL;NULL;NULL;NULL;NULL;NULL;NULL;NULL;NULL;NULL;NULL;NULL;NULL
*****856;11/11/1993;2;LEV;NULL;NULL;NULL;NULL;5/03/2024;14.4;NULL;NULL;NULL;NULL;11/12/2023;NULL;NULL
*****169;27/03/2007;2;LEV;NULL;NULL;NULL;NULL;NULL;NULL;NULL;NULL;NULL;NULL;17/04/2024;NULL;NULL
*****515;1/10/2005;2;LEV;NULL;NULL;NULL;NULL;NULL;NULL;NULL;NULL;NULL;NULL;NULL;NULL;NULL
*****948;1/06/2000;1;NULL;NULL;NULL;NULL;NULL;NULL;NULL;NULL;NULL;NULL;NULL;NULL;NULL;NULL
*****427;4/12/1997;2;LEV;NULL;NULL;NULL;NULL;NULL;NULL;NULL;NULL;NULL;NULL;NULL;NULL;NULL
*****651;12/08/1987;2;LEV;NULL;NULL;NULL;NULL;NULL;NULL;NULL;NULL;NULL;NULL;NULL;NULL;NULL
*****503;7/02/1989;2;LEV;NULL;NULL;NULL;NULL;NULL;NULL;NULL;NULL;NULL;NULL;NULL;NULL;NULL
*****627;8/03/1990;2;LEV;24/03/2025;12.3;23/04/2025;12.6;NULL;NULL;NULL;NULL;NULL;NULL;24/03/2025;23/04/2025;NULL
*****938;17/08/2004;2;LEV;NULL;NULL;NULL;NULL;6/05/2024;13.6;NULL;NULL;NULL;NULL;5/03/2024;5/04/2024;6/05/2024
*****996;5/02/2008;1;LEV;NULL;NULL;NULL;NULL;NULL;NULL;NULL;NULL;NULL;NULL;NULL;NULL;NULL
*****259;17/11/2006;2;LEV;NULL;NULL;NULL;NULL;NULL;NULL;8/04/2024;12;NULL;NULL;6/01/2024;NULL;NULL
*****522;23/03/2000;2;MOD;7/02/2024;11.1;NULL;NULL;9/04/2024;12.4;9/05/2024;13;8/06/2024;13;7/02/2024;NULL;NULL
*****315;16/05/1994;2;MOD;NULL;NULL;NULL;NULL;NULL;NULL;NULL;NULL;NULL;NULL;NULL;NULL;NULL
*****319;17/05/1992;1;NULL;NULL;NULL;NULL;NULL;NULL;NULL;NULL;NULL;NULL;NULL;NULL;NULL;NULL
*****310;19/08/1998;2;LEV;NULL;NULL;NULL;NULL;6/12/2024;12.5;NULL;NULL;NULL;NULL;2/10/2024;2/11/2024;6/12/2024
*****154;23/01/1997;2;LEV;NULL;NULL;NULL;NULL;NULL;NULL;8/05/2025;NULL;NULL;NULL;NULL;NULL;NULL
*****146;19/06/1986;2;LEV;NULL;NULL;NULL;NULL;NULL;NULL;NULL;NULL;NULL;NULL;20/04/2024;20/05/2024;19/06/2024
*****395;3/11/1987;2;LEV;10/04/2024;12.7;10/05/2024;14.5;10/06/2024;14.1;NULL;NULL;10/08/2024;13.6;10/04/2024;10/05/2024;10/06/2024
*****946;18/07/1990;2;LEV;21/05/2025;12.8;NULL;NULL;NULL;NULL;NULL;NULL;NULL;NULL;21/05/2025;NULL;NULL
*****838;27/02/2007;2;LEV;9/02/2024;12.7;14/03/2024;12.7;13/04/2024;11.5;13/05/2024;11.3;NULL;NULL;9/02/2024;14/03/2024;13/04/2024
*****880;24/01/2000;2;NULL;NULL;NULL;NULL;NULL;NULL;NULL;NULL;NULL;NULL;NULL;NULL;NULL;NULL
*****006;14/07/1997;2;MOD;NULL;NULL;NULL;NULL;NULL;NULL;NULL;NULL;NULL;NULL;8/04/2024;NULL;NULL
*****738;29/01/2004;2;LEV;NULL;NULL;23/12/2023;14.1;NULL;NULL;2/03/2024;NULL;NULL;NULL;24/11/2023;NULL;NULL
*****840;14/05/1996;1;LEV;NULL;NULL;NULL;NULL;NULL;NULL;NULL;NULL;NULL;NULL;NULL;NULL;NULL
*****454;27/02/1995;2;LEV;NULL;NULL;21/01/2025;12.8;NULL;NULL;NULL;NULL;NULL;NULL;18/11/2024;21/01/2025;NULL
*****333;18/04/2002;1;NULL;NULL;NULL;NULL;NULL;NULL;NULL;NULL;NULL;NULL;NULL;NULL;NULL;NULL
*****545;6/05/1994;10;LEV;NULL;NULL;NULL;NULL;NULL;NULL;NULL;NULL;NULL;NULL;10/11/2023;NULL;NULL
*****313;26/08/1994;2;LEV;NULL;NULL;NULL;NULL;NULL;NULL;21/05/2024;NULL;NULL;NULL;NULL;NULL;NULL
*****542;28/12/1998;2;MOD;NULL;NULL;NULL;NULL;5/09/2024;13.8;NULL;NULL;NULL;NULL;5/07/2024;NULL;NULL
*****719;25/06/2005;2;LEV;17/05/2025;12;NULL;NULL;NULL;NULL;NULL;NULL;NULL;NULL;17/05/2025;NULL;NULL
*****648;14/06/1998;2;MOD;NULL;NULL;11/04/2025;12.2;12/05/2025;13.1;NULL;NULL;NULL;NULL;NULL;NULL;NULL
*****104;12/11/2004;2;MOD;NULL;NULL;NULL;NULL;NULL;NULL;NULL;NULL;NULL;NULL;17/09/2024;NULL;NULL
*****178;21/12/1998;1;LEV;30/05/2025;12.1;NULL;NULL;NULL;NULL;NULL;NULL;NULL;NULL;30/05/2025;NULL;NULL
*****179;13/05/2000;2;MOD;NULL;NULL;30/04/2025;11.2;NULL;NULL;NULL;NULL;NULL;NULL;21/03/2025;20/04/2025;NULL
*****839;6/04/2004;2;LEV;NULL;NULL;NULL;NULL;NULL;NULL;NULL;NULL;NULL;NULL;NULL;NULL;NULL
*****694;26/04/2004;2;NULL;NULL;NULL;NULL;NULL;NULL;NULL;NULL;NULL;NULL;NULL;NULL;NULL;NULL
*****558;24/11/2004;2;LEV;NULL;NULL;NULL;NULL;15/05/2024;12.1;3/07/2024;13.5;NULL;NULL;13/03/2024;15/04/2024;NULL
*****979;12/05/2004;2;LEV;NULL;NULL;NULL;NULL;NULL;NULL;NULL;NULL;NULL;NULL;14/11/2024;14/12/2024;NULL
*****583;11/05/2008;2;LEV;NULL;NULL;NULL;NULL;NULL;NULL;NULL;NULL;NULL;NULL;26/05/2025;NULL;NULL
*****062;27/04/2002;1;MOD;NULL;NULL;NULL;NULL;NULL;NULL;NULL;NULL;NULL;NULL;NULL;NULL;NULL
*****887;11/11/1998;2;LEV;9/08/2024;12.6;9/09/2024;11.4;8/11/2024;11.7;NULL;NULL;10/12/2024;11.5;9/08/2024;9/09/2024;9/10/2024
*****352;28/05/1998;2;LEV;9/08/2024;12.5;9/09/2024;11.7;NULL;NULL;NULL;NULL;NULL;NULL;9/08/2024;9/09/2024;NULL
*****576;20/12/1998;2;LEV;NULL;NULL;NULL;NULL;NULL;NULL;NULL;NULL;NULL;NULL;12/07/2024;24/07/2024;NULL
*****477;25/02/2004;1;MOD;NULL;NULL;NULL;NULL;NULL;NULL;NULL;NULL;NULL;NULL;27/08/2024;NULL;NULL
*****427;11/07/1990;2;NULL;NULL;NULL;NULL;NULL;NULL;NULL;25/04/2024;NULL;NULL;NULL;NULL;NULL;NULL
*****347;28/10/2004;2;NULL;NULL;NULL;NULL;NULL;NULL;NULL;NULL;NULL;NULL;NULL;NULL;NULL;NULL
*****944;28/03/1998;2;MOD;NULL;NULL;NULL;NULL;NULL;NULL;NULL;NULL;NULL;NULL;30/03/2024;NULL;NULL
*****149;4/08/2004;2;MOD;NULL;NULL;NULL;NULL;NULL;NULL;NULL;NULL;NULL;NULL;26/02/2024;NULL;NULL
*****419;20/11/1997;2;LEV;NULL;NULL;NULL;NULL;23/04/2024;12.4;NULL;NULL;NULL;NULL;20/02/2024;NULL;NULL
*****479;10/10/2003;2;LEV;6/01/2025;12.6;7/02/2025;NULL;NULL;NULL;NULL;NULL;NULL;NULL;6/01/2025;7/02/2025;NULL
*****002;2/07/2004;2;LEV;3/12/2024;12.8;3/03/2025;15.7;1/02/2025;14.8;NULL;NULL;2/04/2025;14.2;3/12/2024;3/01/2025;1/02/2025
*****040;11/09/2002;2;MOD;30/12/2024;11.8;29/01/2025;11.7;28/02/2025;13.5;NULL;NULL;NULL;NULL;30/12/2024;29/01/2025;28/02/2025
*****662;20/10/1996;2;MOD;NULL;NULL;NULL;NULL;NULL;NULL;NULL;NULL;NULL;NULL;NULL;NULL;NULL
*****034;1/12/1985;2;LEV;12/01/2024;12.9;12/02/2024;12.9;NULL;NULL;NULL;NULL;NULL;NULL;12/01/2024;12/02/2024;NULL
*****707;18/01/1987;1;NULL;NULL;NULL;NULL;NULL;NULL;NULL;NULL;NULL;NULL;NULL;NULL;NULL;NULL
*****172;4/08/1991;2;NULL;NULL;NULL;NULL;NULL;NULL;NULL;NULL;NULL;NULL;NULL;NULL;NULL;NULL
*****324;27/09/1988;2;LEV;NULL;NULL;NULL;NULL;NULL;NULL;NULL;NULL;NULL;NULL;12/08/2024;NULL;NULL
*****106;15/04/1990;2;LEV;NULL;NULL;NULL;NULL;NULL;NULL;NULL;NULL;NULL;NULL;NULL;NULL;NULL
*****308;15/03/1991;2;MOD;31/05/2024;9.8;NULL;NULL;NULL;NULL;NULL;NULL;NULL;NULL;31/05/2024;NULL;NULL
*****682;5/06/1989;1;LEV;NULL;NULL;25/11/2024;13.8;26/12/2024;11.5;NULL;NULL;NULL;NULL;25/10/2024;25/11/2024;26/12/2024
*****813;16/07/2006;2;LEV;NULL;NULL;NULL;NULL;NULL;NULL;NULL;NULL;NULL;NULL;NULL;NULL;NULL
*****762;21/04/1999;2;LEV;25/04/2025;12.4;26/05/2025;13.4;NULL;NULL;NULL;NULL;NULL;NULL;25/04/2025;NULL;NULL
*****000;18/06/2005;2;MOD;NULL;NULL;NULL;NULL;NULL;NULL;NULL;NULL;NULL;NULL;13/03/2024;NULL;NULL
*****976;25/10/1996;2;LEV;NULL;NULL;20/12/2024;13.2;NULL;NULL;NULL;NULL;NULL;NULL;20/11/2024;NULL;NULL
*****452;21/06/1999;2;LEV;13/12/2024;12.7;NULL;NULL;21/02/2025;14.2;NULL;NULL;NULL;NULL;13/12/2024;NULL;NULL
*****351;4/11/2003;2;NULL;NULL;NULL;NULL;NULL;NULL;NULL;NULL;NULL;NULL;NULL;NULL;NULL;NULL
*****434;11/06/2003;2;NULL;NULL;NULL;NULL;NULL;NULL;NULL;NULL;NULL;NULL;NULL;NULL;NULL;NULL
*****534;26/03/1986;2;MOD;1/10/2024;10;2/11/2024;10;3/12/2024;12;4/01/2025;13.8;3/02/2025;13.8;1/10/2024;2/11/2024;3/12/2024
*****947;6/02/2005;2;MOD;NULL;NULL;NULL;NULL;NULL;NULL;NULL;NULL;NULL;NULL;2/12/2023;NULL;NULL
*****053;22/04/2005;2;LEV;NULL;NULL;6/12/2024;14.3;NULL;NULL;NULL;NULL;NULL;NULL;7/10/2024;7/11/2024;7/12/2024
*****029;18/07/1999;2;MOD;20/03/2025;11.5;21/04/2025;13.5;NULL;NULL;NULL;NULL;NULL;NULL;20/03/2025;21/04/2025;NULL
*****936;12/11/2003;2;LEV;NULL;NULL;NULL;NULL;NULL;NULL;NULL;NULL;NULL;NULL;NULL;NULL;NULL
*****176;20/07/2001;2;LEV;NULL;NULL;NULL;NULL;NULL;NULL;25/03/2024;NULL;NULL;NULL;NULL;NULL;NULL
*****775;28/06/1995;2;LEV;NULL;NULL;NULL;NULL;NULL;NULL;NULL;NULL;NULL;NULL;NULL;NULL;NULL
*****646;17/01/1996;1;MOD;NULL;NULL;NULL;NULL;NULL;NULL;NULL;NULL;NULL;NULL;10/10/2024;NULL;NULL
*****391;18/04/1988;2;MOD;NULL;NULL;NULL;NULL;NULL;NULL;13/05/2024;NULL;NULL;NULL;25/01/2024;NULL;NULL
*****635;20/11/1988;2;LEV;NULL;NULL;NULL;NULL;NULL;NULL;NULL;NULL;NULL;NULL;11/04/2024;NULL;NULL
*****343;25/07/1992;2;LEV;NULL;NULL;27/08/2024;13.1;27/09/2024;13.1;14/11/2024;NULL;NULL;NULL;26/07/2024;27/08/2024;27/09/2024
*****144;25/06/2004;1;NULL;NULL;NULL;NULL;NULL;NULL;NULL;NULL;NULL;NULL;NULL;NULL;NULL;NULL
*****888;27/05/1998;2;NULL;NULL;NULL;NULL;NULL;NULL;NULL;NULL;NULL;NULL;NULL;NULL;NULL;NULL
*****883;10/04/1997;2;LEV;NULL;NULL;NULL;NULL;NULL;NULL;NULL;NULL;NULL;NULL;20/11/2024;20/12/2024;20/01/2025
*****712;7/06/1993;2;NULL;NULL;NULL;3/01/2024;16.3;NULL;NULL;NULL;NULL;NULL;NULL;NULL;NULL;NULL
*****419;22/02/1995;2;NULL;NULL;NULL;NULL;NULL;NULL;NULL;NULL;NULL;NULL;NULL;NULL;NULL;NULL
*****874;4/10/1996;2;MOD;NULL;NULL;NULL;NULL;NULL;NULL;NULL;NULL;NULL;NULL;13/11/2024;13/12/2024;NULL
*****989;1/08/1994;2;LEV;NULL;NULL;NULL;NULL;NULL;NULL;15/01/2025;14.2;NULL;NULL;12/09/2024;12/10/2024;11/11/2024
*****974;2/11/1997;1;LEV;NULL;NULL;NULL;NULL;NULL;NULL;NULL;NULL;NULL;NULL;NULL;NULL;NULL
*****515;12/04/1988;2;MOD;NULL;NULL;NULL;NULL;NULL;NULL;19/07/2024;15;NULL;NULL;9/04/2024;9/05/2024;8/06/2024
*****991;24/09/1989;2;LEV;28/06/2024;12.9;27/07/2024;14.4;NULL;NULL;NULL;NULL;NULL;NULL;28/06/2024;27/07/2024;26/08/2024
*****047;7/05/1990;2;MOD;9/10/2023;11.2;8/11/2023;11.2;NULL;NULL;NULL;NULL;NULL;NULL;9/10/2023;8/11/2023;NULL
*****048;18/07/1993;1;MOD;NULL;NULL;NULL;NULL;NULL;NULL;NULL;NULL;NULL;NULL;NULL;NULL;NULL
*****628;17/04/1994;2;LEV;3/01/2024;12.7;NULL;NULL;NULL;NULL;NULL;NULL;NULL;NULL;3/01/2024;NULL;NULL
*****329;14/02/1995;1;LEV;20/03/2025;12.9;19/04/2025;12.9;NULL;NULL;NULL;NULL;NULL;NULL;20/03/2025;19/04/2025;NULL
*****641;26/05/1998;2;LEV;4/01/2024;13.1;NULL;NULL;4/03/2024;13.1;4/04/2024;13.8;NULL;NULL;4/01/2024;NULL;NULL
*****757;23/05/1995;2;NULL;NULL;NULL;NULL;NULL;NULL;NULL;NULL;NULL;NULL;NULL;NULL;NULL;NULL
*****176;8/08/1997;2;LEV;NULL;NULL;NULL;NULL;NULL;NULL;24/09/2024;10.8;NULL;NULL;3/06/2024;NULL;NULL
*****087;30/07/1999;2;NULL;NULL;NULL;NULL;NULL;NULL;NULL;NULL;NULL;NULL;NULL;NULL;NULL;NULL
*****363;20/01/1983;2;LEV;NULL;NULL;NULL;NULL;15/05/2024;14.5;5/07/2024;15.9;NULL;NULL;16/03/2024;15/04/2024;15/05/2024
*****688;25/07/1983;2;LEV;NULL;NULL;NULL;NULL;NULL;NULL;NULL;NULL;NULL;NULL;27/04/2024;27/05/2024;26/06/2024
*****480;20/05/2001;2;LEV;NULL;NULL;NULL;NULL;NULL;NULL;NULL;NULL;NULL;NULL;7/05/2025;NULL;NULL
*****210;24/12/1988;2;LEV;NULL;NULL;NULL;NULL;NULL;NULL;NULL;NULL;NULL;NULL;NULL;NULL;NULL
*****306;23/07/1994;2;LEV;15/03/2024;10;16/04/2024;13;16/05/2024;112;15/06/2024;13.7;13/09/2024;12.5;15/03/2024;16/04/2024;16/05/2024
*****493;1/04/1994;2;LEV;NULL;NULL;NULL;NULL;NULL;NULL;NULL;NULL;NULL;NULL;NULL;NULL;NULL
*****311;15/12/2008;1;MOD;NULL;NULL;NULL;NULL;NULL;NULL;NULL;NULL;NULL;NULL;NULL;NULL;NULL
*****235;15/09/1990;9;MOD;5/02/2024;11.9;2/04/2024;10.7;NULL;NULL;NULL;NULL;NULL;NULL;5/02/2024;2/04/2024;NULL
*****551;8/02/2002;2;LEV;NULL;NULL;NULL;NULL;12/02/2024;13.8;20/03/2024;NULL;NULL;NULL;11/12/2023;NULL;NULL
*****278;27/11/2003;2;LEV;NULL;NULL;NULL;NULL;NULL;NULL;NULL;NULL;NULL;NULL;3/11/2023;NULL;NULL
*****002;16/03/1997;2;LEV;NULL;NULL;NULL;NULL;NULL;NULL;NULL;NULL;NULL;NULL;NULL;NULL;NULL
*****457;20/04/2001;2;NULL;NULL;NULL;NULL;NULL;NULL;NULL;NULL;NULL;NULL;NULL;NULL;NULL;NULL
*****170;8/12/1996;2;NULL;NULL;NULL;NULL;NULL;NULL;NULL;NULL;NULL;NULL;NULL;NULL;NULL;NULL
*****817;25/09/1999;2;LEV;NULL;NULL;NULL;NULL;NULL;NULL;NULL;NULL;NULL;NULL;NULL;NULL;NULL
*****309;26/12/1997;1;NULL;NULL;NULL;NULL;NULL;NULL;NULL;NULL;NULL;NULL;NULL;NULL;NULL;NULL
*****311;27/07/2002;2;MOD;NULL;NULL;15/01/2024;11.6;NULL;NULL;NULL;NULL;NULL;NULL;NULL;NULL;NULL
*****588;12/11/2003;2;LEV;NULL;NULL;NULL;NULL;NULL;NULL;13/06/2024;14.7;NULL;NULL;7/02/2024;7/03/2024;1/04/2024
*****479;10/09/2000;2;MOD;NULL;NULL;NULL;NULL;NULL;NULL;NULL;NULL;NULL;NULL;NULL;NULL;NULL
*****971;6/05/1993;2;MOD;NULL;NULL;NULL;NULL;NULL;NULL;NULL;NULL;NULL;NULL;NULL;NULL;NULL
*****697;11/10/2000;2;LEV;NULL;NULL;NULL;NULL;NULL;NULL;NULL;NULL;NULL;NULL;2/08/2024;NULL;NULL
*****394;4/09/2003;2;NULL;NULL;NULL;NULL;NULL;NULL;NULL;NULL;NULL;NULL;NULL;NULL;NULL;NULL
*****636;6/07/1993;2;LEV;NULL;NULL;NULL;NULL;NULL;NULL;NULL;NULL;NULL;NULL;7/11/2023;NULL;NULL
*****778;7/03/1986;1;NULL;NULL;NULL;NULL;NULL;NULL;NULL;NULL;NULL;NULL;NULL;NULL;NULL;NULL
*****066;9/11/2007;1;NULL;NULL;NULL;NULL;NULL;NULL;NULL;NULL;NULL;NULL;NULL;NULL;NULL;NULL
*****507;4/08/1998;2;LEV;NULL;NULL;NULL;NULL;NULL;NULL;NULL;NULL;NULL;NULL;18/10/2023;NULL;NULL
*****777;28/11/2003;2;LEV;14/02/2024;12.5;NULL;NULL;22/04/2024;12.6;23/05/2024;13.3;24/06/2024;14.2;14/02/2024;NULL;NULL
*****242;26/12/1992;2;LEV;6/11/2023;NULL;NULL;NULL;11/02/2024;11.8;NULL;NULL;11/03/2024;13.3;6/11/2023;NULL;NULL
*****299;24/12/1986;2;LEV;NULL;NULL;NULL;NULL;NULL;NULL;NULL;NULL;NULL;NULL;NULL;NULL;NULL
*****338;8/04/1997;2;LEV;4/07/2024;14.5;NULL;NULL;18/09/2024;13.6;NULL;NULL;NULL;NULL;4/07/2024;4/08/2024;18/09/2024
*****979;16/05/1987;2;LEV;8/07/2024;11.3;NULL;NULL;NULL;NULL;23/10/2024;NULL;NULL;NULL;8/07/2024;8/08/2024;NULL
*****329;13/05/1991;2;MOD;NULL;NULL;NULL;NULL;NULL;NULL;NULL;NULL;NULL;NULL;NULL;NULL;NULL
*****822;8/01/1985;2;MOD;6/10/2024;10.1;5/11/2024;11.2;NULL;NULL;5/01/2025;10;5/02/2025;10;6/10/2024;5/11/2024;NULL
*****048;21/09/2001;2;MOD;21/07/2024;11.5;20/08/2024;11.5;19/09/2024;12;19/10/2024;11.3;NULL;NULL;21/07/2024;20/08/2024;19/09/2024
*****454;12/08/1985;2;LEV;NULL;NULL;20/11/2023;13;NULL;NULL;NULL;NULL;NULL;NULL;22/10/2023;NULL;NULL
*****043;12/09/2010;2;MOD;21/02/2025;10.4;NULL;NULL;NULL;NULL;NULL;NULL;NULL;NULL;21/02/2025;NULL;NULL
*****629;15/06/2003;2;MOD;5/11/2024;10;5/12/2024;10;NULL;NULL;NULL;NULL;NULL;NULL;5/11/2024;5/12/2024;NULL
*****205;9/01/1993;1;MOD;17/04/2025;9.7;NULL;NULL;NULL;NULL;NULL;NULL;NULL;NULL;17/04/2025;18/05/2025;NULL
*****732;10/07/2004;2;LEV;19/02/2024;NULL;NULL;NULL;NULL;NULL;NULL;NULL;NULL;NULL;19/02/2024;17/03/2024;21/04/2024
*****657;30/11/2000;2;LEV;15/03/2024;12.6;14/04/2024;11.7;NULL;NULL;16/06/2024;NULL;NULL;NULL;15/03/2024;14/04/2024;NULL
*****166;12/12/1996;2;LEV;8/03/2025;11.8;9/04/2025;11.8;NULL;NULL;NULL;NULL;NULL;NULL;8/03/2025;NULL;NULL
*****837;10/01/1991;2;LEV;22/01/2025;11.7;21/02/2025;13.8;NULL;NULL;NULL;NULL;NULL;NULL;22/01/2025;21/02/2025;NULL
*****336;28/12/2003;2;LEV;25/01/2024;NULL;NULL;NULL;13/05/2024;10.4;NULL;NULL;NULL;NULL;25/01/2024;NULL;NULL
*****503;20/08/2006;1;LEV;23/07/2024;NULL;22/09/2024;NULL;NULL;NULL;NULL;NULL;NULL;NULL;23/07/2024;NULL;NULL
*****368;21/05/2008;2;LEV;20/02/2024;11.7;NULL;NULL;NULL;NULL;20/05/2024;10.6;19/06/2024;10.6;20/02/2024;NULL;NULL
*****816;28/06/2005;2;MOD;13/05/2025;NULL;NULL;NULL;NULL;NULL;NULL;NULL;NULL;NULL;13/05/2025;NULL;NULL
*****190;16/09/2007;2;MOD;NULL;NULL;2/04/2025;NULL;10/05/2025;NULL;NULL;NULL;NULL;NULL;NULL;NULL;NULL
*****231;24/03/2000;2;LEV;7/12/2024;11.5;5/01/2025;10.9;NULL;NULL;NULL;NULL;NULL;NULL;7/12/2024;5/01/2025;NULL
*****064;12/09/1999;2;LEV;20/11/2023;14.5;20/12/2023;13;NULL;NULL;NULL;NULL;NULL;NULL;20/11/2023;NULL;NULL
*****222;29/10/2004;2;LEV;14/11/2023;12.2;16/01/2024;12.9;NULL;NULL;NULL;NULL;NULL;NULL;14/11/2023;15/12/2023;NULL
*****716;13/01/2003;2;LEV;NULL;NULL;14/11/2023;12.2;NULL;NULL;NULL;NULL;NULL;NULL;14/10/2023;14/11/2023;NULL
*****614;27/05/1997;1;LEV;26/10/2024;NULL;26/11/2024;NULL;26/12/2024;NULL;18/02/2025;NULL;NULL;NULL;26/10/2024;NULL;NULL
*****750;14/05/2005;2;LEV;NULL;NULL;NULL;NULL;NULL;NULL;NULL;NULL;NULL;NULL;17/10/2023;NULL;NULL
*****473;16/08/1986;2;MOD;23/12/2024;12.4;23/01/2025;NULL;23/03/2025;13.7;NULL;NULL;NULL;NULL;23/12/2024;23/01/2025;23/02/2025
*****323;1/05/2003;1;MOD;24/12/2024;NULL;10/02/2025;14;NULL;NULL;NULL;NULL;NULL;NULL;24/12/2024;NULL;NULL
*****179;26/08/2004;2;MOD;NULL;NULL;12/11/2023;NULL;12/12/2023;NULL;12/01/2024;NULL;12/02/2024;NULL;12/10/2023;12/11/2023;12/12/2023
*****960;4/10/1984;2;MOD;3/03/2025;11.6;2/04/2025;12.4;2/05/2025;11.3;NULL;NULL;NULL;NULL;3/03/2025;2/04/2025;2/05/2025
*****563;16/12/1984;1;LEV;30/11/2024;12.4;NULL;NULL;NULL;NULL;NULL;NULL;NULL;NULL;30/11/2024;30/12/2024;18/01/2025
*****134;23/10/1996;2;LEV;26/09/2024;11.8;NULL;NULL;23/01/2025;NULL;NULL;NULL;NULL;NULL;26/09/2024;NULL;NULL
*****881;26/07/2005;1;LEV;12/09/2024;12.1;NULL;NULL;NULL;NULL;NULL;NULL;NULL;NULL;12/09/2024;14/10/2024;NULL
*****857;30/05/1997;2;LEV;1/06/2024;10.8;NULL;NULL;NULL;NULL;NULL;NULL;NULL;NULL;1/06/2024;NULL;NULL
*****828;16/04/1987;2;NULL;NULL;NULL;NULL;NULL;NULL;NULL;NULL;NULL;NULL;NULL;NULL;NULL;NULL
*****087;3/02/2001;2;LEV;NULL;NULL;12/12/2024;12.9;15/01/2025;12.9;NULL;NULL;NULL;NULL;11/11/2024;12/12/2024;NULL
*****739;19/06/2009;2;MOD;11/12/2023;11.3;9/01/2024;NULL;NULL;NULL;NULL;NULL;NULL;NULL;11/12/2023;9/01/2024;8/02/2024
*****795;11/02/2000;1;LEV;NULL;NULL;NULL;NULL;NULL;NULL;NULL;NULL;NULL;NULL;NULL;NULL;NULL
*****974;9/07/2003;2;MOD;NULL;NULL;22/01/2024;NULL;NULL;NULL;NULL;NULL;NULL;NULL;21/12/2023;22/01/2024;6/02/2024
*****324;14/03/1996;2;MOD;NULL;NULL;14/03/2024;NULL;NULL;NULL;NULL;NULL;NULL;NULL;14/02/2024;14/03/2024;NULL
*****915;16/11/1982;2;LEV;NULL;NULL;NULL;NULL;NULL;NULL;NULL;NULL;NULL;NULL;9/04/2024;6/05/2024;NULL
*****082;8/10/1984;2;LEV;1/01/2025;12.7;1/02/2025;10.6;3/03/2025;10.8;3/04/2025;NULL;2/05/2025;14.1;1/01/2025;1/02/2025;3/03/2025
*****725;8/08/1994;2;LEV;NULL;NULL;NULL;NULL;NULL;NULL;NULL;NULL;NULL;NULL;NULL;NULL;NULL
*****718;22/12/1993;2;SEV;7/03/2025;8.9;NULL;NULL;NULL;NULL;NULL;NULL;NULL;NULL;7/03/2025;7/04/2025;7/05/2025
*****896;24/12/1989;2;NULL;NULL;NULL;NULL;NULL;NULL;NULL;29/04/2024;NULL;NULL;NULL;NULL;NULL;NULL
*****837;17/12/1993;2;LEV;NULL;NULL;NULL;NULL;NULL;NULL;NULL;NULL;NULL;NULL;6/11/2023;NULL;NULL
*****077;14/02/2008;2;LEV;NULL;NULL;NULL;NULL;NULL;NULL;NULL;NULL;NULL;NULL;NULL;NULL;NULL
*****206;5/07/1999;2;LEV;NULL;NULL;NULL;NULL;NULL;NULL;NULL;NULL;NULL;NULL;1/11/2023;NULL;NULL
*****395;9/01/1995;2;NULL;NULL;NULL;NULL;NULL;NULL;NULL;27/05/2024;NULL;NULL;NULL;NULL;NULL;NULL
*****240;15/05/1998;2;LEV;NULL;NULL;NULL;NULL;NULL;NULL;NULL;NULL;NULL;NULL;28/05/2024;16/06/2024;10/07/2024
*****171;25/03/1998;2;LEV;5/01/2024;14.3;5/02/2024;14.3;5/03/2024;14.3;16/04/2024;12.8;NULL;NULL;5/01/2024;5/02/2024;5/03/2024
*****825;28/04/2008;2;LEV;NULL;NULL;NULL;NULL;NULL;NULL;NULL;NULL;NULL;NULL;NULL;NULL;NULL
*****541;20/11/1988;2;LEV;12/12/2024;13;12/01/2025;10.3;NULL;NULL;12/03/2025;11.7;NULL;NULL;12/12/2024;12/01/2025;7/02/2025
*****118;21/11/1982;2;MOD;24/10/2023;11.8;23/11/2023;13.7;23/12/2023;13.8;23/01/2024;12.6;NULL;NULL;24/10/2023;23/11/2023;23/12/2023
*****465;5/07/1989;1;MOD;22/04/2024;11.9;22/05/2024;12.8;21/06/2024;13.2;23/07/2024;14;NULL;NULL;22/04/2024;22/05/2024;21/06/2024
*****860;25/01/2011;1;LEV;NULL;NULL;NULL;NULL;NULL;NULL;NULL;NULL;NULL;NULL;NULL;NULL;NULL
*****648;18/07/1997;10;MOD;NULL;NULL;NULL;NULL;NULL;NULL;NULL;NULL;NULL;NULL;25/11/2023;NULL;NULL
*****763;24/04/2005;2;MOD;NULL;NULL;NULL;NULL;NULL;NULL;NULL;NULL;NULL;NULL;7/05/2025;NULL;NULL
*****843;25/10/2002;2;LEV;4/12/2023;13.1;NULL;NULL;NULL;NULL;NULL;NULL;NULL;NULL;4/12/2023;NULL;NULL
*****614;30/09/2002;2;MOD;NULL;NULL;NULL;NULL;NULL;NULL;NULL;NULL;NULL;NULL;NULL;NULL;NULL
*****163;2/06/1989;2;MOD;NULL;NULL;NULL;NULL;NULL;NULL;NULL;NULL;NULL;NULL;29/04/2024;29/05/2024;29/06/2024
*****229;16/04/1991;1;LEV;NULL;NULL;NULL;NULL;NULL;NULL;NULL;NULL;NULL;NULL;11/03/2024;NULL;NULL
*****865;10/09/1991;2;MOD;12/02/2024;12;NULL;NULL;NULL;NULL;NULL;NULL;NULL;NULL;12/02/2024;NULL;NULL
*****171;5/10/2008;2;MOD;NULL;NULL;15/02/2025;12.3;NULL;NULL;NULL;NULL;NULL;NULL;16/12/2024;16/01/2025;NULL
*****891;2/09/2005;2;LEV;NULL;NULL;NULL;NULL;NULL;NULL;NULL;NULL;NULL;NULL;4/04/2024;4/05/2024;4/06/2024
*****655;2/10/1995;2;LEV;20/12/2024;12.2;21/01/2025;12.9;NULL;NULL;NULL;NULL;NULL;NULL;20/12/2024;21/01/2025;NULL
*****296;26/09/1996;2;LEV;NULL;NULL;NULL;NULL;NULL;NULL;NULL;NULL;NULL;NULL;7/05/2025;NULL;NULL
*****808;8/12/2000;2;LEV;23/11/2023;13;26/01/2024;14.2;20/03/2024;14;NULL;NULL;NULL;NULL;23/11/2023;NULL;NULL
*****033;9/02/2009;2;LEV;NULL;NULL;NULL;NULL;NULL;NULL;NULL;NULL;NULL;NULL;12/03/2025;NULL;NULL
*****576;7/07/1986;2;LEV;19/03/2024;12.5;NULL;NULL;NULL;NULL;28/06/2024;12;NULL;NULL;19/03/2024;19/04/2024;NULL
*****003;12/10/1987;1;LEV;NULL;NULL;NULL;NULL;NULL;NULL;NULL;NULL;NULL;NULL;NULL;NULL;NULL
*****870;19/07/2007;2;MOD;21/02/2024;12;NULL;NULL;15/05/2024;14;NULL;NULL;NULL;NULL;21/02/2024;NULL;NULL
*****078;12/03/1995;1;LEV;NULL;NULL;NULL;NULL;NULL;NULL;NULL;NULL;NULL;NULL;29/04/2024;29/05/2024;NULL
*****589;9/06/1996;2;LEV;25/03/2025;12.6;25/04/2025;12.6;26/05/2025;13;NULL;NULL;NULL;NULL;25/03/2025;25/04/2025;26/05/2025
*****293;20/08/1996;2;MOD;NULL;NULL;NULL;NULL;NULL;NULL;NULL;NULL;NULL;NULL;20/11/2023;NULL;NULL
*****010;3/03/1996;2;LEV;NULL;NULL;NULL;NULL;NULL;NULL;NULL;NULL;NULL;NULL;6/05/2025;NULL;NULL
*****982;5/02/1987;2;LEV;NULL;NULL;NULL;NULL;17/03/2025;13.8;6/05/2025;15;NULL;NULL;13/01/2025;13/02/2025;NULL
*****525;18/02/2002;2;NULL;NULL;NULL;NULL;NULL;NULL;NULL;NULL;NULL;NULL;NULL;NULL;NULL;NULL
*****818;4/10/2005;10;NULL;NULL;NULL;NULL;NULL;NULL;NULL;NULL;NULL;NULL;NULL;NULL;NULL;NULL
*****962;30/06/1999;2;LEV;NULL;NULL;NULL;NULL;NULL;NULL;NULL;NULL;NULL;NULL;31/10/2023;NULL;NULL
*****014;31/08/2000;2;MOD;NULL;NULL;21/11/2024;11.3;NULL;NULL;20/02/2025;13.2;NULL;NULL;21/10/2024;21/11/2024;19/12/2024
*****268;4/11/1988;2;LEV;27/02/2024;13;NULL;NULL;NULL;NULL;19/06/2024;16.4;NULL;NULL;27/02/2024;NULL;NULL
*****578;30/07/1991;2;LEV;13/03/2024;13;NULL;NULL;NULL;NULL;NULL;NULL;NULL;NULL;13/03/2024;NULL;NULL
*****645;6/04/1996;2;LEV;31/07/2024;13.1;10/09/2024;13.1;1/10/2024;13.1;16/12/2024;11;NULL;NULL;31/07/2024;10/09/2024;1/10/2024
*****512;30/06/1998;2;LEV;NULL;NULL;NULL;NULL;NULL;NULL;NULL;NULL;NULL;NULL;26/05/2025;NULL;NULL
******392;21/09/1990;1;LEV;NULL;NULL;NULL;NULL;NULL;NULL;NULL;NULL;NULL;NULL;15/11/2023;NULL;NULL
*****634;4/01/1988;2;NULL;NULL;NULL;NULL;NULL;NULL;NULL;NULL;NULL;NULL;NULL;NULL;NULL;NULL
*****059;8/01/1987;2;LEV;20/01/2025;12;20/02/2025;11;25/03/2025;9.4;NULL;NULL;NULL;NULL;20/01/2025;20/02/2025;25/03/2025
*****962;12/11/1997;2;NULL;NULL;NULL;NULL;NULL;NULL;NULL;NULL;NULL;NULL;NULL;NULL;NULL;NULL
*****939;8/01/1998;2;LEV;NULL;NULL;NULL;NULL;NULL;NULL;NULL;NULL;NULL;NULL;10/12/2023;NULL;NULL
*****930;9/04/2004;2;LEV;NULL;NULL;NULL;NULL;NULL;NULL;NULL;NULL;NULL;NULL;19/03/2025;19/04/2025;19/05/2025
*****055;11/08/1989;2;LEV;NULL;NULL;17/05/2024;13.3;NULL;NULL;NULL;NULL;NULL;NULL;17/02/2024;18/03/2024;17/04/2024
*****253;12/05/1993;2;NULL;NULL;NULL;NULL;NULL;NULL;NULL;NULL;NULL;NULL;NULL;NULL;NULL;NULL
*****085;7/01/2001;2;LEV;NULL;NULL;NULL;NULL;NULL;NULL;NULL;NULL;NULL;NULL;NULL;NULL;NULL
*****006;7/11/2003;2;MOD;19/03/2024;12;NULL;NULL;NULL;NULL;NULL;NULL;NULL;NULL;19/03/2024;19/04/2024;20/05/2024
*****252;8/06/2006;2;MOD;NULL;NULL;NULL;NULL;NULL;NULL;NULL;NULL;NULL;NULL;29/12/2023;NULL;NULL
*****503;20/09/1997;2;LEV;NULL;NULL;25/07/2024;14;NULL;NULL;NULL;NULL;NULL;NULL;25/05/2024;NULL;NULL
*****325;28/02/2004;2;LEV;NULL;NULL;NULL;NULL;NULL;NULL;NULL;NULL;NULL;NULL;NULL;NULL;NULL
*****667;12/04/2005;2;LEV;NULL;NULL;NULL;NULL;NULL;NULL;NULL;NULL;NULL;NULL;NULL;NULL;NULL
*****224;5/06/1996;2;MOD;NULL;NULL;NULL;NULL;NULL;NULL;NULL;NULL;NULL;NULL;15/11/2023;NULL;NULL
*****426;24/08/1996;2;LEV;NULL;NULL;3/08/2024;14;NULL;NULL;NULL;NULL;NULL;NULL;3/06/2024;3/07/2024;NULL
*****184;10/12/1995;2;NULL;NULL;NULL;NULL;NULL;NULL;NULL;NULL;NULL;NULL;NULL;NULL;NULL;NULL
*****393;18/09/1997;2;LEV;4/10/2024;13;4/11/2024;12;4/12/2024;13.1;4/02/2025;14.3;NULL;NULL;4/10/2024;4/11/2024;4/12/2024
*****092;22/12/1992;2;LEV;31/10/2023;12.3;NULL;NULL;NULL;NULL;30/01/2024;NULL;NULL;NULL;31/10/2023;30/11/2023;NULL
*****171;18/11/1986;2;LEV;NULL;NULL;15/07/2024;11.6;NULL;NULL;NULL;NULL;NULL;NULL;14/04/2024;NULL;NULL
*****593;12/03/1992;2;LEV;NULL;NULL;NULL;NULL;NULL;NULL;NULL;NULL;NULL;NULL;NULL;NULL;NULL
*****326;3/01/1991;2;LEV;NULL;NULL;12/12/2024;10.8;NULL;NULL;NULL;NULL;NULL;NULL;12/11/2024;12/12/2024;NULL
*****966;19/10/2002;2;NULL;NULL;NULL;NULL;NULL;NULL;NULL;NULL;NULL;NULL;NULL;NULL;NULL;NULL
*****085;3/08/2002;2;MOD;NULL;NULL;NULL;NULL;NULL;NULL;NULL;NULL;NULL;NULL;10/12/2023;NULL;NULL
*****584;20/12/2000;2;LEV;15/05/2025;12.6;NULL;NULL;NULL;NULL;NULL;NULL;NULL;NULL;15/05/2025;NULL;NULL
*****593;11/05/1993;1;LEV;NULL;NULL;NULL;NULL;NULL;NULL;NULL;NULL;NULL;NULL;NULL;NULL;NULL
*****995;13/11/1993;2;NULL;NULL;NULL;NULL;NULL;NULL;NULL;NULL;NULL;NULL;NULL;NULL;NULL;NULL
*****890;1/12/1990;2;MOD;17/07/2024;11.3;NULL;NULL;17/09/2024;11.3;NULL;NULL;NULL;NULL;17/07/2024;17/08/2024;17/09/2024
*****943;5/02/2000;2;MOD;NULL;NULL;NULL;NULL;NULL;NULL;NULL;NULL;NULL;NULL;NULL;NULL;NULL
*****825;3/12/1996;2;LEV;NULL;NULL;10/03/2025;11.6;NULL;NULL;NULL;NULL;NULL;NULL;9/02/2025;10/03/2025;21/04/2025
*****033;4/01/2006;2;MOD;11/04/2024;10.3;NULL;NULL;NULL;NULL;NULL;NULL;NULL;NULL;11/04/2024;14/05/2024;NULL
*****533;11/05/1987;2;LEV;NULL;NULL;2/05/2024;12.2;NULL;NULL;8/07/2024;11.2;NULL;NULL;1/03/2024;NULL;NULL
*****687;8/02/1991;2;LEV;NULL;NULL;NULL;NULL;NULL;NULL;NULL;NULL;NULL;NULL;5/12/2023;NULL;NULL
*****291;15/09/1998;2;LEV;13/11/2023;12.6;NULL;NULL;29/01/2024;14;5/03/2024;NULL;NULL;NULL;13/11/2023;NULL;NULL
*****598;14/10/2003;2;NULL;NULL;NULL;NULL;NULL;NULL;NULL;NULL;NULL;NULL;NULL;NULL;NULL;NULL
*****802;22/08/2001;2;LEV;25/01/2024;13;NULL;NULL;NULL;NULL;NULL;NULL;NULL;NULL;25/01/2024;NULL;NULL
*****214;23/09/1999;2;LEV;NULL;NULL;NULL;NULL;NULL;NULL;NULL;NULL;NULL;NULL;7/11/2023;7/12/2023;NULL
*****846;27/09/2000;2;LEV;NULL;NULL;NULL;NULL;NULL;NULL;NULL;NULL;NULL;NULL;NULL;NULL;NULL
*****172;29/11/2001;1;LEV;NULL;NULL;NULL;NULL;NULL;NULL;NULL;NULL;NULL;NULL;13/02/2024;NULL;NULL
*****824;23/09/1993;2;LEV;23/05/2024;12.9;NULL;NULL;22/08/2024;13.6;27/09/2024;15.1;NULL;NULL;23/05/2024;NULL;NULL
*****072;5/12/1997;2;NULL;NULL;NULL;NULL;NULL;NULL;NULL;NULL;NULL;NULL;NULL;NULL;NULL;NULL
*****236;8/04/2003;2;LEV;NULL;NULL;NULL;NULL;NULL;NULL;NULL;NULL;NULL;NULL;NULL;NULL;NULL
*****090;16/12/1999;2;MOD;NULL;NULL;26/03/2025;11.7;NULL;NULL;NULL;NULL;NULL;NULL;24/02/2025;26/03/2025;24/04/2025
*****661;11/08/1995;2;LEV;24/03/2025;12.6;24/04/2025;12.5;23/05/2025;12.5;NULL;NULL;NULL;NULL;24/03/2025;24/04/2025;23/05/2025
*****528;18/08/2003;2;MOD;NULL;NULL;NULL;NULL;NULL;NULL;NULL;NULL;NULL;NULL;19/12/2023;NULL;NULL
*****640;20/08/2006;2;LEV;NULL;NULL;NULL;NULL;NULL;NULL;NULL;NULL;NULL;NULL;NULL;NULL;NULL
*****794;20/05/1988;2;MOD;NULL;NULL;NULL;NULL;NULL;NULL;NULL;NULL;NULL;NULL;NULL;NULL;NULL
*****525;6/11/1986;2;LEV;NULL;NULL;NULL;NULL;NULL;NULL;NULL;NULL;NULL;NULL;25/01/2025;25/02/2025;NULL
*****188;28/06/2005;2;MOD;NULL;NULL;24/01/2025;13.2;25/03/2025;14.5;9/05/2025;15;NULL;NULL;23/12/2024;24/01/2025;NULL
*****300;25/04/1995;2;LEV;8/01/2025;13;8/02/2025;12.6;NULL;NULL;8/04/2025;11.7;NULL;NULL;8/01/2025;8/02/2025;8/03/2025
*****938;2/06/2000;2;MOD;NULL;NULL;NULL;NULL;NULL;NULL;NULL;NULL;NULL;NULL;29/11/2023;NULL;NULL
*****793;20/09/1995;2;MOD;NULL;NULL;NULL;NULL;NULL;NULL;NULL;NULL;NULL;NULL;18/02/2025;18/03/2025;NULL
*****530;13/11/1983;10;LEV;NULL;NULL;NULL;NULL;NULL;NULL;NULL;NULL;NULL;NULL;15/07/2024;NULL;NULL
*****839;27/03/1988;2;MOD;NULL;NULL;19/08/2024;11;19/09/2024;12.3;18/10/2024;13.2;19/11/2024;13.6;19/07/2024;19/08/2024;19/09/2024
*****867;4/10/1990;2;LEV;NULL;NULL;NULL;NULL;NULL;NULL;NULL;NULL;NULL;NULL;17/08/2024;16/09/2024;NULL
*****184;8/12/1994;10;LEV;NULL;NULL;NULL;NULL;NULL;NULL;NULL;NULL;NULL;NULL;17/09/2024;NULL;NULL
*****500;8/08/1999;2;LEV;NULL;NULL;NULL;NULL;NULL;NULL;NULL;NULL;NULL;NULL;7/10/2024;NULL;NULL
*****058;23/11/2001;2;MOD;NULL;NULL;NULL;NULL;NULL;NULL;NULL;NULL;NULL;NULL;11/12/2023;NULL;NULL
*****178;28/06/1984;2;LEV;1/03/2024;12.4;NULL;NULL;NULL;NULL;NULL;NULL;NULL;NULL;1/03/2024;15/03/2024;NULL
*****276;21/09/1989;1;LEV;NULL;NULL;NULL;NULL;NULL;NULL;NULL;NULL;NULL;NULL;13/09/2024;NULL;NULL
*****667;3/07/2003;2;MOD;5/09/2024;10.4;5/10/2024;11.4;18/11/2024;10.2;2/01/2025;14.2;NULL;NULL;5/09/2024;5/10/2024;NULL
*****459;7/04/1996;2;LEV;NULL;NULL;10/02/2025;12.1;27/03/2025;14.4;20/05/2025;14.5;NULL;NULL;11/01/2025;10/02/2025;NULL
*****465;26/04/2007;2;LEV;22/03/2024;10.8;22/04/2024;NULL;22/05/2024;NULL;NULL;NULL;NULL;NULL;22/03/2024;22/04/2024;NULL
*****377;24/06/2008;2;MOD;NULL;NULL;NULL;NULL;NULL;NULL;NULL;NULL;NULL;NULL;5/06/2024;19/06/2024;NULL
*****028;13/01/1998;2;LEV;22/05/2025;12.4;NULL;NULL;NULL;NULL;NULL;NULL;NULL;NULL;22/05/2025;NULL;NULL
*****124;21/04/1986;2;LEV;NULL;NULL;NULL;NULL;NULL;NULL;NULL;NULL;NULL;NULL;24/12/2024;31/12/2024;NULL
*****771;23/11/1986;2;MOD;NULL;NULL;21/03/2024;12.3;20/04/2024;12.9;NULL;NULL;NULL;NULL;NULL;NULL;NULL
*****010;1/02/1996;2;LEV;16/07/2024;12.9;NULL;NULL;16/09/2024;13.3;NULL;NULL;NULL;NULL;16/07/2024;NULL;NULL
*****756;15/08/2005;1;MOD;NULL;NULL;NULL;NULL;NULL;NULL;NULL;NULL;NULL;NULL;NULL;NULL;NULL
*****454;12/11/1985;2;LEV;NULL;NULL;NULL;NULL;NULL;NULL;NULL;NULL;NULL;NULL;28/12/2023;NULL;NULL
*****859;23/10/2000;2;LEV;NULL;NULL;NULL;NULL;7/02/2024;12.7;22/03/2024;13.1;NULL;NULL;6/12/2023;NULL;NULL
*****023;25/06/1998;2;MOD;NULL;NULL;NULL;NULL;19/02/2024;NULL;6/04/2024;14.8;NULL;NULL;4/12/2023;19/02/2024;NULL
*****159;16/03/2009;2;LEV;NULL;NULL;NULL;NULL;5/03/2025;11.4;29/04/2025;14.2;NULL;NULL;2/01/2025;1/02/2025;5/03/2025
*****472;17/03/1986;2;LEV;19/04/2024;12.4;20/05/2024;15.1;NULL;NULL;NULL;NULL;NULL;NULL;19/04/2024;NULL;NULL
*****005;24/05/1993;2;LEV;5/11/2024;11.8;5/12/2024;13.6;1/03/2025;13.1;22/02/2025;12.7;NULL;NULL;5/11/2024;5/12/2024;NULL
*****656;27/08/1994;2;LEV;1/10/2024;12.9;1/11/2024;13.1;1/01/2025;12.4;31/01/2025;12.5;NULL;NULL;1/10/2024;1/11/2024;NULL
*****901;27/10/2002;2;LEV;NULL;NULL;NULL;NULL;NULL;NULL;10/04/2025;14.7;NULL;NULL;28/11/2024;28/12/2024;NULL
*****774;22/10/1997;10;MOD;NULL;NULL;7/06/2024;13.4;22/07/2024;13.4;26/08/2024;14.1;NULL;NULL;8/05/2024;7/06/2024;NULL
*****485;10/02/2004;2;LEV;8/04/2025;12.1;8/05/2025;12.4;NULL;NULL;NULL;NULL;NULL;NULL;8/04/2025;8/05/2025;NULL
*****362;24/10/1990;1;LEV;NULL;NULL;22/02/2025;13;NULL;NULL;NULL;NULL;NULL;NULL;21/01/2025;4/02/2025;NULL
*****381;1/11/2000;2;LEV;23/12/2023;12.7;22/02/2024;13.6;NULL;NULL;30/04/2024;14.7;NULL;NULL;23/12/2023;23/01/2024;22/02/2024
*****385;20/12/2004;2;MOD;NULL;NULL;NULL;NULL;NULL;NULL;NULL;NULL;NULL;NULL;NULL;NULL;NULL
*****720;30/03/2006;2;MOD;20/11/2023;11.5;NULL;NULL;NULL;NULL;29/02/2024;14.3;NULL;NULL;20/11/2023;NULL;NULL
*****043;25/03/2001;2;LEV;NULL;NULL;NULL;NULL;NULL;NULL;NULL;NULL;NULL;NULL;5/02/2025;5/03/2025;NULL
*****715;10/03/1998;2;LEV;NULL;NULL;NULL;NULL;20/05/2024;13.4;25/07/2024;14.1;NULL;NULL;19/03/2024;NULL;NULL
*****029;18/02/2005;2;MOD;1/12/2023;10.9;1/01/2024;NULL;NULL;NULL;NULL;NULL;NULL;NULL;1/12/2023;1/01/2024;NULL
*****145;8/12/2008;2;LEV;14/08/2024;11.9;14/09/2024;11.7;15/10/2024;10.9;3/12/2024;10.8;19/12/2024;10.8;14/08/2024;14/09/2024;15/10/2024
*****148;12/09/1999;1;LEV;10/02/2024;12.5;11/03/2024;13.1;11/05/2024;13.1;NULL;NULL;NULL;NULL;10/02/2024;11/03/2024;11/06/2024
*****987;24/06/2006;2;LEV;NULL;NULL;4/10/2024;14.2;NULL;NULL;NULL;NULL;NULL;NULL;4/09/2024;NULL;NULL
*****157;24/12/1995;10;LEV;15/11/2023;NULL;NULL;NULL;NULL;NULL;NULL;NULL;NULL;NULL;15/11/2023;NULL;NULL
*****083;11/08/2002;2;MOD;1/07/2024;11.7;NULL;NULL;NULL;NULL;NULL;NULL;NULL;NULL;1/07/2024;30/07/2024;NULL
*****072;17/09/1998;2;LEV;NULL;NULL;NULL;NULL;NULL;NULL;15/03/2025;14.5;NULL;NULL;23/11/2024;NULL;NULL
*****386;18/09/1986;1;LEV;13/03/2024;12;15/04/2024;14.3;NULL;NULL;NULL;NULL;NULL;NULL;13/03/2024;15/04/2024;NULL
*****654;25/06/1992;2;LEV;NULL;NULL;NULL;NULL;NULL;NULL;NULL;NULL;NULL;NULL;3/01/2024;NULL;NULL
*****023;13/11/1994;1;MOD;26/01/2024;12.2;26/02/2024;12.7;27/03/2024;12.2;26/04/2024;12.7;1/07/2024;12.4;26/01/2024;26/02/2024;27/03/2024
*****826;30/10/1997;2;LEV;2/04/2025;12.9;2/05/2025;NULL;NULL;NULL;NULL;NULL;NULL;NULL;2/04/2025;2/05/2025;NULL
*****308;8/08/2000;1;LEV;NULL;NULL;NULL;NULL;NULL;NULL;NULL;NULL;NULL;NULL;17/01/2025;NULL;NULL
*****038;20/07/2000;2;LEV;NULL;NULL;NULL;NULL;NULL;NULL;NULL;NULL;NULL;NULL;10/02/2025;14/03/2025;14/04/2025
*****044;23/04/2005;2;MOD;NULL;NULL;NULL;NULL;NULL;NULL;NULL;NULL;NULL;NULL;NULL;NULL;NULL
*****733;21/10/1998;2;MOD;NULL;NULL;NULL;NULL;NULL;NULL;NULL;NULL;NULL;NULL;18/12/2023;17/01/2024;NULL
*****968;29/07/1997;2;LEV;NULL;NULL;NULL;NULL;NULL;NULL;NULL;NULL;NULL;NULL;12/04/2024;13/05/2024;12/06/2024
*****324;14/05/2000;2;MOD;NULL;NULL;NULL;NULL;NULL;NULL;1/04/2024;NULL;NULL;NULL;21/12/2023;19/01/2024;NULL
*****992;5/09/1980;2;LEV;24/01/2024;12.2;4/03/2024;12.3;NULL;NULL;26/04/2024;12.1;NULL;NULL;24/01/2024;4/03/2024;NULL
*****882;13/01/1993;2;LEV;15/02/2024;12.3;NULL;NULL;NULL;NULL;23/05/2024;11.7;NULL;NULL;15/02/2024;NULL;NULL
*****114;24/08/2000;2;MOD;NULL;NULL;NULL;NULL;NULL;NULL;NULL;NULL;NULL;NULL;11/12/2023;10/01/2024;NULL
*****837;31/08/1999;2;MOD;18/10/2024;11.9;20/11/2024;12.5;NULL;NULL;NULL;NULL;NULL;NULL;18/10/2024;20/11/2024;NULL
*****248;1/03/1991;2;LEV;NULL;NULL;10/01/2024;13.6;NULL;NULL;NULL;NULL;NULL;NULL;11/12/2023;10/01/2024;NULL
*****040;8/02/1994;2;MOD;NULL;NULL;NULL;NULL;NULL;NULL;NULL;NULL;NULL;NULL;29/03/2024;NULL;NULL
*****859;19/11/2006;2;MOD;30/01/2024;14.9;NULL;NULL;26/03/2024;13;7/06/2024;14.4;NULL;NULL;26/01/2024;NULL;NULL
*****666;25/01/2001;10;LEV;12/08/2024;12.2;11/09/2024;12.2;14/10/2024;12.2;18/11/2024;12.7;18/12/2024;12.2;12/08/2024;11/09/2024;14/10/2024
*****094;30/04/1980;2;LEV;NULL;NULL;NULL;NULL;NULL;NULL;25/10/2024;14.5;NULL;NULL;3/07/2024;2/08/2024;NULL
*****839;26/02/1993;2;LEV;NULL;NULL;NULL;NULL;NULL;NULL;23/09/2024;14.5;NULL;NULL;22/05/2024;20/06/2024;1/08/2024
*****327;21/05/1985;2;LEV;NULL;NULL;NULL;NULL;NULL;NULL;21/03/2024;12.1;NULL;NULL;27/11/2023;27/12/2023;NULL
*****914;14/04/1988;2;MOD;NULL;NULL;30/04/2024;11.1;30/05/2024;11.1;NULL;NULL;29/07/2024;12.7;30/03/2024;30/04/2024;30/05/2024
*****050;27/11/1991;2;LEV;NULL;NULL;NULL;NULL;NULL;NULL;NULL;NULL;NULL;NULL;15/04/2024;15/05/2024;14/06/2024
*****719;16/04/1998;10;LEV;NULL;NULL;NULL;NULL;NULL;NULL;NULL;NULL;NULL;NULL;7/06/2024;8/07/2024;7/08/2024
*****499;19/01/1995;2;LEV;NULL;NULL;NULL;NULL;NULL;NULL;NULL;NULL;NULL;NULL;18/12/2023;17/01/2024;NULL
*****240;29/06/1994;2;MOD;NULL;NULL;NULL;NULL;NULL;NULL;NULL;NULL;NULL;NULL;3/04/2025;NULL;NULL
*****171;21/11/1993;2;LEV;NULL;NULL;NULL;NULL;NULL;NULL;31/01/2024;14.4;NULL;NULL;15/10/2023;14/11/2023;NULL
*****104;6/04/1999;2;MOD;NULL;NULL;NULL;NULL;25/03/2025;NULL;NULL;NULL;NULL;NULL;2/12/2024;12/02/2025;NULL
*****921;20/10/2002;2;LEV;NULL;NULL;NULL;NULL;NULL;NULL;NULL;NULL;NULL;NULL;4/12/2023;4/01/2024;NULL
*****265;4/01/2003;2;LEV;NULL;NULL;NULL;NULL;NULL;NULL;NULL;NULL;NULL;NULL;13/11/2023;14/12/2023;NULL
*****841;3/06/1989;2;LEV;NULL;NULL;NULL;NULL;NULL;NULL;25/03/2025;14.8;NULL;NULL;4/12/2024;3/01/2025;NULL
*****034;5/06/1995;2;LEV;27/12/2023;12.8;NULL;NULL;NULL;NULL;27/03/2024;14.4;NULL;NULL;27/12/2023;NULL;NULL
*****899;18/05/1986;2;LEV;NULL;NULL;NULL;NULL;NULL;NULL;NULL;NULL;NULL;NULL;NULL;NULL;NULL
*****690;6/10/2005;2;MOD;NULL;NULL;NULL;NULL;NULL;NULL;NULL;NULL;NULL;NULL;15/01/2024;NULL;NULL
*****472;23/04/1990;10;LEV;NULL;NULL;28/11/2024;14.1;NULL;NULL;8/01/2025;16.1;NULL;NULL;11/09/2024;NULL;NULL
*****659;20/10/1989;2;LEV;NULL;NULL;NULL;NULL;NULL;NULL;23/09/2024;NULL;NULL;NULL;29/05/2024;27/06/2024;7/08/2024
*****508;24/02/2001;2;LEV;NULL;NULL;NULL;NULL;NULL;NULL;NULL;NULL;NULL;NULL;31/07/2024;30/08/2024;NULL
*****739;3/09/1999;2;MOD;NULL;NULL;NULL;NULL;NULL;NULL;NULL;NULL;NULL;NULL;NULL;NULL;NULL
*****685;12/01/1993;2;MOD;NULL;NULL;NULL;NULL;NULL;NULL;NULL;NULL;NULL;NULL;6/12/2023;5/01/2024;5/02/2024
*****506;7/12/1995;2;LEV;NULL;NULL;NULL;NULL;NULL;NULL;NULL;NULL;NULL;NULL;1/12/2023;29/12/2023;NULL
*****568;8/01/1985;2;LEV;NULL;NULL;NULL;NULL;NULL;NULL;NULL;NULL;NULL;NULL;12/12/2023;NULL;NULL
*****368;24/12/2001;1;LEV;NULL;NULL;NULL;NULL;NULL;NULL;NULL;NULL;NULL;NULL;20/05/2024;NULL;NULL
*****717;14/12/1995;2;LEV;NULL;NULL;NULL;NULL;NULL;NULL;NULL;NULL;NULL;NULL;9/11/2023;NULL;NULL
*****838;9/06/1987;2;LEV;NULL;NULL;NULL;NULL;NULL;NULL;NULL;NULL;NULL;NULL;NULL;NULL;NULL
*****858;8/07/1997;2;LEV;NULL;NULL;NULL;NULL;NULL;NULL;NULL;NULL;NULL;NULL;15/12/2023;NULL;NULL
*****092;26/08/1990;2;LEV;NULL;NULL;NULL;NULL;NULL;NULL;NULL;NULL;NULL;NULL;13/12/2023;NULL;NULL
*****256;17/09/1994;2;LEV;NULL;NULL;NULL;NULL;NULL;NULL;17/02/2024;12.1;NULL;NULL;20/10/2023;20/11/2023;20/12/2023
*****329;6/07/1995;1;LEV;NULL;NULL;NULL;NULL;NULL;NULL;NULL;NULL;NULL;NULL;26/11/2024;NULL;NULL
*****167;24/01/1996;2;LEV;NULL;NULL;NULL;NULL;NULL;NULL;NULL;NULL;NULL;NULL;19/03/2025;18/04/2025;NULL
*****727;11/03/1993;2;LEV;NULL;NULL;NULL;NULL;NULL;NULL;NULL;NULL;NULL;NULL;15/12/2023;NULL;NULL
*****236;4/02/1988;1;NULL;NULL;NULL;NULL;NULL;NULL;NULL;31/03/2025;NULL;NULL;NULL;NULL;NULL;NULL
*****629;29/08/1987;2;NULL;NULL;NULL;NULL;NULL;NULL;NULL;NULL;NULL;NULL;NULL;NULL;NULL;NULL
*****317;19/12/1990;10;NULL;NULL;NULL;NULL;NULL;NULL;NULL;NULL;NULL;NULL;NULL;NULL;NULL;NULL
*****957;6/10/2000;2;NULL;NULL;NULL;NULL;NULL;NULL;NULL;NULL;NULL;NULL;NULL;NULL;NULL;NULL
*****294;15/08/1985;2;NULL;NULL;NULL;NULL;NULL;NULL;NULL;NULL;NULL;NULL;NULL;NULL;NULL;NULL
*****190;18/12/1999;2;NULL;NULL;NULL;NULL;NULL;NULL;NULL;NULL;NULL;NULL;NULL;NULL;NULL;NULL
*****816;24/03/1995;1;LEV;NULL;NULL;NULL;NULL;NULL;NULL;NULL;NULL;NULL;NULL;26/11/2024;31/12/2024;NULL
*****553;5/11/1989;1;NULL;NULL;NULL;NULL;NULL;NULL;NULL;23/11/2024;NULL;NULL;NULL;NULL;NULL;NULL
*****957;5/07/2005;2;NULL;NULL;NULL;NULL;NULL;NULL;NULL;NULL;NULL;NULL;NULL;NULL;NULL;NULL
*****439;6/06/2005;10;NULL;NULL;NULL;23/04/2025;NULL;NULL;NULL;NULL;NULL;NULL;NULL;NULL;NULL;NULL
*****377;18/01/1991;2;NULL;NULL;NULL;NULL;NULL;NULL;NULL;NULL;NULL;NULL;NULL;NULL;NULL;NULL
*****678;18/02/1992;2;LEV;19/05/2025;11.7;NULL;NULL;NULL;NULL;NULL;NULL;NULL;NULL;19/05/2025;NULL;NULL
*****156;3/06/2005;2;LEV;NULL;NULL;NULL;NULL;NULL;NULL;NULL;NULL;23/12/2024;13.6;7/08/2024;NULL;NULL
*****112;20/10/1988;2;LEV;NULL;NULL;NULL;NULL;NULL;NULL;NULL;NULL;NULL;NULL;9/10/2023;NULL;NULL
*****161;17/06/1984;2;LEV;NULL;NULL;NULL;NULL;NULL;NULL;6/09/2024;13.3;NULL;NULL;20/05/2024;NULL;NULL
*****433;6/09/1983;2;MOD;NULL;NULL;NULL;NULL;NULL;NULL;20/12/2024;15;NULL;NULL;17/08/2024;17/09/2024;17/10/2024
*****505;14/12/1989;2;MOD;NULL;NULL;NULL;NULL;NULL;NULL;NULL;NULL;NULL;NULL;NULL;NULL;NULL
*****985;16/01/1993;10;LEV;NULL;NULL;NULL;NULL;NULL;NULL;NULL;NULL;NULL;NULL;NULL;NULL;NULL
*****711;9/11/1989;1;LEV;NULL;NULL;29/01/2025;NULL;NULL;NULL;NULL;NULL;NULL;NULL;NULL;NULL;NULL
*****125;15/09/2003;2;LEV;NULL;NULL;NULL;NULL;NULL;NULL;25/07/2024;12;NULL;NULL;1/04/2024;NULL;NULL
*****842;8/06/2006;2;LEV;NULL;NULL;NULL;NULL;NULL;NULL;NULL;NULL;NULL;NULL;20/05/2024;20/06/2024;22/07/2024
*****512;3/04/2006;2;NULL;NULL;NULL;NULL;NULL;NULL;NULL;NULL;NULL;NULL;NULL;NULL;NULL;NULL
*****384;21/04/2002;2;MOD;NULL;NULL;15/02/2025;12.3;NULL;NULL;NULL;NULL;NULL;NULL;16/01/2025;15/02/2025;NULL
*****252;29/03/2003;1;LEV;NULL;NULL;NULL;NULL;17/09/2024;11.7;NULL;NULL;NULL;NULL;19/06/2024;19/07/2024;19/08/2024
*****453;31/07/1995;2;LEV;NULL;NULL;8/04/2025;12.2;10/05/2025;11.6;NULL;NULL;NULL;NULL;8/03/2025;8/04/2025;10/05/2025
*****766;16/09/1980;2;LEV;12/06/2024;12.3;12/07/2024;12.1;NULL;NULL;NULL;NULL;NULL;NULL;12/06/2024;12/07/2024;NULL
*****035;18/03/1986;2;LEV;NULL;NULL;NULL;NULL;NULL;NULL;NULL;NULL;NULL;NULL;3/05/2024;NULL;NULL
*****248;20/02/1994;2;LEV;NULL;NULL;1/03/2025;14.3;NULL;NULL;NULL;NULL;NULL;NULL;30/01/2025;1/03/2025;NULL
*****792;2/02/1990;2;LEV;NULL;NULL;NULL;NULL;NULL;NULL;NULL;NULL;NULL;NULL;15/04/2025;15/05/2025;NULL
*****605;5/01/2005;2;LEV;NULL;NULL;NULL;NULL;NULL;NULL;NULL;NULL;NULL;NULL;14/11/2023;NULL;NULL
*****936;15/05/1985;2;LEV;NULL;NULL;NULL;NULL;NULL;NULL;NULL;NULL;NULL;NULL;24/08/2024;NULL;NULL
*****361;11/06/1988;2;LEV;NULL;NULL;NULL;NULL;NULL;NULL;NULL;NULL;NULL;NULL;5/03/2024;NULL;NULL
*****012;30/11/2001;2;MOD;NULL;NULL;NULL;NULL;5/02/2024;12;NULL;NULL;NULL;NULL;5/12/2023;NULL;NULL
*****845;23/06/2000;2;LEV;NULL;NULL;NULL;NULL;NULL;NULL;NULL;NULL;NULL;NULL;13/01/2025;12/02/2025;14/03/2025
*****651;18/06/2004;2;LEV;NULL;NULL;NULL;NULL;NULL;NULL;15/03/2024;NULL;NULL;NULL;NULL;NULL;NULL
*****503;16/05/1997;2;LEV;NULL;NULL;NULL;NULL;NULL;NULL;20/05/2024;14.7;NULL;NULL;19/02/2024;NULL;NULL
*****907;26/03/1997;2;LEV;NULL;NULL;9/10/2024;12.7;NULL;NULL;NULL;NULL;NULL;NULL;10/09/2024;NULL;NULL
*****803;23/06/1996;2;LEV;NULL;NULL;NULL;NULL;NULL;NULL;NULL;NULL;NULL;NULL;NULL;NULL;NULL
*****359;22/11/2001;2;MOD;22/01/2025;12;21/02/2025;12;NULL;NULL;NULL;NULL;NULL;NULL;22/01/2025;21/02/2025;NULL
*****343;3/10/1995;2;LEV;31/10/2024;12.7;30/11/2024;12.7;30/12/2024;12.8;29/01/2025;10.8;NULL;NULL;31/10/2024;30/11/2024;30/12/2024
*****689;1/05/2003;2;LEV;NULL;NULL;NULL;NULL;NULL;NULL;NULL;NULL;NULL;NULL;31/08/2024;NULL;NULL
*****278;13/01/1986;2;LEV;NULL;NULL;NULL;NULL;NULL;NULL;NULL;NULL;NULL;NULL;25/03/2024;NULL;NULL
*****323;10/05/1995;2;LEV;13/07/2024;13;12/08/2024;13.5;NULL;NULL;NULL;NULL;NULL;NULL;13/07/2024;NULL;NULL
*****729;26/12/1997;2;LEV;NULL;NULL;NULL;NULL;NULL;NULL;NULL;NULL;NULL;NULL;8/02/2025;10/03/2025;NULL
*****855;25/09/2004;2;LEV;NULL;NULL;NULL;NULL;NULL;NULL;NULL;NULL;NULL;NULL;25/05/2024;NULL;NULL
*****261;15/06/2000;2;LEV;NULL;NULL;NULL;NULL;NULL;NULL;NULL;NULL;NULL;NULL;26/08/2024;30/09/2024;30/10/2024
*****303;7/08/1997;2;LEV;NULL;NULL;NULL;NULL;NULL;NULL;NULL;NULL;NULL;NULL;7/03/2025;7/04/2025;7/05/2025
*****647;6/11/2001;2;MOD;NULL;NULL;10/02/2024;14.2;NULL;NULL;NULL;NULL;NULL;NULL;13/10/2023;NULL;NULL
*****685;1/03/2006;2;MOD;3/05/2024;11.7;NULL;NULL;NULL;NULL;NULL;NULL;NULL;NULL;3/05/2024;NULL;NULL
*****807;8/10/1994;2;LEV;NULL;NULL;NULL;NULL;NULL;NULL;17/05/2025;14.4;NULL;NULL;6/01/2025;6/02/2025;7/03/2025
*****327;27/08/1986;2;MOD;NULL;NULL;NULL;NULL;NULL;NULL;28/02/2024;15.4;NULL;NULL;4/11/2023;NULL;NULL
*****500;16/05/1993;2;MOD;NULL;NULL;NULL;NULL;NULL;NULL;NULL;NULL;NULL;NULL;4/11/2023;NULL;NULL
*****511;8/11/1993;2;LEV;NULL;NULL;26/09/2024;13.4;NULL;NULL;17/12/2024;14.1;NULL;NULL;27/08/2024;26/09/2024;NULL
*****653;12/05/2007;1;LEV;NULL;NULL;NULL;NULL;26/12/2024;12.8;NULL;NULL;NULL;NULL;25/10/2024;25/11/2024;NULL
*****850;26/01/1998;2;LEV;14/11/2024;12.7;13/01/2025;12.6;NULL;NULL;NULL;NULL;NULL;NULL;14/11/2024;NULL;NULL
*****974;22/01/1998;2;LEV;NULL;NULL;NULL;NULL;NULL;NULL;NULL;NULL;NULL;NULL;28/06/2024;27/07/2024;NULL
*****424;24/02/1998;2;LEV;NULL;NULL;NULL;NULL;NULL;NULL;NULL;NULL;NULL;NULL;10/01/2025;10/02/2025;12/03/2025
*****874;8/06/2004;2;MOD;NULL;NULL;NULL;NULL;NULL;NULL;NULL;NULL;NULL;NULL;16/10/2023;NULL;NULL
*****140;24/09/1996;2;LEV;NULL;NULL;NULL;NULL;NULL;NULL;NULL;NULL;NULL;NULL;2/12/2023;NULL;NULL
*****635;17/02/2002;1;NULL;NULL;NULL;NULL;NULL;NULL;NULL;NULL;NULL;NULL;NULL;NULL;NULL;NULL
*****084;26/06/1993;1;LEV;15/01/2024;12.9;NULL;NULL;NULL;NULL;NULL;NULL;NULL;NULL;15/01/2024;15/02/2024;15/03/2024
*****251;6/10/1996;2;NULL;NULL;NULL;NULL;NULL;NULL;NULL;NULL;NULL;NULL;NULL;NULL;NULL;NULL
*****382;11/03/2005;2;LEV;4/07/2024;12.3;3/08/2024;12.3;9/09/2024;12.2;NULL;NULL;NULL;NULL;4/07/2024;3/08/2024;NULL
*****547;21/05/1989;1;LEV;NULL;NULL;NULL;NULL;NULL;NULL;NULL;NULL;NULL;NULL;NULL;NULL;NULL
*****930;15/02/1993;2;LEV;NULL;NULL;19/02/2025;13.4;NULL;NULL;NULL;NULL;NULL;NULL;20/01/2025;19/02/2025;NULL
*****077;16/10/1991;2;NULL;NULL;NULL;6/01/2024;13.3;NULL;NULL;NULL;NULL;NULL;NULL;NULL;NULL;NULL
*****661;28/09/1998;2;LEV;NULL;NULL;NULL;NULL;NULL;NULL;3/05/2024;10.8;NULL;NULL;13/01/2024;NULL;NULL
*****112;8/07/2004;1;MOD;NULL;NULL;NULL;NULL;NULL;NULL;4/10/2024;NULL;NULL;NULL;28/06/2024;NULL;NULL
*****249;13/06/1993;2;LEV;6/12/2024;NULL;4/01/2025;10.6;NULL;NULL;NULL;NULL;NULL;NULL;6/12/2024;4/01/2025;3/02/2025
*****377;20/10/1997;2;MOD;NULL;NULL;NULL;NULL;NULL;NULL;NULL;NULL;NULL;NULL;8/08/2024;7/09/2024;7/10/2024
*****688;3/11/2000;2;LEV;NULL;NULL;NULL;NULL;27/12/2023;14.7;NULL;NULL;NULL;NULL;18/10/2023;NULL;NULL
*****801;30/01/1991;2;LEV;NULL;NULL;NULL;NULL;NULL;NULL;NULL;NULL;NULL;NULL;31/12/2024;29/01/2025;28/02/2025
*****564;13/12/1998;2;LEV;NULL;NULL;NULL;NULL;NULL;NULL;NULL;NULL;NULL;NULL;23/12/2024;NULL;NULL
*****451;9/02/1987;2;LEV;26/10/2023;10.7;25/11/2023;13.3;25/01/2024;11.9;24/02/2024;11.9;NULL;NULL;26/10/2023;25/11/2023;24/02/2024
*****098;26/11/1984;2;LEV;NULL;NULL;NULL;NULL;17/09/2024;14.7;NULL;NULL;NULL;NULL;3/07/2024;NULL;NULL
*****209;2/06/1993;2;LEV;NULL;NULL;NULL;NULL;NULL;NULL;28/05/2024;13.8;NULL;NULL;24/02/2024;NULL;NULL
*****192;8/08/1988;2;LEV;NULL;NULL;NULL;NULL;NULL;NULL;24/02/2025;NULL;NULL;NULL;16/10/2024;21/11/2024;20/12/2024
*****835;5/08/1992;2;MOD;NULL;NULL;NULL;NULL;NULL;NULL;NULL;NULL;NULL;NULL;6/12/2024;4/01/2025;NULL
*****173;14/01/1993;2;LEV;NULL;NULL;NULL;NULL;NULL;NULL;NULL;NULL;NULL;NULL;14/04/2025;14/05/2025;NULL
*****118;16/12/1992;2;NULL;NULL;NULL;NULL;NULL;NULL;NULL;NULL;NULL;NULL;NULL;NULL;NULL;NULL
*****536;13/11/2001;2;LEV;16/11/2023;12.3;NULL;NULL;NULL;NULL;NULL;NULL;NULL;NULL;16/11/2023;NULL;NULL
*****620;20/07/1995;2;LEV;NULL;NULL;NULL;NULL;NULL;NULL;NULL;NULL;NULL;NULL;25/11/2024;24/12/2024;NULL
*****420;5/02/1996;2;MOD;NULL;NULL;NULL;NULL;3/09/2024;13.5;NULL;NULL;NULL;NULL;4/07/2024;3/08/2024;3/09/2024
*****191;24/05/2006;2;LEV;NULL;NULL;NULL;NULL;NULL;NULL;NULL;NULL;NULL;NULL;NULL;NULL;NULL
*****778;29/01/1988;1;MOD;NULL;NULL;NULL;NULL;NULL;NULL;NULL;NULL;NULL;NULL;27/08/2024;NULL;NULL
*****962;15/06/1990;1;NULL;NULL;NULL;23/12/2024;NULL;NULL;NULL;NULL;NULL;NULL;NULL;NULL;NULL;NULL
*****739;15/07/2007;2;NULL;NULL;NULL;NULL;NULL;NULL;NULL;NULL;NULL;NULL;NULL;NULL;NULL;NULL
*****715;8/02/2005;2;LEV;NULL;NULL;28/05/2025;11.5;NULL;NULL;NULL;NULL;NULL;NULL;28/04/2025;28/05/2025;NULL
*****427;29/01/1990;2;LEV;NULL;NULL;NULL;NULL;NULL;NULL;NULL;NULL;NULL;NULL;12/10/2023;NULL;NULL
*****054;15/10/1995;2;MOD;NULL;NULL;NULL;NULL;NULL;NULL;NULL;NULL;NULL;NULL;11/01/2025;10/02/2025;NULL
*****430;29/03/1997;2;LEV;12/10/2023;10;11/11/2023;12.1;12/12/2023;12.4;2/02/2024;NULL;NULL;NULL;12/10/2023;11/11/2023;12/12/2023
*****445;24/05/2004;2;LEV;23/10/2023;9;8/12/2023;NULL;NULL;NULL;NULL;NULL;NULL;NULL;23/10/2023;NULL;NULL
*****827;15/11/1996;1;LEV;NULL;NULL;NULL;NULL;NULL;NULL;20/05/2025;13.9;NULL;NULL;17/02/2025;17/03/2025;21/04/2025
******221;17/05/1991;2;LEV;4/11/2024;12.5;NULL;NULL;NULL;NULL;NULL;NULL;NULL;NULL;4/11/2024;NULL;NULL
*****432;29/11/2005;2;MOD;19/02/2025;9.6;22/03/2025;10.6;21/04/2025;9.2;NULL;NULL;NULL;NULL;19/02/2025;22/03/2025;21/04/2025
*****556;24/06/2008;2;LEV;11/05/2024;12.1;NULL;NULL;NULL;NULL;NULL;NULL;NULL;NULL;11/05/2024;NULL;NULL
*****946;4/10/1997;1;LEV;6/08/2024;12.2;6/09/2024;12.4;7/10/2024;12.5;7/11/2024;NULL;7/12/2024;13.1;6/08/2024;6/09/2024;7/10/2024
*****219;2/07/1984;1;LEV;NULL;NULL;NULL;NULL;NULL;NULL;NULL;NULL;NULL;NULL;14/09/2024;14/10/2024;NULL
*****517;14/05/1990;2;MOD;NULL;NULL;NULL;NULL;NULL;NULL;NULL;NULL;NULL;NULL;4/04/2024;4/05/2024;NULL
*****276;6/04/1990;2;MOD;10/02/2025;14.5;12/05/2025;14.5;NULL;NULL;NULL;NULL;NULL;NULL;10/02/2025;12/03/2025;NULL
*****956;17/06/2006;2;LEV;12/03/2025;12.6;12/04/2025;12.3;12/05/2025;12.4;NULL;NULL;NULL;NULL;12/03/2025;12/04/2025;12/05/2025
*****073;28/04/2005;1;LEV;3/06/2024;13;3/07/2024;NULL;3/08/2024;13.2;3/09/2024;NULL;3/10/2024;14.9;3/06/2024;3/07/2024;NULL
*****339;2/06/1987;2;LEV;6/12/2024;12.3;6/01/2025;13.3;NULL;NULL;NULL;NULL;NULL;NULL;6/12/2024;6/01/2025;NULL
*****644;23/12/1985;1;MOD;15/03/2024;9.3;17/04/2024;10.3;20/05/2024;7.3;NULL;NULL;31/07/2024;7.1;15/03/2024;NULL;NULL
*****420;5/09/1991;1;LEV;10/06/2024;12.7;10/07/2024;13.1;NULL;NULL;NULL;NULL;NULL;NULL;10/06/2024;10/07/2024;NULL
*****780;14/07/1988;2;SEV;7/11/2023;8.1;7/12/2023;NULL;8/01/2024;10.5;NULL;NULL;NULL;NULL;7/11/2023;7/12/2023;8/01/2024
*****524;4/06/1992;1;LEV;NULL;NULL;NULL;NULL;NULL;NULL;NULL;NULL;NULL;NULL;6/05/2024;6/06/2024;6/07/2024
*****684;10/12/1991;1;LEV;25/09/2024;12.2;25/10/2024;11.9;NULL;NULL;28/12/2024;12.4;NULL;NULL;25/09/2024;25/10/2024;NULL
*****863;17/06/2000;2;LEV;NULL;NULL;NULL;NULL;15/01/2024;NULL;28/02/2024;14.2;NULL;NULL;16/11/2023;13/12/2023;15/01/2024
*****445;16/07/1999;2;LEV;24/02/2025;12.8;NULL;NULL;NULL;NULL;NULL;NULL;NULL;NULL;24/02/2025;NULL;NULL
*****312;8/08/1987;1;NULL;NULL;NULL;NULL;NULL;NULL;NULL;NULL;NULL;NULL;NULL;NULL;NULL;NULL
*****683;23/08/1989;2;MOD;12/02/2025;11.6;14/03/2025;11.5;14/04/2025;NULL;NULL;NULL;NULL;NULL;12/02/2025;14/03/2025;14/04/2025
*****606;6/01/1989;2;MOD;21/01/2025;10.1;24/02/2025;10.2;26/03/2025;10;25/04/2025;11.8;NULL;NULL;21/01/2025;24/02/2025;26/03/2025
*****085;3/01/1992;1;LEV;NULL;NULL;NULL;NULL;NULL;NULL;NULL;NULL;NULL;NULL;13/06/2024;NULL;NULL
*****969;9/08/1998;1;LEV;9/02/2024;12.4;9/03/2024;13.1;29/04/2024;11.7;29/05/2024;9.1;1/07/2024;12.4;9/02/2024;9/03/2024;29/04/2024
*****578;11/03/1996;2;LEV;NULL;NULL;NULL;NULL;NULL;NULL;NULL;NULL;NULL;NULL;6/02/2025;6/03/2025;15/04/2025
*****354;23/01/2000;2;LEV;NULL;NULL;NULL;NULL;NULL;NULL;NULL;NULL;NULL;NULL;26/04/2024;28/05/2024;NULL
*****056;23/03/1985;2;MOD;NULL;NULL;NULL;NULL;NULL;NULL;NULL;NULL;NULL;NULL;14/05/2025;NULL;NULL
*****707;12/06/1991;10;LEV;20/08/2024;12.9;NULL;NULL;21/10/2024;14.5;NULL;NULL;NULL;NULL;20/08/2024;NULL;NULL
*****941;2/05/1995;2;LEV;29/01/2024;8.4;NULL;NULL;NULL;NULL;NULL;NULL;NULL;NULL;29/01/2024;12/02/2024;NULL
*****129;16/07/1997;2;LEV;1/02/2025;12.5;3/03/2025;13;3/04/2025;NULL;3/05/2025;13.9;NULL;NULL;1/02/2025;3/03/2025;3/04/2025
*****110;22/03/1993;2;LEV;13/03/2025;12.2;14/04/2025;12.4;NULL;NULL;NULL;NULL;NULL;NULL;13/03/2025;14/04/2025;NULL
*****523;4/03/1993;2;LEV;NULL;NULL;NULL;NULL;NULL;NULL;6/03/2024;14.5;NULL;NULL;3/11/2023;NULL;NULL
*****750;28/04/1997;2;MOD;16/04/2025;11.8;16/05/2025;12.1;NULL;NULL;NULL;NULL;NULL;NULL;16/04/2025;NULL;NULL
*****221;1/11/2002;2;LEV;NULL;NULL;9/05/2025;13.2;NULL;NULL;NULL;NULL;NULL;NULL;10/04/2025;NULL;NULL
*****752;2/01/1994;1;SEV;NULL;NULL;NULL;NULL;NULL;NULL;13/12/2024;15.5;NULL;NULL;NULL;NULL;NULL
*****013;1/12/1997;2;MOD;NULL;NULL;NULL;NULL;NULL;NULL;NULL;NULL;NULL;NULL;26/01/2024;NULL;NULL
*****129;20/05/2000;2;MOD;NULL;NULL;NULL;NULL;NULL;NULL;NULL;NULL;NULL;NULL;19/03/2024;NULL;NULL
*****017;4/09/2006;1;MOD;NULL;NULL;NULL;NULL;NULL;NULL;NULL;NULL;NULL;NULL;4/04/2025;NULL;NULL
*****976;31/08/2000;1;LEV;21/05/2024;12.2;21/06/2024;12.8;22/07/2024;12.3;22/08/2024;11.5;20/09/2024;14.4;21/05/2024;21/06/2024;22/07/2024
*****014;14/05/1999;1;LEV;NULL;NULL;NULL;NULL;NULL;NULL;NULL;NULL;NULL;NULL;26/08/2024;26/09/2024;NULL
*****631;7/07/1995;1;LEV;NULL;NULL;NULL;NULL;NULL;NULL;NULL;NULL;NULL;NULL;12/08/2024;6/09/2024;7/10/2024
*****589;28/03/2001;1;MOD;12/03/2024;11.5;11/04/2024;11.4;13/05/2024;14.1;12/06/2024;12.3;11/07/2024;12.8;12/03/2024;11/04/2024;13/05/2024
*****908;28/11/1987;2;LEV;NULL;NULL;NULL;NULL;NULL;NULL;NULL;NULL;NULL;NULL;22/04/2024;22/05/2024;NULL
*****054;16/11/2003;2;LEV;27/03/2024;12.9;29/04/2024;14.2;NULL;NULL;NULL;NULL;NULL;NULL;27/03/2024;NULL;NULL
*****560;18/02/1987;1;MOD;NULL;NULL;NULL;NULL;NULL;NULL;NULL;NULL;NULL;NULL;20/03/2025;NULL;NULL
*****691;20/12/1989;1;LEV;17/12/2024;12.5;17/02/2025;13.2;NULL;NULL;NULL;NULL;NULL;NULL;17/12/2024;15/01/2025;17/02/2025
*****425;7/03/1989;2;MOD;NULL;NULL;NULL;NULL;NULL;NULL;2/04/2024;NULL;NULL;NULL;2/01/2024;1/02/2024;1/03/2024
*****946;20/07/2002;2;LEV;NULL;NULL;NULL;NULL;NULL;NULL;NULL;NULL;NULL;NULL;18/01/2024;NULL;NULL
*****623;4/06/1999;1;LEV;NULL;NULL;NULL;NULL;NULL;NULL;NULL;NULL;NULL;NULL;NULL;NULL;NULL
*****278;24/07/2000;2;LEV;NULL;NULL;NULL;NULL;NULL;NULL;NULL;NULL;NULL;NULL;23/10/2023;20/11/2023;NULL
*****630;8/12/2000;1;LEV;NULL;NULL;NULL;NULL;NULL;NULL;NULL;NULL;NULL;NULL;23/08/2024;23/09/2024;NULL
*****392;29/10/1987;2;MOD;NULL;NULL;NULL;NULL;NULL;NULL;NULL;NULL;NULL;NULL;27/12/2023;31/01/2024;26/02/2024
*****967;26/10/1998;1;LEV;19/06/2024;12.9;19/07/2024;12;19/08/2024;13;19/09/2024;13.1;18/10/2024;13.6;19/06/2024;19/07/2024;19/08/2024
*****776;27/09/1997;1;LEV;NULL;NULL;NULL;NULL;NULL;NULL;NULL;NULL;NULL;NULL;14/10/2024;15/11/2024;NULL
*****241;29/09/2001;1;LEV;NULL;NULL;NULL;NULL;NULL;NULL;NULL;NULL;NULL;NULL;6/06/2024;5/07/2024;NULL
*****817;7/04/2007;1;MOD;NULL;NULL;NULL;NULL;NULL;NULL;NULL;NULL;NULL;NULL;21/04/2025;NULL;NULL
*****761;3/09/1984;1;LEV;NULL;NULL;NULL;NULL;NULL;NULL;NULL;NULL;NULL;NULL;27/11/2024;NULL;NULL
*****995;1/05/1987;2;LEV;NULL;NULL;NULL;NULL;NULL;NULL;NULL;NULL;NULL;NULL;28/11/2024;NULL;NULL
*****181;22/12/2005;1;LEV;NULL;NULL;NULL;NULL;NULL;NULL;NULL;NULL;NULL;NULL;10/01/2025;7/02/2025;11/03/2025
*****161;28/07/1983;1;LEV;22/04/2024;12.8;NULL;NULL;NULL;NULL;NULL;NULL;NULL;NULL;22/04/2024;NULL;NULL
*****898;8/02/1999;1;MOD;NULL;NULL;NULL;NULL;NULL;NULL;NULL;NULL;NULL;NULL;25/03/2025;NULL;NULL
*****426;2/02/1997;2;LEV;6/03/2025;12.3;7/04/2025;10.8;7/05/2025;11.5;NULL;NULL;NULL;NULL;6/03/2025;7/04/2025;7/05/2025
*****015;9/02/1993;2;LEV;NULL;NULL;NULL;NULL;NULL;NULL;NULL;NULL;NULL;NULL;NULL;NULL;NULL
*****602;14/04/1995;2;LEV;NULL;NULL;NULL;NULL;NULL;NULL;12/07/2024;NULL;NULL;NULL;30/03/2024;29/04/2024;NULL
*****868;30/10/1999;2;LEV;NULL;NULL;NULL;NULL;NULL;NULL;NULL;NULL;NULL;NULL;12/02/2024;11/03/2024;NULL
*****769;12/07/1986;1;LEV;NULL;NULL;NULL;NULL;NULL;NULL;NULL;NULL;NULL;NULL;10/04/2025;NULL;NULL
*****517;27/05/2007;1;LEV;26/02/2024;13.2;NULL;NULL;NULL;NULL;NULL;NULL;NULL;NULL;NULL;NULL;NULL
*****344;5/04/1996;2;MOD;NULL;NULL;NULL;NULL;NULL;NULL;NULL;NULL;NULL;NULL;16/04/2024;17/05/2024;NULL
*****451;25/06/2002;1;MOD;14/05/2024;11.6;14/06/2024;NULL;15/07/2024;13.3;14/08/2024;12.4;1/10/2024;11.3;14/05/2024;14/06/2024;15/07/2024
*****847;17/04/1999;2;MOD;26/11/2024;11.8;31/01/2025;NULL;NULL;NULL;NULL;NULL;NULL;NULL;26/11/2024;NULL;NULL
*****738;3/04/2004;2;LEV;15/12/2023;12.5;16/01/2024;12.8;15/02/2024;13.2;15/03/2024;11.3;16/04/2024;13.4;15/12/2023;16/01/2024;15/02/2024
*****788;12/12/2002;2;LEV;NULL;NULL;NULL;NULL;NULL;NULL;NULL;NULL;NULL;NULL;11/03/2024;NULL;NULL
*****101;24/02/2005;1;MOD;NULL;NULL;NULL;NULL;NULL;NULL;NULL;NULL;NULL;NULL;13/06/2024;NULL;NULL
*****609;30/08/1995;2;LEV;NULL;NULL;3/01/2025;14.3;NULL;NULL;NULL;NULL;NULL;NULL;18/11/2024;17/12/2024;NULL
*****339;7/07/2002;1;MOD;19/02/2024;11.5;19/03/2024;12.5;19/04/2024;13.9;20/06/2024;14.1;NULL;NULL;19/02/2024;19/03/2024;19/04/2024
*****549;23/06/2002;2;MOD;NULL;NULL;NULL;NULL;NULL;NULL;NULL;NULL;NULL;NULL;24/11/2023;26/12/2023;NULL
*****977;30/04/1993;1;MOD;NULL;NULL;26/04/2024;12.5;NULL;NULL;1/08/2024;14.5;NULL;NULL;21/03/2024;26/04/2024;NULL
*****400;26/03/1991;2;MOD;NULL;NULL;NULL;NULL;NULL;NULL;NULL;NULL;NULL;NULL;13/05/2024;NULL;NULL
*****213;2/09/1993;1;LEV;8/07/2024;12.2;8/08/2024;13.1;9/09/2024;15;NULL;NULL;11/11/2024;12.2;8/07/2024;8/08/2024;9/09/2024
*****026;1/06/2006;1;MOD;NULL;NULL;NULL;NULL;NULL;NULL;NULL;NULL;NULL;NULL;19/06/2024;18/07/2024;19/08/2024
*****981;2/03/1995;2;LEV;NULL;NULL;NULL;NULL;NULL;NULL;15/04/2024;13.2;NULL;NULL;12/01/2024;13/02/2024;NULL
*****599;4/11/1994;1;MOD;NULL;NULL;NULL;NULL;NULL;NULL;NULL;NULL;NULL;NULL;15/05/2024;13/06/2024;15/07/2024
*****389;3/11/1987;1;LEV;28/02/2024;12.5;NULL;NULL;NULL;NULL;NULL;NULL;27/06/2024;11.6;28/02/2024;27/03/2024;27/04/2024
*****671;24/12/1993;1;MOD;NULL;NULL;NULL;NULL;NULL;NULL;NULL;NULL;NULL;NULL;7/04/2025;NULL;NULL
*****113;22/03/1998;2;LEV;15/01/2024;12.7;16/02/2024;12.7;16/03/2024;17.7;16/05/2024;14;NULL;NULL;15/01/2024;16/02/2024;16/03/2024
*****046;24/12/1992;1;LEV;16/09/2024;12.7;6/01/2025;12.7;NULL;NULL;NULL;NULL;NULL;NULL;16/09/2024;28/11/2024;NULL
*****594;25/02/1997;2;LEV;14/02/2024;12.2;NULL;NULL;15/04/2024;13.1;14/06/2024;12;23/07/2024;NULL;14/02/2024;13/03/2024;15/04/2024
*****417;22/03/1988;1;MOD;26/03/2024;11.6;26/04/2024;11.4;27/05/2024;12.3;26/06/2024;11.6;25/07/2024;12.1;26/03/2024;26/04/2024;NULL
*****505;29/01/1979;1;MOD;NULL;NULL;NULL;NULL;NULL;NULL;NULL;NULL;NULL;NULL;7/05/2024;10/06/2024;8/07/2024
*****354;8/01/1992;1;LEV;NULL;NULL;NULL;NULL;NULL;NULL;NULL;NULL;NULL;NULL;30/09/2024;29/10/2024;28/11/2024
*****442;17/03/2003;2;LEV;21/02/2024;13.1;NULL;NULL;NULL;NULL;NULL;NULL;NULL;NULL;21/02/2024;NULL;NULL
*****582;20/11/1995;2;MOD;6/01/2025;11.6;5/02/2025;11.9;NULL;NULL;7/04/2025;NULL;NULL;NULL;6/01/2025;5/02/2025;6/03/2025
*****654;14/10/1984;2;MOD;NULL;NULL;NULL;NULL;NULL;NULL;NULL;NULL;NULL;NULL;NULL;NULL;NULL
*****180;15/03/1984;2;MOD;NULL;NULL;NULL;NULL;NULL;NULL;NULL;NULL;NULL;NULL;25/01/2024;NULL;NULL
*****531;8/03/1985;1;LEV;NULL;NULL;NULL;NULL;NULL;NULL;NULL;NULL;NULL;NULL;14/02/2024;14/03/2024;NULL
*****928;22/05/1993;2;MOD;NULL;NULL;NULL;NULL;NULL;NULL;NULL;NULL;NULL;NULL;14/03/2025;14/04/2025;15/05/2025
*****850;18/04/1996;1;LEV;NULL;NULL;NULL;NULL;NULL;NULL;NULL;NULL;NULL;NULL;11/04/2025;NULL;NULL
*****027;5/06/1994;1;MOD;NULL;NULL;NULL;NULL;4/06/2024;13.6;4/07/2024;3.6;NULL;NULL;4/04/2024;3/05/2024;4/06/2024
*****993;28/02/2004;2;MOD;NULL;NULL;NULL;NULL;NULL;NULL;NULL;NULL;NULL;NULL;19/01/2024;20/02/2024;20/03/2024
*****354;4/05/2001;2;LEV;NULL;NULL;NULL;NULL;24/06/2024;11.3;NULL;NULL;NULL;NULL;22/04/2024;22/05/2024;24/06/2024
*****593;3/10/2000;2;LEV;30/04/2024;12.3;NULL;NULL;1/07/2024;13.5;5/08/2024;13.3;NULL;NULL;30/04/2024;NULL;NULL
*****291;4/01/2006;2;LEV;13/08/2024;13;2/11/2024;13.2;7/12/2024;13.2;NULL;NULL;12/02/2025;10.7;13/08/2024;NULL;NULL
*****994;17/10/2003;2;LEV;10/07/2024;10.8;NULL;NULL;NULL;NULL;NULL;NULL;NULL;NULL;10/07/2024;NULL;NULL
*****578;19/06/1996;2;MOD;17/10/2023;11.9;NULL;NULL;NULL;NULL;NULL;NULL;NULL;NULL;17/10/2023;15/12/2023;NULL
*****284;28/04/1999;1;LEV;17/04/2025;13;17/05/2025;14.7;NULL;NULL;NULL;NULL;NULL;NULL;17/04/2025;17/05/2025;NULL
*****687;7/07/1985;2;LEV;11/10/2023;10.7;11/01/2024;11.7;NULL;NULL;NULL;NULL;NULL;NULL;11/10/2023;11/01/2024;NULL
*****406;11/03/1984;2;LEV;17/01/2024;12.9;17/02/2024;NULL;NULL;NULL;NULL;NULL;NULL;NULL;17/01/2024;17/02/2024;NULL
*****723;15/08/1985;1;LEV;NULL;NULL;NULL;NULL;NULL;NULL;23/08/2024;NULL;NULL;NULL;4/05/2024;4/06/2024;2/07/2024
*****733;14/05/2008;2;LEV;11/03/2025;12.5;10/04/2025;13.2;10/05/2025;12.4;NULL;NULL;NULL;NULL;11/03/2025;10/04/2025;10/05/2025
*****671;10/01/1992;2;LEV;19/12/2023;13.1;NULL;NULL;21/02/2024;12.5;21/03/2024;12.5;NULL;NULL;19/12/2023;20/01/2024;21/02/2024
*****784;24/11/1992;2;LEV;NULL;NULL;14/06/2024;11.4;NULL;NULL;NULL;NULL;NULL;NULL;15/05/2024;14/06/2024;12/07/2024
*****366;10/06/1993;2;LEV;20/09/2024;NULL;NULL;NULL;NULL;NULL;NULL;NULL;NULL;NULL;20/09/2024;13/07/2024;13/08/2024
*****023;27/06/2007;2;LEV;NULL;NULL;NULL;NULL;NULL;NULL;NULL;NULL;NULL;NULL;NULL;NULL;NULL
*****627;24/11/1998;2;MOD;NULL;NULL;NULL;NULL;NULL;NULL;NULL;NULL;NULL;NULL;8/06/2024;NULL;NULL
*****438;14/07/1996;2;LEV;NULL;NULL;NULL;NULL;NULL;NULL;NULL;NULL;NULL;NULL;22/04/2024;NULL;NULL
*****431;23/07/1998;2;MOD;20/09/2024;11.8;21/10/2024;13.6;22/11/2024;13.6;24/12/2024;11;22/01/2025;9.9;20/09/2024;21/10/2024;22/11/2024
*****374;8/06/2002;2;LEV;13/01/2024;12.7;NULL;NULL;13/03/2024;12.8;12/04/2024;12.5;14/05/2024;12.5;13/01/2024;NULL;NULL
*****636;5/10/2003;2;LEV;NULL;NULL;NULL;NULL;30/08/2024;13.5;NULL;NULL;NULL;NULL;25/06/2024;25/07/2024;30/08/2024
*****919;22/03/2003;2;LEV;NULL;NULL;13/04/2024;12.8;NULL;NULL;NULL;NULL;NULL;NULL;15/03/2024;13/04/2024;NULL
*****140;23/04/2004;2;LEV;NULL;NULL;NULL;NULL;NULL;NULL;NULL;NULL;NULL;NULL;10/05/2025;NULL;NULL
*****202;18/10/1981;2;MOD;NULL;NULL;NULL;NULL;NULL;NULL;NULL;NULL;NULL;NULL;NULL;NULL;NULL
*****138;31/07/1997;2;MOD;NULL;NULL;14/04/2025;12.2;NULL;NULL;NULL;NULL;NULL;NULL;13/03/2025;14/04/2025;NULL
*****866;18/02/1997;2;LEV;7/11/2023;12.7;NULL;NULL;NULL;NULL;NULL;NULL;NULL;NULL;7/11/2023;NULL;NULL
*****088;8/06/2005;2;LEV;9/04/2024;13.2;9/05/2024;12.1;8/06/2024;12.1;NULL;NULL;NULL;NULL;9/04/2024;9/05/2024;8/06/2024
*****917;20/11/2006;1;LEV;25/09/2024;12.6;6/11/2024;11.6;NULL;NULL;NULL;NULL;NULL;NULL;25/09/2024;6/11/2024;NULL
*****170;12/01/1991;2;LEV;22/01/2024;12.6;22/02/2024;12.6;22/03/2024;12.3;22/04/2024;14.2;21/05/2024;14;22/01/2024;22/02/2024;22/03/2024
*****307;13/12/2002;2;MOD;NULL;NULL;11/05/2024;11.5;11/06/2024;12.1;NULL;NULL;NULL;NULL;11/04/2024;11/05/2024;11/06/2024
*****398;11/04/2003;2;LEV;NULL;NULL;NULL;NULL;NULL;NULL;NULL;NULL;NULL;NULL;15/06/2024;NULL;NULL
*****213;3/05/1993;2;LEV;NULL;NULL;NULL;NULL;NULL;NULL;NULL;NULL;NULL;NULL;20/02/2024;26/10/2023;NULL
*****063;1/04/2003;2;LEV;30/04/2024;12.6;30/05/2024;12.4;29/06/2024;12.7;NULL;NULL;NULL;NULL;30/04/2024;30/05/2024;29/06/2024
*****809;30/08/1998;2;LEV;8/04/2024;NULL;NULL;NULL;6/06/2024;10.6;NULL;NULL;NULL;NULL;5/04/2024;6/05/2024;6/06/2024
*****991;9/09/2004;2;LEV;3/10/2024;12.9;5/11/2024;13;6/12/2024;13.3;6/01/2025;13.3;NULL;NULL;3/10/2024;5/11/2024;6/12/2024
*****984;22/06/2004;2;LEV;NULL;NULL;NULL;NULL;NULL;NULL;NULL;NULL;NULL;NULL;15/03/2024;NULL;NULL
*****456;13/04/1981;2;LEV;NULL;NULL;NULL;NULL;NULL;NULL;NULL;NULL;NULL;NULL;NULL;NULL;NULL
*****412;10/10/1992;2;MOD;NULL;NULL;NULL;NULL;NULL;NULL;15/02/2024;12.8;NULL;NULL;7/11/2023;NULL;NULL
*****710;24/05/2008;2;LEV;17/01/2024;11.2;NULL;NULL;NULL;NULL;25/04/2024;14.7;NULL;NULL;17/01/2024;NULL;NULL
*****622;15/05/2009;2;LEV;13/02/2025;12.2;15/03/2025;12.2;NULL;NULL;NULL;NULL;NULL;NULL;13/02/2025;15/03/2025;NULL
*****918;29/11/1996;2;LEV;NULL;NULL;NULL;NULL;NULL;NULL;NULL;NULL;NULL;NULL;5/08/2024;5/09/2024;5/10/2024
*****328;26/08/1997;2;LEV;NULL;NULL;NULL;NULL;NULL;NULL;NULL;NULL;NULL;NULL;12/04/2024;11/05/2024;NULL
*****674;1/01/1998;2;LEV;31/01/2024;10.7;29/02/2024;11.4;NULL;NULL;NULL;NULL;NULL;NULL;31/01/2024;29/02/2024;27/03/2024
*****602;16/11/2005;2;LEV;24/01/2025;12.6;NULL;NULL;NULL;NULL;NULL;NULL;NULL;NULL;24/01/2025;NULL;NULL
*****566;29/12/2000;2;LEV;NULL;NULL;NULL;NULL;NULL;NULL;NULL;NULL;NULL;NULL;10/04/2024;NULL;NULL
*****577;27/10/1996;2;LEV;NULL;NULL;28/02/2024;12.9;NULL;NULL;NULL;NULL;NULL;NULL;29/12/2023;28/02/2024;NULL
*****607;14/08/1997;2;LEV;NULL;NULL;11/01/2025;12.7;NULL;NULL;NULL;NULL;NULL;NULL;11/12/2024;11/01/2025;NULL
*****736;7/11/2005;2;SEV;2/11/2024;7.1;2/12/2024;11.1;NULL;NULL;NULL;NULL;NULL;NULL;2/11/2024;2/12/2024;NULL
*****277;7/05/2005;2;LEV;12/01/2024;12.2;NULL;NULL;NULL;NULL;NULL;NULL;NULL;NULL;12/01/2024;NULL;NULL
*****450;1/10/1995;2;MOD;5/02/2025;11.5;6/03/2025;13.2;NULL;NULL;6/05/2025;13.7;NULL;NULL;5/02/2025;6/03/2025;5/04/2025
*****512;15/12/1998;2;LEV;NULL;NULL;NULL;NULL;NULL;NULL;NULL;NULL;NULL;NULL;NULL;NULL;NULL
*****588;15/03/2005;2;MOD;26/12/2024;11.5;NULL;NULL;NULL;NULL;NULL;NULL;NULL;NULL;26/12/2024;NULL;NULL
*****603;4/08/1993;2;MOD;21/11/2023;10.9;21/12/2023;10.9;20/01/2024;10.9;21/02/2024;13.2;21/03/2024;12.6;21/11/2023;21/12/2023;20/01/2024
*****864;23/09/2004;2;LEV;NULL;NULL;11/07/2024;13.3;12/08/2024;13.4;NULL;NULL;NULL;NULL;11/06/2024;11/07/2024;NULL
*****431;22/10/1990;2;MOD;27/08/2024;15.4;27/09/2024;11.3;NULL;NULL;26/11/2024;15;NULL;NULL;NULL;NULL;NULL
*****737;21/09/1992;2;LEV;28/12/2024;12.9;3/02/2025;12.9;10/03/2025;12.9;NULL;NULL;NULL;NULL;28/12/2024;28/01/2025;10/03/2025
*****615;3/02/1989;2;LEV;2/04/2024;12.2;NULL;NULL;NULL;NULL;NULL;NULL;NULL;NULL;2/04/2024;NULL;NULL
*****110;3/05/1999;2;LEV;NULL;NULL;NULL;NULL;NULL;NULL;NULL;NULL;NULL;NULL;26/02/2024;26/03/2024;NULL
*****205;6/04/2005;2;MOD;NULL;NULL;NULL;NULL;NULL;NULL;NULL;NULL;NULL;NULL;NULL;NULL;NULL
*****710;30/04/1998;2;MOD;9/11/2023;10;NULL;NULL;NULL;NULL;9/02/2024;10;9/03/2024;15.3;9/11/2023;NULL;NULL
*****756;27/01/1988;2;MOD;NULL;NULL;NULL;NULL;NULL;NULL;28/02/2025;14.2;NULL;NULL;NULL;NULL;NULL
*****549;8/12/2008;2;MOD;14/05/2024;12.5;14/07/2024;12.5;17/08/2024;12.5;29/09/2024;12.5;NULL;NULL;NULL;NULL;NULL
*****313;6/07/2003;2;MOD;24/11/2023;11.7;23/12/2023;11.7;23/01/2024;10.6;23/02/2024;10.6;23/03/2024;12.8;24/11/2023;23/12/2023;23/01/2024
*****270;1/09/1996;2;MOD;31/03/2025;11.3;30/04/2025;14;30/05/2025;14.7;NULL;NULL;NULL;NULL;31/03/2025;30/04/2025;30/05/2025
*****958;5/04/2004;2;LEV;30/05/2024;12.8;6/07/2024;13.1;6/08/2024;13.1;7/10/2024;12.4;4/12/2024;12.7;30/05/2024;6/07/2024;6/08/2024
*****762;5/09/1994;2;LEV;NULL;NULL;14/01/2025;11.8;NULL;NULL;NULL;NULL;NULL;NULL;14/11/2024;14/12/2024;NULL
*****424;15/08/2005;2;LEV;5/08/2024;12.6;5/09/2024;14.1;5/10/2024;15.1;NULL;NULL;NULL;NULL;5/08/2024;5/09/2024;5/10/2024
*****280;6/04/1998;2;MOD;29/02/2024;8.9;29/03/2024;8.9;29/04/2024;12.7;NULL;NULL;28/06/2024;14.5;29/02/2024;29/03/2024;29/04/2024
*****898;23/12/2000;2;LEV;NULL;NULL;7/04/2025;12.3;NULL;NULL;NULL;NULL;NULL;NULL;6/03/2025;7/04/2025;NULL
*****932;18/09/2005;2;LEV;21/10/2023;12.2;28/11/2023;12.2;NULL;NULL;26/01/2024;13.6;NULL;NULL;21/10/2023;NULL;NULL
*****536;16/05/1982;2;LEV;NULL;NULL;1/01/2025;10.7;NULL;NULL;NULL;NULL;NULL;NULL;2/12/2024;1/01/2025;NULL
*****445;9/10/1986;2;LEV;27/10/2023;12.2;6/12/2023;11.9;8/01/2024;12.3;8/02/2024;12.3;8/03/2024;11.9;27/10/2023;6/12/2023;8/01/2024
*****867;28/08/2001;2;LEV;24/12/2024;12.2;24/01/2025;12.2;24/02/2025;12.2;25/03/2025;12.2;NULL;NULL;24/12/2024;24/01/2025;24/02/2025
*****684;4/12/1993;2;LEV;9/12/2024;12.5;8/01/2025;13.9;8/02/2025;13.9;10/03/2025;12.8;15/04/2025;12.6;9/12/2024;8/01/2025;8/02/2025
*****785;3/02/1999;2;LEV;4/09/2024;12.2;11/11/2024;13.9;NULL;NULL;19/12/2024;12.2;17/01/2025;13.1;4/09/2024;10/10/2024;11/11/2024
*****389;14/04/2000;2;LEV;NULL;NULL;NULL;NULL;NULL;NULL;NULL;NULL;NULL;NULL;26/02/2024;28/02/2024;NULL
*****255;23/05/2001;2;LEV;NULL;NULL;10/06/2024;12.4;NULL;NULL;NULL;NULL;NULL;NULL;8/05/2024;10/06/2024;NULL
*****350;11/07/2000;2;LEV;NULL;NULL;NULL;NULL;NULL;NULL;6/06/2024;13.3;NULL;NULL;8/03/2024;9/04/2024;9/05/2024
*****823;11/12/1996;1;LEV;NULL;NULL;NULL;NULL;15/01/2025;10.7;NULL;NULL;NULL;NULL;23/10/2024;4/12/2024;15/01/2025
*****400;15/01/1996;2;LEV;5/08/2024;12.4;NULL;NULL;NULL;NULL;NULL;NULL;NULL;NULL;5/08/2024;NULL;NULL
*****141;2/08/1986;2;LEV;NULL;NULL;NULL;NULL;NULL;NULL;NULL;NULL;NULL;NULL;28/10/2024;NULL;NULL
*****716;26/09/1990;2;LEV;30/11/2023;12.2;30/12/2023;13.2;NULL;NULL;1/03/2024;13.2;NULL;NULL;30/11/2023;30/12/2023;30/01/2024
*****808;5/05/2005;2;LEV;NULL;NULL;18/01/2025;12.9;18/02/2025;12.9;21/03/2025;14.1;NULL;NULL;18/12/2024;18/01/2025;18/02/2025
*****405;10/06/2002;2;LEV;6/02/2024;10;11/03/2024;10;11/04/2024;10.6;13/05/2024;11.1;NULL;NULL;6/02/2024;11/03/2024;11/04/2024
*****822;12/02/2001;2;LEV;NULL;NULL;NULL;NULL;NULL;NULL;NULL;NULL;NULL;NULL;12/05/2025;NULL;NULL
*****944;17/08/1999;1;LEV;NULL;NULL;NULL;NULL;NULL;NULL;NULL;NULL;NULL;NULL;2/11/2024;2/12/2024;NULL
*****816;2/01/1988;2;LEV;1/03/2024;12.5;1/04/2024;12.8;3/05/2024;12.8;3/06/2024;14.5;NULL;NULL;1/03/2024;1/04/2024;3/05/2024
*****122;3/09/2005;2;MOD;NULL;NULL;NULL;NULL;NULL;NULL;NULL;NULL;NULL;NULL;6/11/2023;NULL;NULL
*****626;14/10/2004;1;LEV;NULL;NULL;5/08/2024;10.8;NULL;NULL;26/10/2024;NULL;NULL;NULL;5/07/2024;NULL;NULL
*****088;16/04/1988;2;MOD;NULL;NULL;NULL;NULL;NULL;NULL;26/06/2024;14.2;NULL;NULL;15/03/2024;17/04/2024;NULL
*****899;8/02/2002;1;LEV;NULL;NULL;NULL;NULL;NULL;NULL;NULL;NULL;NULL;NULL;3/07/2024;NULL;NULL
*****202;14/11/2000;1;MOD;24/04/2024;11.5;3/06/2024;13.1;NULL;NULL;4/09/2024;14.1;NULL;NULL;24/04/2024;3/06/2024;NULL
*****734;3/07/2001;1;MOD;NULL;NULL;NULL;NULL;NULL;NULL;NULL;NULL;NULL;NULL;3/06/2024;3/07/2024;2/08/2024
*****044;15/09/2001;2;MOD;NULL;NULL;NULL;NULL;NULL;NULL;NULL;NULL;NULL;NULL;20/05/2024;NULL;NULL
*****109;26/11/2003;1;LEV;NULL;NULL;NULL;NULL;NULL;NULL;NULL;NULL;NULL;NULL;10/07/2024;NULL;NULL
*****856;14/03/2009;2;LEV;7/03/2025;12.9;7/05/2025;13.7;NULL;NULL;NULL;NULL;NULL;NULL;7/03/2025;7/04/2025;NULL
*****421;6/10/1998;1;MOD;NULL;NULL;NULL;NULL;NULL;NULL;NULL;NULL;NULL;NULL;22/05/2024;21/06/2024;NULL
*****444;27/04/2003;1;MOD;NULL;NULL;NULL;NULL;NULL;NULL;NULL;NULL;7/03/2025;14.3;30/10/2024;29/11/2024;30/12/2024
*****112;18/03/2005;1;MOD;NULL;NULL;NULL;NULL;NULL;NULL;NULL;NULL;NULL;NULL;23/10/2024;22/11/2024;23/12/2024
*****637;19/06/1994;2;MOD;NULL;NULL;NULL;NULL;NULL;NULL;NULL;NULL;NULL;NULL;23/04/2025;NULL;NULL
*****757;9/06/2007;1;LEV;NULL;NULL;NULL;NULL;NULL;NULL;NULL;NULL;NULL;NULL;28/10/2024;NULL;NULL
*****625;1/11/2006;1;LEV;NULL;NULL;NULL;NULL;NULL;NULL;NULL;NULL;NULL;NULL;23/12/2024;22/01/2025;NULL
*****459;26/05/1997;2;MOD;NULL;NULL;NULL;NULL;NULL;NULL;NULL;NULL;NULL;NULL;22/03/2024;22/04/2024;20/05/2024
*****484;1/08/1997;1;MOD;NULL;NULL;NULL;NULL;NULL;NULL;NULL;NULL;NULL;NULL;24/02/2025;NULL;NULL
*****311;20/11/1992;2;MOD;NULL;NULL;NULL;NULL;NULL;NULL;NULL;NULL;NULL;NULL;17/11/2023;18/12/2023;17/01/2024
*****139;13/07/2005;1;MOD;5/06/2024;12.2;NULL;NULL;NULL;NULL;NULL;NULL;NULL;NULL;5/06/2024;3/07/2024;NULL
*****539;2/09/2004;2;MOD;19/05/2025;10.7;NULL;NULL;NULL;NULL;NULL;NULL;NULL;NULL;19/05/2025;NULL;NULL
*****701;29/09/1998;1;LEV;NULL;NULL;NULL;NULL;NULL;NULL;30/12/2024;14.2;NULL;NULL;13/09/2024;14/10/2024;NULL
*****227;28/10/2002;2;LEV;NULL;NULL;NULL;NULL;NULL;NULL;NULL;NULL;NULL;NULL;9/05/2025;NULL;NULL
*****746;17/11/2009;2;LEV;2/02/2024;10.9;2/03/2024;11.6;3/04/2024;10.7;3/05/2024;11.1;NULL;NULL;2/02/2024;2/03/2024;3/04/2024
*****459;2/02/1994;1;LEV;15/07/2024;11.8;15/08/2024;10.6;16/09/2024;9.1;16/10/2024;12.6;NULL;NULL;15/07/2024;15/08/2024;16/09/2024
*****283;21/03/1997;1;LEV;NULL;NULL;NULL;NULL;NULL;NULL;NULL;NULL;NULL;NULL;21/06/2024;22/07/2024;21/08/2024
*****033;2/07/1982;1;MOD;NULL;NULL;NULL;NULL;NULL;NULL;NULL;NULL;NULL;NULL;17/07/2024;NULL;NULL
*****607;13/09/1985;2;LEV;22/02/2024;11.3;NULL;NULL;NULL;NULL;NULL;NULL;NULL;NULL;22/02/2024;18/03/2024;NULL
*****199;30/08/1990;2;LEV;NULL;NULL;NULL;NULL;NULL;NULL;17/06/2024;14.4;NULL;NULL;13/02/2024;13/03/2024;NULL
*****022;15/09/2007;2;MOD;NULL;NULL;NULL;NULL;NULL;NULL;NULL;NULL;NULL;NULL;29/01/2025;28/02/2025;29/03/2025
*****446;12/08/1987;2;LEV;12/02/2024;13;NULL;NULL;NULL;NULL;NULL;NULL;NULL;NULL;12/02/2024;NULL;NULL
*****599;7/12/2006;1;MOD;13/05/2024;15.1;10/06/2024;10.9;10/07/2024;10.8;10/08/2024;12.3;9/09/2024;10.7;6/05/2024;10/06/2024;10/07/2024
*****083;4/01/2001;1;LEV;18/12/2024;12.1;18/01/2025;NULL;19/02/2025;13.2;NULL;NULL;12/05/2025;14.6;18/12/2024;18/01/2025;19/02/2025
*****431;23/02/2003;1;MOD;NULL;NULL;NULL;NULL;NULL;NULL;NULL;NULL;NULL;NULL;18/03/2025;19/04/2025;21/05/2025
*****494;1/03/2000;2;MOD;NULL;NULL;NULL;NULL;NULL;NULL;NULL;NULL;NULL;NULL;19/01/2024;NULL;NULL
*****249;3/12/1990;1;LEV;NULL;NULL;NULL;NULL;NULL;NULL;12/02/2025;14.4;NULL;NULL;11/11/2024;11/12/2024;NULL
*****365;3/02/1997;2;LEV;11/12/2023;13;11/01/2024;13.2;12/02/2024;13.2;12/03/2024;12.5;11/04/2024;12.5;11/12/2023;11/01/2024;12/02/2024
*****563;18/03/2001;2;MOD;NULL;NULL;NULL;NULL;NULL;NULL;11/09/2024;NULL;NULL;NULL;30/04/2024;30/05/2024;29/06/2024
*****805;15/03/2005;2;LEV;17/11/2023;11.6;16/12/2023;11.6;NULL;NULL;5/03/2024;14.3;NULL;NULL;17/11/2023;16/12/2023;13/01/2024
*****561;30/07/2004;2;LEV;NULL;NULL;NULL;NULL;8/08/2024;15.3;16/09/2024;11.3;NULL;NULL;23/05/2024;NULL;NULL
*****804;12/07/1996;2;LEV;NULL;NULL;NULL;NULL;NULL;NULL;NULL;NULL;NULL;NULL;19/03/2024;NULL;NULL
*****033;9/09/2006;2;MOD;NULL;NULL;NULL;NULL;NULL;NULL;3/08/2024;13.7;NULL;NULL;21/04/2024;21/05/2024;NULL
*****905;6/02/1990;2;MOD;NULL;NULL;NULL;NULL;NULL;NULL;NULL;NULL;NULL;NULL;2/01/2024;2/02/2024;NULL
*****180;17/03/1997;1;MOD;NULL;NULL;14/08/2024;12.9;NULL;NULL;NULL;NULL;NULL;NULL;13/06/2024;13/07/2024;NULL
*****507;10/02/1996;2;MOD;NULL;NULL;NULL;NULL;NULL;NULL;NULL;NULL;NULL;NULL;12/06/2024;12/07/2024;12/08/2024
*****567;14/10/1994;2;LEV;27/11/2023;12.9;27/12/2023;12.3;27/01/2024;12.3;27/02/2024;11.5;27/03/2024;11.5;27/11/2023;27/12/2023;27/01/2024
*****532;8/05/1996;2;MOD;5/03/2024;10.3;5/04/2024;14.1;4/05/2024;14;17/06/2024;14.6;NULL;NULL;5/03/2024;5/04/2024;NULL
*****326;11/04/1997;2;LEV;NULL;NULL;NULL;NULL;NULL;NULL;NULL;NULL;NULL;NULL;13/04/2024;NULL;NULL
*****187;13/11/1997;2;MOD;9/07/2024;11.6;6/11/2024;12.1;9/09/2024;13.6;9/10/2024;13.7;NULL;NULL;9/07/2024;9/08/2024;9/09/2024
*****021;27/10/1999;2;LEV;NULL;NULL;NULL;NULL;NULL;NULL;14/08/2024;14.3;NULL;NULL;8/04/2024;9/05/2024;10/06/2024
*****546;16/03/1997;1;MOD;NULL;NULL;NULL;NULL;29/04/2024;10.7;29/05/2024;10.7;29/06/2024;12.5;28/02/2024;27/03/2024;29/04/2024
*****729;9/09/1986;2;MOD;NULL;NULL;NULL;NULL;NULL;NULL;NULL;NULL;NULL;NULL;14/01/2024;12/02/2024;12/03/2024
*****161;25/04/2005;2;MOD;11/01/2024;11.5;23/02/2024;12;NULL;NULL;2/05/2024;14.1;NULL;NULL;11/01/2024;NULL;NULL
*****966;6/10/2001;1;LEV;NULL;NULL;NULL;NULL;NULL;NULL;NULL;NULL;NULL;NULL;NULL;NULL;NULL
*****554;22/11/1983;2;LEV;NULL;NULL;NULL;NULL;NULL;NULL;6/07/2024;11.6;NULL;NULL;4/03/2024;5/04/2024;NULL
*****494;18/04/1993;2;LEV;NULL;NULL;NULL;NULL;NULL;NULL;16/08/2024;14.3;NULL;NULL;10/04/2024;10/05/2024;NULL
*****195;29/05/1998;2;MOD;9/01/2024;9.9;9/02/2024;9.9;NULL;NULL;11/04/2024;14.3;NULL;NULL;9/01/2024;9/02/2024;NULL
*****224;19/05/2001;2;LEV;10/01/2024;13.1;8/02/2024;13.2;NULL;NULL;NULL;NULL;NULL;NULL;10/01/2024;8/02/2024;8/03/2024
*****951;6/11/1997;2;LEV;NULL;NULL;NULL;NULL;NULL;NULL;16/05/2024;15;NULL;NULL;30/01/2024;29/02/2024;29/03/2024
*****622;30/08/2001;2;LEV;NULL;NULL;NULL;NULL;NULL;NULL;22/02/2024;15.2;NULL;NULL;16/10/2023;16/11/2023;15/12/2023
*****521;25/09/1992;2;LEV;NULL;NULL;NULL;NULL;NULL;NULL;9/03/2024;NULL;NULL;NULL;10/12/2023;10/01/2024;NULL
*****395;30/05/1994;2;LEV;NULL;NULL;NULL;NULL;15/02/2024;16.1;28/03/2024;14.4;NULL;NULL;22/11/2023;26/12/2023;24/01/2024
*****718;19/11/1993;2;MOD;NULL;NULL;NULL;NULL;NULL;NULL;13/03/2024;16.3;NULL;NULL;17/11/2023;16/12/2023;16/01/2024
*****989;4/03/1995;2;LEV;8/11/2023;12.9;8/12/2023;12.9;8/01/2024;12.5;8/02/2024;12.5;NULL;NULL;8/11/2023;8/12/2023;8/01/2024
*****205;4/04/2006;2;LEV;26/12/2023;12.8;26/01/2024;12.9;26/02/2024;12.3;26/03/2024;13.6;NULL;NULL;26/12/2023;26/01/2024;26/02/2024
*****318;8/09/2003;2;MOD;NULL;NULL;NULL;NULL;NULL;NULL;NULL;NULL;NULL;NULL;7/12/2023;6/01/2024;6/02/2024
*****489;1/12/2001;1;LEV;NULL;NULL;2/12/2024;13.6;NULL;NULL;NULL;NULL;NULL;NULL;NULL;NULL;NULL
*****313;27/04/2000;2;LEV;NULL;NULL;NULL;NULL;NULL;NULL;3/05/2024;14.2;NULL;NULL;18/12/2023;18/01/2024;19/02/2024
*****683;18/01/1998;2;LEV;NULL;NULL;NULL;NULL;NULL;NULL;NULL;NULL;NULL;NULL;16/03/2024;15/04/2024;NULL
*****866;14/07/1996;2;LEV;29/01/2024;12.8;4/03/2024;12.3;NULL;NULL;NULL;NULL;NULL;NULL;29/01/2024;4/03/2024;NULL
*****949;9/01/1999;1;NULL;NULL;NULL;1/07/2024;13.6;NULL;NULL;NULL;NULL;NULL;NULL;NULL;NULL;NULL
*****092;13/03/1999;2;MOD;28/05/2024;11.5;17/07/2024;13.1;NULL;NULL;NULL;NULL;NULL;NULL;28/05/2024;17/07/2024;NULL
*****184;25/04/1989;2;LEV;NULL;NULL;25/04/2024;NULL;NULL;NULL;21/06/2024;14.1;NULL;NULL;17/02/2024;19/03/2024;NULL
*****001;5/11/1988;2;MOD;NULL;NULL;NULL;NULL;NULL;NULL;21/05/2024;14.2;NULL;NULL;20/01/2024;20/02/2024;20/03/2024
*****178;1/05/1992;2;MOD;21/08/2024;11.2;23/09/2024;10;23/10/2024;10.3;NULL;NULL;NULL;NULL;21/08/2024;23/09/2024;23/10/2024
*****816;29/05/1998;2;LEV;NULL;NULL;NULL;NULL;NULL;NULL;13/03/2024;14.3;NULL;NULL;5/12/2023;4/01/2024;2/02/2024
*****143;3/11/1999;2;LEV;16/01/2024;12.9;16/02/2024;12.9;NULL;NULL;16/04/2024;12;16/05/2024;14.1;16/01/2024;16/02/2024;14/03/2024
*****519;23/06/2004;1;LEV;NULL;NULL;5/11/2024;12.2;NULL;NULL;NULL;NULL;NULL;NULL;1/10/2024;NULL;NULL
*****831;22/03/1997;1;LEV;NULL;NULL;NULL;NULL;NULL;NULL;2/08/2024;13.1;NULL;NULL;25/03/2024;30/04/2024;NULL
*****356;4/12/1999;2;LEV;NULL;NULL;NULL;NULL;NULL;NULL;NULL;NULL;NULL;NULL;11/04/2025;NULL;NULL
*****259;20/09/1983;1;MOD;NULL;NULL;NULL;NULL;NULL;NULL;NULL;NULL;NULL;NULL;NULL;NULL;NULL
*****633;8/02/1983;2;LEV;NULL;NULL;NULL;NULL;NULL;NULL;NULL;NULL;NULL;NULL;12/10/2023;11/11/2023;12/12/2023
*****845;28/07/2007;2;LEV;NULL;NULL;NULL;NULL;NULL;NULL;NULL;NULL;NULL;NULL;NULL;NULL;NULL
*****886;5/04/1986;2;MOD;NULL;NULL;NULL;NULL;NULL;NULL;NULL;NULL;NULL;NULL;NULL;NULL;NULL
*****934;6/01/1988;2;LEV;NULL;NULL;NULL;NULL;NULL;NULL;12/04/2024;14.4;NULL;NULL;25/11/2023;26/12/2023;24/01/2024
*****104;23/07/1991;2;LEV;NULL;NULL;NULL;NULL;NULL;NULL;22/03/2024;15.1;NULL;NULL;24/11/2023;23/12/2023;23/01/2024
*****497;1/08/1994;2;LEV;NULL;NULL;NULL;NULL;NULL;NULL;15/02/2024;14.3;NULL;NULL;20/10/2023;20/11/2023;NULL
*****012;14/06/2000;2;LEV;4/03/2024;10.8;4/04/2024;11.2;4/05/2024;11.4;4/06/2024;12.6;4/07/2024;13.5;4/03/2024;4/04/2024;4/05/2024
*****375;21/10/1998;2;LEV;NULL;NULL;NULL;NULL;NULL;NULL;NULL;NULL;NULL;NULL;27/05/2024;NULL;NULL
*****121;26/09/2004;1;LEV;NULL;NULL;NULL;NULL;NULL;NULL;20/10/2024;14.3;NULL;NULL;26/05/2024;25/06/2024;NULL
*****332;13/09/1995;2;MOD;NULL;NULL;NULL;NULL;NULL;NULL;6/05/2024;NULL;NULL;NULL;25/01/2024;NULL;NULL
*****638;26/09/1998;2;LEV;NULL;NULL;NULL;NULL;16/05/2024;13.4;28/06/2024;14.8;NULL;NULL;1/03/2024;1/04/2024;NULL
*****070;17/07/1999;2;LEV;8/04/2024;12.5;NULL;NULL;NULL;NULL;NULL;NULL;NULL;NULL;8/04/2024;NULL;NULL
*****520;1/08/1998;1;LEV;15/04/2024;12.8;NULL;NULL;NULL;NULL;NULL;NULL;NULL;NULL;15/04/2024;NULL;NULL
*****525;10/07/1982;2;LEV;17/04/2024;12.9;25/05/2024;13.3;NULL;NULL;NULL;NULL;NULL;NULL;17/04/2024;25/05/2024;NULL
*****717;15/04/1997;2;SEV;NULL;NULL;NULL;NULL;NULL;NULL;3/06/2024;14.9;NULL;NULL;19/01/2024;NULL;NULL
*****333;14/09/1998;2;LEV;6/05/2024;12.7;5/06/2024;13.3;6/08/2024;13.3;NULL;NULL;NULL;NULL;6/05/2024;5/06/2024;NULL
*****863;11/07/1999;2;LEV;17/10/2023;13;17/11/2023;13.1;18/12/2023;13;1/03/2024;14.8;NULL;NULL;17/10/2023;17/11/2023;18/12/2023
*****918;5/11/1986;1;MOD;NULL;NULL;NULL;NULL;23/11/2024;14.1;2/01/2025;13.6;NULL;NULL;8/08/2024;10/09/2024;NULL
*****006;18/02/1988;1;MOD;NULL;NULL;NULL;NULL;NULL;NULL;NULL;NULL;NULL;NULL;3/04/2024;6/05/2024;NULL
*****856;2/12/1991;2;NULL;NULL;NULL;NULL;NULL;NULL;NULL;22/04/2025;14.3;NULL;NULL;NULL;NULL;NULL
*****350;29/01/2007;2;LEV;NULL;NULL;NULL;NULL;22/06/2024;13.2;NULL;NULL;NULL;NULL;20/03/2024;22/04/2024;22/05/2024
*****026;4/08/1991;2;MOD;25/10/2023;11.6;13/01/2024;11.6;15/02/2024;11.8;NULL;NULL;NULL;NULL;25/10/2023;13/01/2024;15/02/2024
*****066;23/09/2003;2;MOD;28/05/2024;10.7;26/06/2024;12.5;27/07/2024;13.1;28/09/2024;13.1;28/10/2024;13.1;28/05/2024;26/06/2024;27/07/2024
*****562;3/09/1998;2;MOD;15/12/2023;10.9;15/01/2024;11;15/02/2024;10.7;13/04/2024;14.3;NULL;NULL;15/12/2023;15/01/2024;15/02/2024
*****101;28/04/1995;1;LEV;NULL;NULL;NULL;NULL;NULL;NULL;12/08/2024;14.2;NULL;NULL;15/04/2024;14/05/2024;NULL
*****087;1/04/1996;2;LEV;NULL;NULL;NULL;NULL;NULL;NULL;NULL;NULL;NULL;NULL;3/01/2024;NULL;NULL
*****830;27/01/2003;2;LEV;NULL;NULL;NULL;NULL;NULL;NULL;NULL;NULL;NULL;NULL;12/06/2024;12/07/2024;NULL
*****041;22/09/1994;1;LEV;7/05/2024;12.4;6/06/2024;13.5;6/07/2024;13.3;6/08/2024;13.5;6/09/2024;13.8;7/05/2024;6/06/2024;6/07/2024
*****140;25/06/1997;2;MOD;16/11/2023;11.2;16/12/2023;12.2;31/01/2024;12.4;15/02/2024;13.9;22/03/2024;14.2;16/11/2023;16/12/2023;31/01/2024
*****888;28/06/1999;2;LEV;16/10/2023;12.2;15/11/2023;12.6;15/12/2023;13.2;16/01/2024;12.4;16/02/2024;12.6;16/10/2023;15/11/2023;15/12/2023
*****833;21/03/1999;2;LEV;28/06/2024;12.5;30/07/2024;12.5;28/09/2024;13.8;NULL;NULL;NULL;NULL;28/06/2024;30/07/2024;NULL
*****714;16/04/2004;2;LEV;7/04/2025;12.2;7/05/2025;12.2;NULL;NULL;NULL;NULL;NULL;NULL;7/04/2025;7/05/2025;NULL
*****988;23/03/2006;2;LEV;NULL;NULL;NULL;NULL;NULL;NULL;NULL;NULL;NULL;NULL;3/06/2024;3/07/2024;2/08/2024
*****953;5/10/2001;2;LEV;NULL;NULL;NULL;NULL;NULL;NULL;10/10/2024;NULL;NULL;NULL;21/06/2024;22/07/2024;26/08/2024
*****806;19/09/2002;10;NULL;NULL;NULL;NULL;NULL;NULL;NULL;NULL;NULL;NULL;NULL;NULL;NULL;NULL
*****950;5/04/1995;2;LEV;27/04/2024;12.9;27/05/2024;13.9;26/07/2024;13.1;NULL;NULL;NULL;NULL;27/04/2024;27/05/2024;NULL
*****491;22/09/1991;1;LEV;NULL;NULL;12/07/2024;13.9;NULL;NULL;20/09/2024;15.3;NULL;NULL;3/06/2024;3/07/2024;2/08/2024
*****947;20/07/1989;2;LEV;NULL;NULL;9/07/2024;10.3;NULL;NULL;1/10/2024;NULL;NULL;NULL;8/06/2024;9/07/2024;9/08/2024
*****326;16/09/1996;10;LEV;NULL;NULL;NULL;NULL;NULL;NULL;27/02/2024;13.9;NULL;NULL;13/11/2023;13/12/2023;13/01/2024
*****136;13/02/1999;2;LEV;NULL;NULL;NULL;NULL;NULL;NULL;24/06/2024;13.2;NULL;NULL;12/02/2024;13/03/2024;17/05/2024
*****339;30/10/2001;2;MOD;NULL;NULL;NULL;NULL;NULL;NULL;NULL;NULL;NULL;NULL;10/03/2025;NULL;NULL
*****567;7/02/1995;2;MOD;18/04/2024;10.6;18/05/2024;12.5;17/06/2024;12.4;17/07/2024;14.1;16/08/2024;13.8;18/04/2024;18/05/2024;17/06/2024
*****141;2/02/2002;2;MOD;18/11/2023;10.8;18/12/2023;11.8;17/01/2024;10.9;16/02/2024;12.5;18/03/2024;13.7;18/11/2023;18/12/2023;17/01/2024
*****940;28/08/1997;2;MOD;NULL;NULL;NULL;NULL;NULL;NULL;NULL;NULL;NULL;NULL;22/02/2025;25/03/2025;24/04/2025
*****583;20/11/1982;2;MOD;NULL;NULL;NULL;NULL;NULL;NULL;NULL;NULL;NULL;NULL;NULL;NULL;NULL
*****868;4/06/1987;2;LEV;NULL;NULL;NULL;NULL;NULL;NULL;4/06/2024;14.9;NULL;NULL;8/02/2024;9/03/2024;8/04/2024
*****927;2/08/1987;2;LEV;NULL;NULL;NULL;NULL;NULL;NULL;29/02/2024;13.8;NULL;NULL;4/11/2023;4/12/2023;4/01/2024
*****382;31/10/1992;2;LEV;13/04/2024;11.9;14/05/2024;11.9;13/06/2024;13.5;NULL;NULL;NULL;NULL;13/04/2024;14/05/2024;13/06/2024
*****701;19/11/1996;2;MOD;NULL;NULL;NULL;NULL;NULL;NULL;NULL;NULL;NULL;NULL;5/02/2025;7/03/2025;NULL
*****431;2/07/1999;2;LEV;NULL;NULL;NULL;NULL;NULL;NULL;22/08/2024;11.7;NULL;NULL;10/04/2024;10/05/2024;10/06/2024
*****631;2/02/2008;1;MOD;NULL;NULL;NULL;NULL;NULL;NULL;NULL;NULL;NULL;NULL;23/08/2024;23/09/2024;NULL
*****501;7/05/2006;2;MOD;16/11/2023;11.9;16/12/2023;12.4;16/01/2024;13.9;20/02/2024;12.9;21/03/2024;14.5;16/11/2023;16/12/2023;16/01/2024
*****059;16/04/1989;2;LEV;NULL;NULL;NULL;NULL;8/08/2024;12.8;NULL;NULL;NULL;NULL;10/04/2024;NULL;NULL
*****113;25/11/1989;2;MOD;NULL;NULL;NULL;NULL;NULL;NULL;NULL;NULL;NULL;NULL;2/03/2024;NULL;NULL
*****650;25/03/1994;2;MOD;8/01/2025;11.4;8/03/2025;13.2;NULL;NULL;NULL;NULL;NULL;NULL;8/01/2025;11/02/2025;NULL
*****518;4/10/1994;2;LEV;NULL;NULL;NULL;NULL;NULL;NULL;15/05/2024;12.9;NULL;NULL;15/01/2024;14/02/2024;15/03/2024
*****497;24/08/2004;2;MOD;24/08/2024;11.4;NULL;NULL;NULL;NULL;NULL;NULL;NULL;NULL;24/08/2024;NULL;NULL
*****008;28/04/2006;2;LEV;12/09/2024;12.9;12/10/2024;12.9;12/11/2024;11.7;11/01/2025;13.7;14/02/2025;12.9;12/09/2024;12/10/2024;12/11/2024
*****403;11/05/2000;2;LEV;NULL;NULL;NULL;NULL;NULL;NULL;5/09/2024;12.3;NULL;NULL;7/06/2024;8/07/2024;NULL
*****213;7/02/2006;2;LEV;NULL;NULL;NULL;NULL;NULL;NULL;NULL;NULL;NULL;NULL;26/04/2025;26/05/2025;NULL
*****442;9/02/2006;2;MOD;NULL;NULL;NULL;NULL;NULL;NULL;NULL;NULL;NULL;NULL;2/05/2024;NULL;NULL
*****464;23/09/2002;2;LEV;NULL;NULL;NULL;NULL;26/12/2023;15.6;19/02/2024;15.1;NULL;NULL;25/10/2023;NULL;NULL
*****398;5/08/2006;2;MOD;NULL;NULL;NULL;NULL;NULL;NULL;NULL;NULL;NULL;NULL;22/03/2025;24/04/2025;NULL
*****299;19/08/2007;2;MOD;14/02/2024;9.7;NULL;NULL;NULL;NULL;NULL;NULL;NULL;NULL;14/02/2024;NULL;NULL
*****382;30/04/2004;2;MOD;4/05/2024;9.5;NULL;NULL;NULL;NULL;NULL;NULL;NULL;NULL;4/05/2024;NULL;NULL
*****684;26/09/2003;2;LEV;NULL;NULL;NULL;NULL;NULL;NULL;NULL;NULL;NULL;NULL;7/12/2023;6/01/2024;6/02/2024
*****769;8/05/1989;2;LEV;NULL;NULL;NULL;NULL;NULL;NULL;5/05/2025;14.9;NULL;NULL;26/12/2024;25/01/2025;NULL
*****776;23/11/1994;2;LEV;19/04/2024;12.2;22/05/2024;12.7;22/06/2024;13.2;NULL;NULL;NULL;NULL;19/04/2024;22/05/2024;22/06/2024
*****699;22/11/2009;2;LEV;28/02/2025;12.5;31/03/2025;12.5;30/04/2025;12.1;NULL;NULL;NULL;NULL;28/02/2025;31/03/2025;30/04/2025
*****237;10/05/1994;1;LEV;NULL;NULL;NULL;NULL;NULL;NULL;NULL;NULL;NULL;NULL;1/02/2025;3/03/2025;NULL
*****353;17/06/2004;2;LEV;NULL;NULL;NULL;NULL;NULL;NULL;NULL;NULL;NULL;NULL;NULL;NULL;NULL
*****907;21/03/2005;2;MOD;NULL;NULL;NULL;NULL;NULL;NULL;NULL;NULL;NULL;NULL;NULL;NULL;NULL
*****268;16/03/2005;1;LEV;NULL;NULL;NULL;NULL;22/11/2024;14;NULL;NULL;NULL;NULL;31/07/2024;24/08/2024;NULL
*****726;6/03/2003;2;MOD;NULL;NULL;NULL;NULL;NULL;NULL;NULL;NULL;NULL;NULL;NULL;NULL;NULL
*****432;28/05/1998;2;LEV;NULL;NULL;23/05/2024;13.8;NULL;NULL;NULL;NULL;NULL;NULL;24/04/2024;23/05/2024;NULL
*****741;12/05/2004;1;SEV;NULL;NULL;NULL;NULL;NULL;NULL;NULL;NULL;NULL;NULL;NULL;NULL;NULL
*****521;20/01/1990;2;MOD;31/01/2024;10.6;1/03/2024;13.3;1/04/2024;12.9;1/05/2024;14;10/06/2024;13.9;31/01/2024;1/03/2024;1/04/2024
*****774;9/12/1995;2;LEV;NULL;NULL;NULL;NULL;NULL;NULL;NULL;NULL;NULL;NULL;31/07/2024;NULL;NULL
*****653;22/05/2006;2;MOD;NULL;NULL;NULL;NULL;NULL;NULL;NULL;NULL;NULL;NULL;14/02/2024;18/03/2024;17/04/2024
*****009;6/06/2006;1;MOD;NULL;NULL;3/09/2024;10.9;4/11/2024;11;4/12/2024;12.7;NULL;NULL;26/07/2024;3/09/2024;4/11/2024
*****274;21/05/2003;1;LEV;NULL;NULL;NULL;NULL;NULL;NULL;NULL;NULL;NULL;NULL;NULL;NULL;NULL
*****040;17/05/2004;2;MOD;NULL;NULL;NULL;NULL;NULL;NULL;NULL;NULL;NULL;NULL;NULL;NULL;NULL
*****697;18/05/1992;1;LEV;NULL;NULL;NULL;NULL;NULL;NULL;12/04/2024;13.8;NULL;NULL;8/12/2023;8/01/2024;NULL
*****442;19/06/1992;2;LEV;NULL;NULL;NULL;NULL;NULL;NULL;NULL;NULL;NULL;NULL;11/10/2023;10/11/2023;11/12/2023
*****174;14/12/1983;1;LEV;NULL;NULL;NULL;NULL;NULL;NULL;NULL;NULL;NULL;NULL;20/07/2024;NULL;NULL
*****652;12/04/1994;2;LEV;NULL;NULL;NULL;NULL;NULL;NULL;NULL;NULL;NULL;NULL;21/10/2024;NULL;NULL
*****622;25/10/2002;2;MOD;11/12/2023;12;10/01/2024;13.2;NULL;NULL;11/03/2024;13.3;10/04/2024;14.2;11/12/2023;10/01/2024;9/02/2024
*****225;4/10/1988;2;LEV;NULL;NULL;NULL;NULL;NULL;NULL;5/07/2024;14.1;NULL;NULL;20/03/2024;19/04/2024;20/05/2024
*****963;5/05/2002;2;MOD;NULL;NULL;NULL;NULL;NULL;NULL;NULL;NULL;NULL;NULL;10/04/2024;11/05/2024;11/06/2024
*****138;1/07/1992;1;LEV;NULL;NULL;NULL;NULL;NULL;NULL;NULL;NULL;NULL;NULL;NULL;NULL;NULL
*****459;14/02/2009;2;LEV;NULL;NULL;NULL;NULL;NULL;NULL;9/01/2025;13.1;NULL;NULL;30/09/2024;30/10/2024;28/11/2024
*****267;2/12/1999;10;MOD;NULL;NULL;NULL;NULL;NULL;NULL;8/01/2024;14.5;NULL;NULL;9/10/2023;8/11/2023;NULL
*****153;21/02/2001;1;MOD;24/09/2024;11.5;24/10/2024;11.5;23/11/2024;12.4;23/12/2024;13;NULL;NULL;24/09/2024;24/10/2024;23/11/2024
*****663;4/03/1985;2;LEV;23/01/2024;12.9;NULL;NULL;NULL;NULL;NULL;NULL;NULL;NULL;23/01/2024;NULL;NULL
*****413;20/09/1993;2;LEV;17/10/2024;12.5;16/11/2024;11.8;16/12/2024;12;15/01/2025;12.3;14/02/2025;13.4;17/10/2024;16/11/2024;16/12/2024
*****566;22/06/1994;2;MOD;22/05/2024;10.9;21/06/2024;10.9;NULL;NULL;NULL;NULL;NULL;NULL;22/05/2024;21/06/2024;NULL
*****873;12/05/1997;2;LEV;NULL;NULL;NULL;NULL;NULL;NULL;27/06/2024;NULL;NULL;NULL;6/03/2024;6/04/2024;NULL
*****024;12/04/1994;2;MOD;25/10/2024;11.4;25/11/2024;11.2;NULL;NULL;11/02/2025;12.9;NULL;NULL;25/10/2024;25/11/2024;NULL
*****503;6/05/2000;2;MOD;NULL;NULL;21/01/2025;15.5;NULL;NULL;NULL;NULL;NULL;NULL;NULL;NULL;NULL
*****339;21/03/2004;2;LEV;NULL;NULL;21/03/2025;14.3;NULL;NULL;26/05/2025;13.8;NULL;NULL;19/02/2025;21/03/2025;NULL
*****102;25/08/2002;2;LEV;NULL;NULL;NULL;NULL;NULL;NULL;NULL;NULL;NULL;NULL;21/02/2024;NULL;NULL
*****574;28/11/1999;2;LEV;18/04/2024;12.5;18/05/2024;13.8;17/07/2024;13.9;16/08/2024;13.9;NULL;NULL;18/04/2024;18/05/2024;NULL
*****374;9/04/2006;2;LEV;7/05/2024;12.8;6/06/2024;11;6/07/2024;10.5;5/08/2024;10.3;NULL;NULL;7/05/2024;6/06/2024;6/07/2024
*****835;26/03/1985;1;LEV;NULL;NULL;NULL;NULL;NULL;NULL;NULL;NULL;NULL;NULL;13/09/2024;NULL;NULL
*****432;9/01/1989;2;LEV;NULL;NULL;NULL;NULL;NULL;NULL;14/05/2025;14.7;NULL;NULL;22/01/2025;21/02/2025;22/03/2025
*****996;3/06/1991;2;LEV;NULL;NULL;NULL;NULL;NULL;NULL;NULL;NULL;NULL;NULL;29/02/2024;2/04/2024;NULL
*****973;3/03/2003;2;LEV;NULL;NULL;NULL;NULL;NULL;NULL;NULL;NULL;NULL;NULL;10/02/2025;12/03/2025;NULL
*****724;6/01/1994;2;LEV;NULL;NULL;NULL;NULL;NULL;NULL;2/03/2024;15.5;NULL;NULL;1/11/2023;1/12/2023;1/01/2024
*****808;15/09/2002;2;LEV;NULL;NULL;NULL;NULL;NULL;NULL;23/03/2024;15.3;NULL;NULL;20/12/2023;19/01/2024;NULL
*****440;16/11/1996;2;LEV;NULL;NULL;NULL;NULL;NULL;NULL;4/10/2024;14.2;NULL;NULL;3/07/2024;2/08/2024;NULL
*****022;6/08/2004;1;LEV;NULL;NULL;11/05/2024;12.9;10/06/2024;12.5;30/07/2024;14.4;NULL;NULL;11/04/2024;11/05/2024;10/06/2024
*****575;13/12/2001;2;MOD;29/12/2023;11.9;29/01/2024;11.9;28/02/2024;14.1;18/05/2024;13.7;NULL;NULL;29/12/2023;29/01/2024;NULL
*****474;27/09/1991;2;LEV;27/03/2024;12.5;NULL;NULL;NULL;NULL;NULL;NULL;NULL;NULL;27/03/2024;26/04/2024;NULL
*****479;28/12/2004;2;LEV;28/04/2025;12.3;NULL;NULL;NULL;NULL;NULL;NULL;NULL;NULL;28/04/2025;NULL;NULL
*****901;17/06/2003;2;LEV;15/01/2024;12.2;15/03/2024;9.6;15/04/2024;12.6;NULL;NULL;15/05/2024;11.9;15/01/2024;14/02/2024;15/03/2024
*****732;9/06/2002;1;LEV;NULL;NULL;NULL;NULL;NULL;NULL;NULL;NULL;NULL;NULL;14/04/2025;NULL;NULL
*****405;9/01/1986;1;LEV;24/10/2024;12.5;2/12/2024;12.5;2/01/2025;12.1;2/02/2025;12.1;NULL;NULL;24/10/2024;2/12/2024;2/01/2025
*****056;10/05/1990;2;LEV;NULL;NULL;NULL;NULL;18/03/2024;14.1;4/05/2024;14.1;NULL;NULL;3/01/2024;NULL;NULL
*****726;29/03/1994;2;MOD;9/10/2023;11.1;NULL;NULL;NULL;NULL;NULL;NULL;NULL;NULL;9/10/2023;NULL;NULL
*****356;20/07/1994;1;LEV;NULL;NULL;NULL;NULL;4/01/2025;13.5;5/03/2025;13.8;NULL;NULL;17/10/2024;2/12/2024;4/01/2025
*****408;21/07/2003;1;LEV;11/04/2024;12.2;NULL;NULL;10/07/2024;13.3;NULL;NULL;8/10/2024;14.4;11/04/2024;NULL;NULL
*****775;9/10/1999;1;MOD;21/03/2024;13;19/07/2024;13.4;20/05/2024;13.8;NULL;NULL;NULL;NULL;21/03/2024;20/04/2024;NULL
*****917;8/03/1997;1;LEV;NULL;NULL;NULL;NULL;4/06/2024;12.7;4/07/2024;13.1;NULL;NULL;5/04/2024;NULL;NULL
*****609;25/06/1998;1;LEV;NULL;NULL;NULL;NULL;NULL;NULL;20/12/2024;13.9;NULL;NULL;18/09/2024;18/10/2024;NULL
*****622;9/09/1983;1;LEV;NULL;NULL;NULL;NULL;NULL;NULL;NULL;NULL;NULL;NULL;18/07/2024;NULL;NULL
*****463;3/01/1994;1;MOD;29/05/2024;11.9;28/08/2024;14;29/07/2024;14.2;NULL;NULL;NULL;NULL;29/05/2024;NULL;NULL
*****048;16/10/1985;1;LEV;NULL;NULL;NULL;NULL;NULL;NULL;NULL;NULL;NULL;NULL;15/08/2024;NULL;NULL
*****594;6/03/1990;1;LEV;NULL;NULL;NULL;NULL;NULL;NULL;NULL;NULL;NULL;NULL;26/10/2024;NULL;NULL
*****381;14/07/1995;1;LEV;26/08/2024;11.3;25/09/2024;12.1;25/10/2024;11.8;24/11/2024;10.5;NULL;NULL;26/08/2024;25/09/2024;25/10/2024
*****179;8/03/1991;2;LEV;NULL;NULL;NULL;NULL;NULL;NULL;NULL;NULL;NULL;NULL;11/04/2025;NULL;NULL
*****953;21/08/2005;1;LEV;NULL;NULL;NULL;NULL;NULL;NULL;NULL;NULL;NULL;NULL;15/05/2025;NULL;NULL
*****351;6/01/2009;2;LEV;NULL;NULL;NULL;NULL;24/02/2024;14.5;14/04/2024;13.9;NULL;NULL;4/12/2023;NULL;NULL
*****700;20/05/1997;1;LEV;10/04/2024;12.4;10/05/2024;12.6;NULL;NULL;6/09/2024;13.6;NULL;NULL;10/04/2024;10/05/2024;NULL
*****624;6/12/2005;2;LEV;NULL;NULL;NULL;NULL;NULL;NULL;9/02/2024;13.5;NULL;NULL;21/10/2023;NULL;NULL
*****631;28/01/1998;2;LEV;NULL;NULL;NULL;NULL;NULL;NULL;1/02/2024;NULL;NULL;NULL;17/10/2023;NULL;NULL
*****493;19/08/2001;1;LEV;NULL;NULL;NULL;NULL;NULL;NULL;NULL;NULL;NULL;NULL;23/08/2024;23/09/2024;NULL
*****604;15/10/2001;1;LEV;NULL;NULL;NULL;NULL;NULL;NULL;10/10/2024;14.2;NULL;NULL;3/06/2024;NULL;NULL
*****797;30/01/1983;1;LEV;NULL;NULL;NULL;NULL;16/08/2024;12.8;4/10/2024;13.2;NULL;NULL;17/06/2024;17/07/2024;16/08/2024
*****551;7/08/1998;2;LEV;NULL;NULL;NULL;NULL;NULL;NULL;NULL;NULL;NULL;NULL;24/11/2023;NULL;NULL
*****025;20/11/2002;2;MOD;30/10/2024;9.7;29/11/2024;13.2;NULL;NULL;NULL;NULL;NULL;NULL;30/10/2024;29/11/2024;NULL
*****120;6/11/2004;1;LEV;11/09/2024;13;11/10/2024;13.3;11/11/2024;11.5;12/01/2025;11;NULL;NULL;11/09/2024;11/10/2024;11/11/2024
*****584;6/09/1988;1;LEV;15/03/2024;12.3;15/04/2024;10.9;2/07/2024;12;11/08/2024;13;NULL;NULL;15/03/2024;15/04/2024;15/05/2024
*****118;5/09/2006;1;MOD;17/04/2024;12.1;26/05/2024;13.3;26/06/2024;15.6;NULL;NULL;NULL;NULL;17/04/2024;26/05/2024;NULL
*****317;27/03/1989;1;LEV;12/12/2024;13;11/01/2025;13.2;11/04/2025;14.6;NULL;NULL;NULL;NULL;12/12/2024;11/01/2025;NULL
*****317;31/03/1991;2;LEV;NULL;NULL;24/03/2025;12.3;NULL;NULL;NULL;NULL;NULL;NULL;21/02/2025;24/03/2025;NULL
*****851;23/04/2006;2;LEV;NULL;NULL;NULL;NULL;NULL;NULL;NULL;NULL;NULL;NULL;9/04/2025;9/05/2025;NULL
*****350;13/06/1993;1;LEV;7/08/2024;10.9;7/09/2024;9.8;NULL;NULL;26/11/2024;11.7;NULL;NULL;7/08/2024;7/09/2024;NULL
*****236;17/07/2000;1;LEV;6/04/2024;12.3;6/05/2024;11.6;5/06/2024;11.5;5/07/2024;NULL;4/08/2024;12.1;6/04/2024;6/05/2024;5/06/2024
*****746;6/09/1998;1;LEV;NULL;NULL;NULL;NULL;NULL;NULL;NULL;NULL;NULL;NULL;8/10/2024;NULL;NULL
*****486;20/12/1999;1;LEV;23/04/2024;12.7;NULL;NULL;2/07/2024;10.5;NULL;NULL;NULL;NULL;23/04/2024;24/05/2024;2/07/2024
*****322;29/04/2000;1;LEV;28/04/2025;12.1;NULL;NULL;NULL;NULL;NULL;NULL;NULL;NULL;28/04/2025;NULL;NULL
*****740;1/02/1995;2;MOD;NULL;NULL;NULL;NULL;NULL;NULL;NULL;NULL;NULL;NULL;14/03/2025;13/04/2025;NULL
*****070;9/10/1994;2;MOD;NULL;NULL;NULL;NULL;24/02/2024;14.6;25/03/2024;NULL;NULL;NULL;5/12/2023;NULL;NULL
*****492;1/06/1995;2;LEV;NULL;NULL;NULL;NULL;NULL;NULL;NULL;NULL;NULL;NULL;28/11/2023;28/07/2023;NULL
*****286;12/04/2000;2;LEV;5/04/2024;12.3;4/05/2024;12.3;4/06/2024;14.1;19/07/2024;14.4;NULL;NULL;5/04/2024;4/05/2024;4/06/2024
*****878;28/11/2001;2;LEV;NULL;NULL;NULL;NULL;NULL;NULL;NULL;NULL;NULL;NULL;7/04/2024;NULL;NULL
*****266;1/02/1992;2;LEV;18/06/2024;10.3;NULL;NULL;NULL;NULL;NULL;NULL;NULL;NULL;18/06/2024;NULL;NULL
*****135;17/11/1989;1;LEV;NULL;NULL;NULL;NULL;NULL;NULL;21/02/2025;14.2;NULL;NULL;16/10/2024;14/11/2024;14/12/2024
*****303;18/05/2006;2;LEV;8/10/2024;12.1;7/11/2024;12.1;7/01/2025;12.1;NULL;NULL;8/03/2025;13.4;8/10/2024;7/11/2024;7/12/2024
*****483;20/03/1992;2;LEV;NULL;NULL;NULL;NULL;NULL;NULL;NULL;NULL;NULL;NULL;12/12/2024;11/01/2025;10/02/2025
*****301;7/04/1990;2;MOD;9/10/2023;12.1;NULL;NULL;NULL;NULL;NULL;NULL;NULL;NULL;9/10/2023;2/11/2023;2/12/2023
*****509;20/05/1998;1;LEV;NULL;NULL;NULL;NULL;NULL;NULL;18/09/2024;13.6;NULL;NULL;3/06/2024;NULL;NULL
*****511;5/04/2002;2;LEV;NULL;NULL;NULL;NULL;NULL;NULL;NULL;NULL;NULL;NULL;6/05/2025;NULL;NULL
*****666;16/12/1994;1;LEV;NULL;NULL;NULL;NULL;NULL;NULL;26/10/2024;14.4;NULL;NULL;9/06/2024;NULL;NULL
*****846;24/06/2000;1;LEV;10/12/2024;12.2;9/01/2025;12.2;8/02/2025;11.4;10/03/2025;11.8;NULL;NULL;10/12/2024;9/01/2025;8/02/2025
*****192;18/02/2004;1;LEV;NULL;NULL;NULL;NULL;19/11/2024;13.8;NULL;NULL;9/01/2025;13.6;3/09/2024;3/10/2024;NULL
*****877;7/09/2001;2;LEV;NULL;NULL;NULL;NULL;NULL;NULL;NULL;NULL;NULL;NULL;11/02/2025;11/03/2025;NULL
*****858;14/01/1990;1;LEV;30/04/2024;12.4;NULL;NULL;30/06/2024;15;30/07/2024;12.4;30/08/2024;14;30/04/2024;28/05/2024;NULL
*****440;31/12/1999;1;LEV;NULL;NULL;NULL;NULL;NULL;NULL;NULL;NULL;NULL;NULL;14/12/2024;13/01/2025;NULL
*****096;17/10/2001;1;LEV;NULL;NULL;NULL;NULL;NULL;NULL;24/12/2024;13.4;NULL;NULL;31/08/2024;30/09/2024;NULL
*****766;10/07/1995;2;LEV;NULL;NULL;NULL;NULL;NULL;NULL;2/05/2024;13.8;NULL;NULL;3/01/2024;NULL;NULL
*****444;31/07/1995;2;LEV;NULL;NULL;NULL;NULL;NULL;NULL;10/05/2024;13.5;NULL;NULL;31/12/2023;NULL;NULL
*****829;2/01/1989;1;MOD;NULL;NULL;8/11/2024;12.1;NULL;NULL;5/02/2025;13.8;NULL;NULL;4/10/2024;5/08/2024;NULL
*****358;25/01/2007;2;MOD;7/03/2024;10.5;NULL;NULL;7/05/2024;10.2;15/06/2024;12.8;NULL;NULL;7/03/2024;7/04/2024;7/05/2024
*****116;24/11/1997;2;LEV;NULL;NULL;NULL;NULL;NULL;NULL;NULL;NULL;NULL;NULL;21/11/2023;NULL;NULL
*****536;13/03/2003;1;MOD;NULL;NULL;NULL;NULL;NULL;NULL;NULL;NULL;NULL;NULL;4/04/2024;4/05/2024;NULL
*****773;18/03/2002;1;LEV;10/07/2024;12.7;9/08/2024;14;13/10/2024;14;NULL;NULL;25/11/2024;11.8;10/07/2024;9/08/2024;NULL
*****386;25/08/2002;2;LEV;NULL;NULL;NULL;NULL;3/02/2024;14.6;6/03/2024;NULL;NULL;NULL;21/10/2023;NULL;NULL
*****536;8/02/2004;1;LEV;NULL;NULL;NULL;NULL;NULL;NULL;NULL;NULL;NULL;NULL;13/10/2024;13/11/2024;NULL
*****268;5/02/1996;1;MOD;NULL;NULL;NULL;NULL;NULL;NULL;NULL;NULL;NULL;NULL;26/04/2024;NULL;NULL
*****803;2/05/1991;1;MOD;NULL;NULL;NULL;NULL;NULL;NULL;NULL;NULL;NULL;NULL;16/07/2024;16/08/2024;NULL
*****479;5/06/2007;2;MOD;7/02/2024;9.5;NULL;NULL;NULL;NULL;NULL;NULL;NULL;NULL;7/02/2024;6/03/2024;NULL
*****164;30/01/2007;2;LEV;NULL;NULL;NULL;NULL;NULL;NULL;NULL;NULL;NULL;NULL;22/04/2024;NULL;NULL
*****324;3/12/2008;1;LEV;NULL;NULL;NULL;NULL;NULL;NULL;27/02/2025;13.5;NULL;NULL;8/11/2024;8/12/2024;6/01/2025
*****901;1/03/1998;2;LEV;25/10/2023;12.8;25/11/2023;13.3;NULL;NULL;NULL;NULL;NULL;NULL;25/10/2023;25/11/2023;NULL
*****451;1/05/1996;2;MOD;1/11/2023;11.7;1/12/2023;14;1/01/2024;12.6;31/01/2024;12.5;30/03/2024;13.3;1/11/2023;1/12/2023;NULL
*****327;8/11/1990;1;MOD;8/08/2024;10.8;7/09/2024;15.6;NULL;NULL;NULL;NULL;NULL;NULL;8/08/2024;7/09/2024;NULL
*****720;20/12/2002;2;LEV;NULL;NULL;NULL;NULL;NULL;NULL;NULL;NULL;NULL;NULL;1/12/2023;27/10/2023;NULL
*****524;4/12/2001;1;LEV;NULL;NULL;NULL;NULL;NULL;NULL;NULL;NULL;NULL;NULL;17/07/2024;16/08/2024;NULL
*****531;29/01/2001;1;MOD;NULL;NULL;NULL;NULL;NULL;NULL;NULL;NULL;NULL;NULL;3/02/2025;5/03/2025;4/04/2025
*****131;25/11/1994;1;LEV;NULL;NULL;NULL;NULL;15/06/2024;13.3;27/07/2024;13.9;NULL;NULL;18/03/2024;16/04/2024;NULL
*****257;16/06/1989;2;LEV;NULL;NULL;NULL;NULL;NULL;NULL;NULL;NULL;NULL;NULL;10/05/2025;NULL;NULL
*****088;30/01/1993;2;SEV;NULL;NULL;NULL;NULL;NULL;NULL;NULL;NULL;NULL;NULL;25/04/2025;NULL;NULL
*****745;8/10/1998;2;LEV;9/10/2023;12.4;17/11/2023;13.5;NULL;NULL;NULL;NULL;NULL;NULL;9/10/2023;17/11/2023;NULL
*****063;21/10/2001;2;MOD;NULL;NULL;NULL;NULL;NULL;NULL;NULL;NULL;NULL;NULL;27/02/2024;28/01/2024;NULL
*****347;25/09/1994;1;LEV;14/04/2024;12.9;NULL;NULL;13/06/2024;10.5;13/07/2024;12.9;NULL;NULL;14/04/2024;13/06/2024;NULL
*****973;28/11/1996;1;LEV;15/02/2024;12.5;16/03/2024;13;15/04/2024;11.4;15/05/2024;13.6;5/08/2024;15;15/02/2024;16/03/2024;15/05/2024
*****276;11/05/1991;2;LEV;NULL;NULL;NULL;NULL;NULL;NULL;30/03/2024;NULL;NULL;NULL;4/12/2023;NULL;NULL
*****707;23/04/1990;2;MOD;22/01/2025;10.3;NULL;NULL;NULL;NULL;NULL;NULL;NULL;NULL;22/01/2025;NULL;NULL
*****572;15/03/1993;1;LEV;29/05/2024;12.3;28/06/2024;13;28/07/2024;12.8;27/08/2024;13.5;23/12/2024;14;29/05/2024;28/06/2024;28/07/2024
*****649;7/12/1993;1;MOD;NULL;NULL;NULL;NULL;NULL;NULL;NULL;NULL;NULL;NULL;30/12/2024;29/01/2025;28/02/2025
*****342;11/06/2009;2;LEV;9/04/2025;12.6;NULL;NULL;NULL;NULL;NULL;NULL;NULL;NULL;9/04/2025;NULL;NULL
*****492;30/07/2008;2;LEV;NULL;NULL;NULL;NULL;26/04/2024;12.1;26/06/2024;13.2;NULL;NULL;26/02/2024;NULL;NULL
*****321;25/10/2000;1;LEV;NULL;NULL;NULL;NULL;NULL;NULL;25/02/2025;15.1;NULL;NULL;2/11/2024;2/12/2024;NULL
*****737;27/08/1997;2;LEV;NULL;NULL;NULL;NULL;NULL;NULL;NULL;NULL;NULL;NULL;6/03/2025;5/04/2025;6/05/2025
*****971;25/12/2003;2;LEV;NULL;NULL;NULL;NULL;NULL;NULL;NULL;NULL;NULL;NULL;NULL;NULL;NULL
*****285;24/05/1998;2;MOD;NULL;NULL;NULL;NULL;NULL;NULL;NULL;NULL;NULL;NULL;NULL;NULL;NULL
*****621;20/08/2002;2;LEV;9/11/2023;12.3;9/12/2023;11.9;NULL;NULL;8/02/2024;NULL;NULL;NULL;9/11/2023;9/12/2023;NULL
*****296;11/06/1980;1;LEV;13/06/2024;10.7;13/07/2024;12.4;12/08/2024;10.9;NULL;NULL;NULL;NULL;13/06/2024;13/07/2024;12/08/2024
*****718;29/04/1982;2;LEV;NULL;NULL;NULL;NULL;NULL;NULL;1/03/2024;NULL;NULL;NULL;27/11/2023;27/12/2023;NULL
*****522;23/10/1997;1;LEV;15/11/2024;13;16/12/2024;12.4;15/01/2025;12.8;14/02/2025;13;16/03/2025;10.7;15/11/2024;16/12/2024;15/01/2025
*****338;1/08/1999;1;LEV;NULL;NULL;NULL;NULL;NULL;NULL;17/04/2025;14;NULL;NULL;15/12/2024;14/01/2025;NULL
*****550;18/08/2000;1;LEV;NULL;NULL;NULL;NULL;NULL;NULL;NULL;NULL;NULL;NULL;1/12/2024;31/12/2024;30/01/2025
*****769;24/09/1999;2;LEV;27/12/2023;12.5;NULL;NULL;NULL;NULL;NULL;NULL;NULL;NULL;27/12/2023;NULL;NULL
*****183;21/03/1996;2;LEV;NULL;NULL;NULL;NULL;NULL;NULL;NULL;NULL;NULL;NULL;20/03/2025;18/04/2025;NULL
*****753;1/01/2000;2;LEV;NULL;NULL;NULL;NULL;NULL;NULL;NULL;NULL;NULL;NULL;24/11/2023;NULL;NULL
*****075;5/08/2002;2;LEV;14/10/2024;12.6;13/11/2024;12.6;NULL;NULL;NULL;NULL;NULL;NULL;14/10/2024;13/11/2024;NULL
*****626;2/11/1998;2;MOD;11/11/2023;12.1;NULL;NULL;10/01/2024;12.1;NULL;NULL;NULL;NULL;11/11/2023;11/12/2023;10/01/2024
*****650;17/05/2003;2;LEV;23/03/2024;12.6;23/05/2024;12.9;NULL;NULL;22/06/2024;13.8;NULL;NULL;23/03/2024;NULL;NULL
*****159;11/09/2001;2;MOD;NULL;NULL;NULL;NULL;NULL;NULL;NULL;NULL;NULL;NULL;NULL;NULL;NULL
*****601;16/12/2002;2;LEV;10/09/2024;12.4;NULL;NULL;NULL;NULL;NULL;NULL;NULL;NULL;10/09/2024;NULL;NULL
*****471;15/06/2001;2;LEV;4/06/2024;12.2;NULL;NULL;NULL;NULL;NULL;NULL;NULL;NULL;4/06/2024;4/07/2024;NULL
*****314;13/07/1992;2;MOD;29/12/2023;11.3;11/04/2024;13;29/02/2024;10.9;30/03/2024;10.4;NULL;NULL;29/12/2023;29/01/2024;29/02/2024
*****951;13/02/1987;2;LEV;23/03/2024;12.4;23/04/2024;13;22/05/2024;10.4;21/06/2024;10.4;NULL;NULL;23/03/2024;23/04/2024;22/05/2024
*****561;4/09/2006;2;LEV;8/05/2024;10.8;NULL;NULL;NULL;NULL;NULL;NULL;NULL;NULL;8/05/2024;8/06/2024;8/07/2024
*****877;31/07/2006;2;SEV;NULL;NULL;11/12/2024;13.1;NULL;NULL;NULL;NULL;NULL;NULL;NULL;NULL;NULL
*****778;2/11/1998;2;LEV;12/04/2024;12.5;13/05/2024;11.5;14/06/2024;10.5;16/07/2024;11.4;NULL;NULL;12/04/2024;13/05/2024;14/06/2024
*****201;7/07/2004;2;LEV;1/02/2024;12.2;NULL;NULL;NULL;NULL;NULL;NULL;NULL;NULL;1/02/2024;NULL;NULL
*****314;11/12/1994;2;LEV;3/11/2023;12.6;27/12/2023;13;31/01/2024;11.6;5/03/2024;10.7;5/04/2024;11.6;3/11/2023;27/12/2023;NULL
*****836;24/03/1986;2;LEV;12/10/2023;9.2;NULL;NULL;NULL;NULL;NULL;NULL;NULL;NULL;12/10/2023;NULL;NULL
*****735;27/06/1986;2;MOD;6/07/2024;11.8;NULL;NULL;NULL;NULL;NULL;NULL;NULL;NULL;6/07/2024;7/08/2024;7/09/2024
*****218;16/05/1992;2;MOD;3/08/2024;11.8;3/09/2024;12.9;3/10/2024;12.9;2/11/2024;12.2;NULL;NULL;3/08/2024;3/09/2024;3/10/2024
*****797;25/12/1990;2;MOD;20/05/2025;11.8;NULL;NULL;NULL;NULL;NULL;NULL;NULL;NULL;20/05/2025;NULL;NULL
*****047;28/07/2005;2;MOD;15/05/2024;9.6;14/06/2024;9.3;NULL;NULL;15/08/2024;13.2;NULL;NULL;15/05/2024;14/06/2024;15/07/2024
*****857;5/03/1998;2;LEV;17/10/2024;12.1;16/11/2024;12.1;NULL;NULL;NULL;NULL;NULL;NULL;17/10/2024;16/11/2024;NULL
*****931;24/01/2001;2;LEV;5/02/2024;12.7;5/03/2024;14.7;27/04/2024;14.6;NULL;NULL;NULL;NULL;5/02/2024;5/03/2024;NULL
*****293;13/03/1998;2;LEV;26/09/2024;12.9;NULL;NULL;NULL;NULL;NULL;NULL;NULL;NULL;26/09/2024;NULL;NULL
*****361;11/07/2000;2;LEV;28/03/2024;11.4;29/04/2024;12.6;29/05/2024;12;NULL;NULL;NULL;NULL;28/03/2024;29/04/2024;29/05/2024
*****842;12/05/1989;1;LEV;20/07/2024;13;NULL;NULL;NULL;NULL;NULL;NULL;NULL;NULL;20/07/2024;19/08/2024;NULL
*****792;6/11/1989;2;LEV;7/09/2024;13;NULL;NULL;NULL;NULL;NULL;NULL;NULL;NULL;7/09/2024;NULL;NULL
*****786;18/12/1990;2;MOD;7/03/2024;12;NULL;NULL;NULL;NULL;NULL;NULL;NULL;NULL;7/03/2024;NULL;NULL
*****831;5/04/1993;2;MOD;2/01/2025;11.3;NULL;NULL;6/03/2025;10.5;NULL;NULL;NULL;NULL;2/01/2025;1/02/2025;6/03/2025
*****002;23/05/1992;2;MOD;17/05/2024;11.2;15/06/2024;11.2;17/07/2024;14.3;NULL;NULL;NULL;NULL;17/05/2024;15/06/2024;17/07/2024
*****529;25/06/1993;2;LEV;18/12/2023;NULL;NULL;NULL;NULL;NULL;23/04/2024;NULL;NULL;NULL;18/12/2023;18/01/2024;20/02/2024
*****224;7/02/2004;2;LEV;8/07/2024;12.7;NULL;NULL;NULL;NULL;NULL;NULL;NULL;NULL;8/07/2024;7/08/2024;NULL
*****922;10/03/1999;2;LEV;14/05/2025;12.8;NULL;NULL;NULL;NULL;NULL;NULL;NULL;NULL;14/05/2025;NULL;NULL
*****688;8/10/2004;2;LEV;4/12/2024;12.3;4/01/2025;12.8;NULL;NULL;NULL;NULL;NULL;NULL;4/12/2024;4/01/2025;3/02/2025
*****432;16/08/1985;2;LEV;26/10/2024;12.7;26/11/2024;12.9;2/01/2025;12.9;1/02/2025;14.5;5/03/2025;13.7;NULL;NULL;NULL
*****307;21/09/1984;2;LEV;3/04/2025;12.4;3/05/2025;13.8;NULL;NULL;NULL;NULL;NULL;NULL;3/04/2025;3/05/2025;NULL
*****238;8/11/1987;2;LEV;27/04/2024;11.4;27/05/2024;13.1;1/07/2024;13.1;NULL;NULL;NULL;NULL;27/04/2024;27/05/2024;1/07/2024
*****661;21/08/1997;2;LEV;27/11/2024;12.5;27/12/2024;13.4;NULL;NULL;NULL;NULL;NULL;NULL;27/11/2024;27/12/2024;25/01/2025
*****811;18/06/1999;2;MOD;29/05/2025;11.9;NULL;NULL;NULL;NULL;NULL;NULL;NULL;NULL;29/05/2025;NULL;NULL
*****312;19/06/1999;1;MOD;3/07/2024;12;NULL;NULL;NULL;NULL;NULL;NULL;NULL;NULL;3/07/2024;NULL;NULL
*****534;30/04/1999;2;MOD;17/05/2025;8.9;NULL;NULL;NULL;NULL;NULL;NULL;NULL;NULL;17/05/2025;NULL;NULL
*****621;2/10/2001;2;MOD;25/06/2024;11;NULL;NULL;NULL;NULL;NULL;NULL;NULL;NULL;25/06/2024;NULL;NULL
*****245;22/04/2001;2;LEV;5/01/2024;12.6;5/02/2024;11;5/03/2024;11;5/04/2024;12.1;6/05/2024;14.5;5/01/2024;5/02/2024;5/03/2024
*****369;10/07/1987;2;MOD;26/03/2024;11.3;26/04/2024;11.9;30/05/2024;11.5;NULL;NULL;NULL;NULL;26/03/2024;26/04/2024;30/05/2024
*****009;17/06/1989;2;MOD;10/05/2025;11.8;NULL;NULL;NULL;NULL;NULL;NULL;NULL;NULL;10/05/2025;NULL;NULL
*****790;12/12/1985;2;MOD;12/09/2024;11.8;12/10/2024;12.6;NULL;NULL;NULL;NULL;NULL;NULL;12/09/2024;12/10/2024;NULL
*****736;20/07/1990;2;MOD;20/11/2024;10.8;19/12/2024;12;21/01/2025;12.9;21/02/2025;11.3;29/03/2025;13.6;20/11/2024;19/12/2024;21/01/2025
*****626;3/03/1991;2;MOD;NULL;NULL;NULL;NULL;NULL;NULL;NULL;NULL;NULL;NULL;NULL;NULL;NULL
*****309;25/01/1990;2;MOD;24/01/2025;11.6;24/02/2025;14.6;NULL;NULL;NULL;NULL;NULL;NULL;24/01/2025;24/02/2025;NULL
*****421;4/02/1998;2;LEV;19/04/2025;12.1;19/05/2025;14;NULL;NULL;NULL;NULL;NULL;NULL;19/04/2025;19/05/2025;NULL
*****359;29/01/1997;2;LEV;23/10/2023;11.2;22/11/2023;11.9;NULL;NULL;NULL;NULL;NULL;NULL;23/10/2023;22/11/2023;22/12/2023
*****586;14/09/1999;10;LEV;4/01/2024;12.7;2/02/2024;13;NULL;NULL;NULL;NULL;NULL;NULL;4/01/2024;2/02/2024;NULL
*****390;21/07/1997;2;MOD;23/01/2025;11.9;22/02/2025;11.9;NULL;NULL;NULL;NULL;NULL;NULL;23/01/2025;22/02/2025;18/03/2025
*****983;23/04/1987;1;LEV;16/08/2024;12.4;NULL;NULL;NULL;NULL;NULL;NULL;NULL;NULL;16/08/2024;NULL;NULL
*****267;10/04/1987;2;LEV;5/07/2024;13;NULL;NULL;NULL;NULL;NULL;NULL;NULL;NULL;5/07/2024;NULL;NULL
*****385;3/09/2001;2;LEV;26/04/2025;12.2;27/05/2025;9.7;NULL;NULL;NULL;NULL;NULL;NULL;26/04/2025;27/05/2025;NULL
*****697;5/11/1996;2;LEV;26/11/2024;12;26/12/2024;12;NULL;NULL;NULL;NULL;NULL;NULL;26/11/2024;26/12/2024;NULL
*****073;23/03/2005;2;MOD;11/12/2024;11.7;NULL;NULL;NULL;NULL;NULL;NULL;NULL;NULL;11/12/2024;NULL;NULL
*****580;4/08/2003;2;LEV;17/05/2024;13;NULL;NULL;NULL;NULL;NULL;NULL;NULL;NULL;17/05/2024;NULL;NULL
*****310;8/07/2003;1;NULL;NULL;NULL;NULL;NULL;NULL;NULL;16/05/2025;13.3;NULL;NULL;NULL;NULL;NULL
*****755;11/07/1999;2;MOD;17/06/2024;14;NULL;NULL;NULL;NULL;NULL;NULL;NULL;NULL;17/06/2024;NULL;NULL
*****764;13/02/1988;2;LEV;27/11/2024;13;NULL;NULL;NULL;NULL;NULL;NULL;NULL;NULL;27/11/2024;27/12/2024;NULL
*****745;26/08/1988;2;LEV;22/02/2024;12.3;NULL;NULL;NULL;NULL;NULL;NULL;NULL;NULL;22/02/2024;NULL;NULL
*****606;20/05/1989;2;LEV;26/04/2025;12.3;27/05/2025;10.5;NULL;NULL;NULL;NULL;NULL;NULL;26/04/2025;27/05/2025;NULL
*****119;25/12/1993;2;LEV;11/03/2024;12.4;15/04/2024;12.9;17/05/2024;13.3;NULL;NULL;NULL;NULL;11/03/2024;15/04/2024;17/05/2024
*****733;10/11/2005;2;LEV;25/01/2024;12.2;4/03/2024;13.7;NULL;NULL;NULL;NULL;NULL;NULL;25/01/2024;4/03/2024;NULL
*****024;18/08/1994;2;MOD;3/12/2024;11.5;2/01/2025;15;NULL;NULL;1/04/2025;14.2;NULL;NULL;3/12/2024;2/01/2025;NULL
*****494;24/07/1985;2;MOD;25/06/2024;11.6;25/07/2024;11.4;5/10/2024;12.6;28/09/2024;10.6;NULL;NULL;25/06/2024;25/07/2024;24/08/2024
*****503;14/09/1986;2;LEV;4/05/2024;12.6;4/06/2024;12.2;NULL;NULL;23/09/2024;12.8;NULL;NULL;4/05/2024;4/06/2024;6/07/2024
*****353;17/10/1986;2;LEV;29/10/2024;12.6;28/11/2024;12.6;30/12/2024;13.7;NULL;NULL;NULL;NULL;29/10/2024;28/11/2024;30/12/2024
*****732;25/07/1984;2;LEV;23/03/2024;12.9;NULL;NULL;NULL;NULL;NULL;NULL;NULL;NULL;23/03/2024;20/04/2024;NULL
*****400;17/02/1987;1;MOD;NULL;NULL;NULL;NULL;NULL;NULL;NULL;NULL;NULL;NULL;NULL;NULL;NULL
*****300;29/09/1987;2;LEV;12/12/2024;12.3;11/01/2025;11.5;NULL;NULL;NULL;NULL;NULL;NULL;12/12/2024;11/01/2025;NULL
*****111;8/12/1994;2;MOD;14/02/2025;11.3;18/03/2025;11.3;NULL;NULL;NULL;NULL;NULL;NULL;14/02/2025;18/03/2025;NULL
*****656;23/08/1997;2;LEV;13/11/2023;12.7;NULL;NULL;12/01/2024;12.8;NULL;NULL;NULL;NULL;13/11/2023;13/12/2023;12/01/2024
*****434;12/10/2002;2;MOD;5/12/2024;11.7;4/01/2025;13.3;17/02/2025;14;NULL;NULL;NULL;NULL;5/12/2024;4/01/2025;NULL
*****801;28/01/2005;2;LEV;19/05/2025;12.3;NULL;NULL;NULL;NULL;NULL;NULL;NULL;NULL;19/05/2025;NULL;NULL
*****483;19/11/2001;1;MOD;4/11/2024;11.5;NULL;NULL;NULL;NULL;NULL;NULL;NULL;NULL;4/11/2024;7/10/2024;NULL
*****201;2/07/1981;2;MOD;NULL;NULL;NULL;NULL;NULL;NULL;NULL;NULL;NULL;NULL;NULL;NULL;NULL
*****870;6/09/2002;2;MOD;8/02/2024;12;8/03/2024;12;10/04/2024;13.2;NULL;NULL;9/07/2024;12.7;8/02/2024;8/03/2024;NULL
*****092;25/11/2000;2;LEV;20/06/2024;12.2;20/07/2024;11.9;20/08/2024;14.8;NULL;NULL;NULL;NULL;20/06/2024;20/07/2024;20/08/2024
*****653;24/12/1999;2;NULL;NULL;NULL;NULL;NULL;NULL;NULL;NULL;NULL;NULL;NULL;NULL;NULL;NULL
*****283;21/01/2006;2;MOD;5/03/2025;11.5;NULL;NULL;NULL;NULL;NULL;NULL;NULL;NULL;5/03/2025;NULL;NULL
*****338;25/10/2005;2;MOD;22/04/2024;12;22/05/2024;11.7;22/06/2024;12.8;22/07/2024;13.5;NULL;NULL;22/04/2024;22/05/2024;22/06/2024
*****588;15/02/1998;2;MOD;31/10/2024;11.3;2/12/2024;11;NULL;NULL;21/02/2025;12.8;NULL;NULL;31/10/2024;2/12/2024;NULL
*****673;4/09/1999;2;SEV;28/11/2024;9.9;28/12/2024;9.9;27/01/2025;11.9;26/02/2025;12.1;NULL;NULL;28/11/2024;28/12/2024;27/01/2025
*****590;6/09/1994;1;LEV;28/06/2024;12.9;NULL;NULL;NULL;NULL;28/09/2024;14.9;NULL;NULL;28/06/2024;NULL;NULL
*****441;26/12/1995;2;LEV;18/10/2023;12.2;NULL;NULL;18/12/2023;13.2;17/01/2024;13.3;NULL;NULL;18/10/2023;17/11/2023;NULL
*****984;28/04/2004;2;MOD;12/05/2025;10.8;NULL;NULL;NULL;NULL;NULL;NULL;NULL;NULL;12/05/2025;NULL;NULL
*****703;19/08/1996;2;LEV;15/11/2023;12.8;30/12/2023;11.9;NULL;NULL;NULL;NULL;NULL;NULL;15/11/2023;30/12/2023;NULL
*****486;22/01/1999;2;MOD;23/03/2024;12;NULL;NULL;NULL;NULL;NULL;NULL;NULL;NULL;23/03/2024;NULL;NULL
*****627;28/08/2005;2;MOD;24/10/2023;11.7;23/11/2023;13.2;NULL;NULL;NULL;NULL;NULL;NULL;24/10/2023;23/11/2023;NULL
*****724;19/09/1993;2;MOD;27/01/2024;11.6;28/02/2024;10.2;NULL;NULL;NULL;NULL;NULL;NULL;27/01/2024;28/02/2024;NULL
*****539;10/08/1991;2;LEV;15/04/2025;12.2;14/05/2025;14;NULL;NULL;NULL;NULL;NULL;NULL;15/04/2025;14/05/2025;NULL
*****768;24/03/1997;2;MOD;11/03/2024;11.5;11/04/2024;12.7;NULL;NULL;11/06/2024;13.3;NULL;NULL;11/03/2024;11/04/2024;11/05/2024
*****121;7/10/2003;2;LEV;14/10/2024;12.5;13/11/2024;12.5;NULL;NULL;1/03/2025;NULL;NULL;NULL;14/10/2024;13/11/2024;NULL
*****187;30/06/1997;2;LEV;4/11/2023;12.4;NULL;NULL;2/02/2024;12.2;NULL;NULL;NULL;NULL;4/11/2023;4/12/2023;NULL
*****757;12/08/1986;2;MOD;13/02/2024;11.2;NULL;NULL;15/04/2024;12.4;NULL;NULL;NULL;NULL;13/02/2024;NULL;NULL
*****758;27/01/1992;2;LEV;7/02/2025;12.4;11/03/2025;12.4;NULL;NULL;NULL;NULL;NULL;NULL;7/02/2025;11/03/2025;NULL
*****264;25/02/1989;2;LEV;22/01/2024;12.2;NULL;NULL;NULL;NULL;NULL;NULL;NULL;NULL;22/01/2024;NULL;NULL
*****290;11/02/1993;2;LEV;1/07/2024;12.9;NULL;NULL;5/09/2024;14.8;NULL;NULL;NULL;NULL;1/07/2024;1/08/2024;5/09/2024
*****297;20/07/1991;1;LEV;23/07/2024;12.7;23/08/2024;11.5;23/10/2024;11.5;NULL;NULL;22/11/2024;12.7;23/07/2024;23/08/2024;23/09/2024
*****594;14/06/2006;2;LEV;NULL;NULL;NULL;NULL;NULL;NULL;NULL;NULL;NULL;NULL;NULL;NULL;NULL
*****513;16/10/2003;1;LEV;10/01/2025;10.1;12/02/2025;12.5;NULL;NULL;NULL;NULL;NULL;NULL;10/01/2025;11/02/2025;NULL
*****023;22/03/2002;2;LEV;6/04/2024;NULL;NULL;NULL;NULL;NULL;NULL;NULL;NULL;NULL;6/04/2024;NULL;NULL
******212;20/07/1994;2;LEV;15/03/2025;12.1;14/04/2025;13;14/05/2025;12.1;NULL;NULL;NULL;NULL;15/03/2025;14/04/2025;14/05/2025
*****655;24/03/2002;2;LEV;6/02/2024;12.5;NULL;NULL;NULL;NULL;NULL;NULL;NULL;NULL;6/02/2024;NULL;NULL
*****362;31/05/1986;2;LEV;23/05/2025;12.3;NULL;NULL;NULL;NULL;NULL;NULL;NULL;NULL;23/05/2025;NULL;NULL
*****329;21/10/1987;2;LEV;13/03/2024;14.4;13/04/2024;12;NULL;NULL;20/07/2024;13.2;NULL;NULL;13/03/2024;13/04/2024;NULL
*****686;1/01/2005;2;LEV;23/07/2024;12.4;NULL;NULL;23/09/2024;11.3;NULL;NULL;NULL;NULL;23/07/2024;23/08/2024;23/09/2024
*****462;9/08/2000;2;MOD;22/04/2025;11.1;22/05/2025;11.1;NULL;NULL;NULL;NULL;NULL;NULL;22/04/2025;22/05/2025;NULL
*****156;12/06/2003;2;MOD;21/10/2023;11.4;NULL;NULL;NULL;NULL;NULL;NULL;NULL;NULL;21/10/2023;20/11/2023;20/12/2023
*****035;5/07/1999;2;LEV;2/10/2024;12.6;2/11/2024;12.7;2/12/2024;14.4;NULL;NULL;NULL;NULL;2/10/2024;2/11/2024;2/12/2024
*****634;5/05/1995;2;LEV;20/08/2024;12.2;NULL;NULL;NULL;NULL;NULL;NULL;NULL;NULL;20/08/2024;20/09/2024;NULL
*****455;20/01/1995;2;MOD;18/01/2025;11.4;19/02/2025;11.4;28/03/2025;13.5;7/05/2025;NULL;NULL;NULL;18/01/2025;19/02/2025;28/03/2025
*****023;9/02/1995;2;LEV;6/05/2025;13.7;NULL;NULL;NULL;NULL;NULL;NULL;NULL;NULL;6/05/2025;NULL;NULL
*****948;26/02/1998;1;LEV;15/03/2024;12.5;NULL;NULL;NULL;NULL;NULL;NULL;NULL;NULL;15/03/2024;NULL;NULL
*****203;15/03/2006;2;MOD;17/01/2024;11.6;16/02/2024;10.8;NULL;NULL;23/05/2024;NULL;NULL;NULL;17/01/2024;16/02/2024;16/03/2024
*****282;18/07/2005;1;LEV;NULL;NULL;NULL;NULL;NULL;NULL;NULL;NULL;NULL;NULL;NULL;NULL;NULL
*****413;1/02/1996;2;MOD;17/09/2024;11.1;16/11/2024;13;NULL;NULL;28/01/2025;12.2;NULL;NULL;17/09/2024;17/10/2024;NULL
*****903;23/02/1998;2;MOD;21/05/2025;10.3;NULL;NULL;NULL;NULL;NULL;NULL;NULL;NULL;21/05/2025;NULL;NULL
*****654;30/05/2000;2;LEV;13/09/2024;12.4;14/10/2024;12.4;15/11/2024;12.3;17/12/2024;12.8;16/01/2025;13.7;13/09/2024;14/10/2024;15/11/2024
*****873;15/08/1997;2;LEV;25/03/2025;11.5;24/05/2025;13.1;NULL;NULL;NULL;NULL;NULL;NULL;25/03/2025;24/04/2025;NULL
*****654;15/06/2002;1;MOD;NULL;NULL;28/11/2024;13.2;NULL;NULL;NULL;NULL;NULL;NULL;NULL;NULL;NULL
*****402;18/08/2000;2;MOD;19/10/2024;11.4;18/11/2024;12.5;18/12/2024;13.1;NULL;NULL;NULL;NULL;19/10/2024;18/11/2024;18/12/2024
*****702;1/10/2000;2;LEV;21/03/2024;12.8;19/04/2024;14.1;NULL;NULL;NULL;NULL;NULL;NULL;21/03/2024;19/04/2024;NULL
*****108;15/09/2000;2;LEV;28/08/2024;12.4;NULL;NULL;NULL;NULL;NULL;NULL;NULL;NULL;28/08/2024;NULL;NULL
*****597;25/05/1997;2;LEV;5/01/2024;12.5;NULL;NULL;NULL;NULL;NULL;NULL;NULL;NULL;5/01/2024;NULL;NULL
*****411;8/08/1993;2;LEV;1/04/2024;12.6;NULL;NULL;NULL;NULL;NULL;NULL;NULL;NULL;1/04/2024;2/05/2024;NULL
*****568;7/02/2004;2;LEV;19/02/2025;12.5;NULL;NULL;NULL;NULL;NULL;NULL;NULL;NULL;19/02/2025;20/03/2025;NULL
*****801;7/04/2000;2;NULL;NULL;NULL;NULL;NULL;NULL;NULL;NULL;NULL;NULL;NULL;NULL;NULL;NULL
*****515;12/08/1995;2;LEV;20/12/2023;12.3;NULL;NULL;NULL;NULL;8/04/2024;12.8;NULL;NULL;20/12/2023;19/01/2024;19/02/2024
*****596;9/11/1998;2;LEV;11/10/2023;12.2;NULL;NULL;NULL;NULL;NULL;NULL;NULL;NULL;11/10/2023;10/11/2023;11/12/2023
*****582;12/08/2002;2;LEV;10/02/2024;12.7;11/03/2024;12.5;NULL;NULL;NULL;NULL;NULL;NULL;10/02/2024;NULL;NULL
*****902;9/03/1996;2;LEV;19/01/2024;12.4;NULL;NULL;21/03/2024;14.2;8/05/2024;NULL;NULL;NULL;19/01/2024;NULL;NULL
*****711;28/04/2003;2;MOD;9/05/2025;10.3;NULL;NULL;NULL;NULL;NULL;NULL;NULL;NULL;9/05/2025;NULL;NULL
*****785;25/05/1994;2;LEV;3/01/2024;NULL;NULL;NULL;NULL;NULL;NULL;NULL;NULL;NULL;3/01/2024;NULL;NULL
*****718;28/05/1997;2;LEV;17/06/2024;12.2;NULL;NULL;16/08/2024;12.3;NULL;NULL;NULL;NULL;17/06/2024;NULL;NULL
*****012;8/10/1994;2;LEV;28/03/2024;10.7;29/04/2024;12.5;29/05/2024;11.8;NULL;NULL;NULL;NULL;28/03/2024;29/04/2024;29/05/2024
*****611;16/08/1987;2;LEV;18/10/2023;12.8;NULL;NULL;NULL;NULL;NULL;NULL;NULL;NULL;18/10/2023;NULL;NULL
*****534;26/03/1989;2;LEV;12/04/2024;12.3;13/05/2024;13.1;NULL;NULL;NULL;NULL;NULL;NULL;12/04/2024;13/05/2024;NULL
*****561;15/02/1991;2;MOD;16/01/2025;12.1;17/02/2025;12.1;NULL;NULL;NULL;NULL;NULL;NULL;16/01/2025;17/02/2025;NULL
*****211;21/03/1993;2;LEV;27/09/2024;12.3;28/10/2024;13.4;NULL;NULL;NULL;NULL;NULL;NULL;27/09/2024;28/10/2024;NULL
*****719;20/10/1985;2;LEV;3/05/2024;12.6;5/07/2024;12.6;NULL;NULL;5/08/2024;12;NULL;NULL;3/05/2024;3/06/2024;NULL
*****502;3/03/2008;2;LEV;18/01/2025;12.2;17/02/2025;14.4;19/03/2025;12.1;NULL;NULL;NULL;NULL;18/01/2025;17/02/2025;NULL
*****387;1/12/1999;2;LEV;21/11/2024;12.4;21/12/2024;12.4;24/02/2025;13.4;26/03/2025;12.9;25/04/2025;12.9;21/11/2024;NULL;NULL
*****126;13/09/2005;2;MOD;5/11/2024;11.6;NULL;NULL;NULL;NULL;NULL;NULL;NULL;NULL;5/11/2024;NULL;NULL
*****047;10/02/2002;2;LEV;27/10/2023;16.3;27/11/2023;13.8;27/12/2023;13.8;8/03/2024;NULL;NULL;NULL;27/10/2023;NULL;NULL
*****198;3/12/2004;2;LEV;23/08/2024;12.4;23/09/2024;13.4;25/10/2024;12.2;NULL;NULL;NULL;NULL;23/08/2024;23/09/2024;25/10/2024
*****919;17/02/1996;1;MOD;11/10/2023;11.7;11/12/2023;13.4;NULL;NULL;11/01/2024;13.4;12/02/2024;13.4;11/10/2023;NULL;NULL
*****084;17/10/1985;2;LEV;29/02/2024;12.7;NULL;NULL;NULL;NULL;NULL;NULL;NULL;NULL;29/02/2024;NULL;NULL
*****189;27/07/1997;2;MOD;2/11/2024;10.9;4/12/2024;10.9;NULL;NULL;NULL;NULL;NULL;NULL;2/11/2024;4/12/2024;NULL
*****427;25/05/2000;2;LEV;6/11/2023;12.5;NULL;NULL;5/01/2024;12.9;9/02/2024;13;NULL;NULL;6/11/2023;6/12/2023;5/01/2024
*****048;10/07/2005;2;LEV;14/05/2024;10.4;14/06/2024;9.1;15/07/2024;10.8;14/08/2024;10.5;14/09/2024;9.7;14/05/2024;14/06/2024;15/07/2024
*****662;19/10/1999;2;LEV;2/04/2024;12.2;2/05/2024;11.9;4/06/2024;13.5;4/07/2024;13.6;NULL;NULL;2/04/2024;2/05/2024;4/06/2024
*****352;19/09/2001;2;LEV;4/06/2024;12.3;NULL;NULL;NULL;NULL;NULL;NULL;NULL;NULL;4/06/2024;NULL;NULL
*****241;12/12/1998;2;MOD;26/05/2025;10.8;NULL;NULL;NULL;NULL;NULL;NULL;NULL;NULL;26/05/2025;NULL;NULL
*****933;22/01/1992;2;MOD;8/06/2024;10.9;NULL;NULL;NULL;NULL;NULL;NULL;NULL;NULL;8/06/2024;NULL;NULL
*****785;2/08/1992;2;LEV;26/02/2024;12.4;26/03/2024;12.4;26/04/2024;12.6;NULL;NULL;NULL;NULL;26/02/2024;26/03/2024;26/04/2024
*****086;8/11/1996;2;LEV;7/08/2024;12.4;6/09/2024;13.7;7/10/2024;13.2;NULL;NULL;NULL;NULL;7/08/2024;6/09/2024;7/10/2024
*****702;9/02/2010;2;MOD;23/10/2024;11.6;NULL;NULL;NULL;NULL;NULL;NULL;NULL;NULL;NULL;NULL;NULL
*****849;12/11/2000;2;LEV;3/07/2024;12.2;NULL;NULL;3/09/2024;12.2;2/10/2024;13;NULL;NULL;3/07/2024;3/08/2024;3/09/2024
*****946;12/08/1993;2;SEV;6/05/2025;8.8;NULL;NULL;NULL;NULL;NULL;NULL;NULL;NULL;6/05/2025;NULL;NULL
*****479;9/10/2001;2;LEV;19/03/2024;12.2;NULL;NULL;NULL;NULL;NULL;NULL;NULL;NULL;19/03/2024;NULL;NULL
*****237;8/05/1994;1;MOD;23/09/2024;11.7;NULL;NULL;NULL;NULL;NULL;NULL;NULL;NULL;23/09/2024;NULL;NULL
*****281;9/02/2005;2;LEV;14/04/2025;11.6;14/05/2025;10.8;NULL;NULL;NULL;NULL;NULL;NULL;14/04/2025;14/05/2025;NULL
*****011;9/03/1984;2;LEV;21/05/2025;12.4;NULL;NULL;NULL;NULL;NULL;NULL;NULL;NULL;21/05/2025;NULL;NULL
*****832;8/09/1986;2;LEV;20/03/2024;12.8;19/04/2024;13.7;20/05/2024;12.5;19/07/2024;13.2;19/08/2024;12.4;20/03/2024;19/04/2024;20/05/2024
*****024;22/01/1988;2;LEV;26/04/2024;12.6;27/05/2024;11.8;26/06/2024;11.8;NULL;NULL;NULL;NULL;26/04/2024;27/05/2024;26/06/2024
*****594;7/08/2002;2;LEV;17/06/2024;12.6;NULL;NULL;NULL;NULL;NULL;NULL;NULL;NULL;17/06/2024;NULL;NULL
*****640;21/02/2004;2;LEV;24/10/2024;12.4;NULL;NULL;NULL;NULL;NULL;NULL;NULL;NULL;24/10/2024;23/11/2024;23/12/2024
*****898;20/01/1999;2;MOD;27/05/2025;11.4;NULL;NULL;NULL;NULL;NULL;NULL;NULL;NULL;27/05/2025;NULL;NULL
*****129;3/03/1997;2;LEV;30/12/2024;12.3;29/01/2025;11.4;28/02/2025;13.9;NULL;NULL;NULL;NULL;NULL;NULL;NULL
*****842;18/02/2000;2;LEV;7/11/2024;12.4;7/12/2024;13.2;NULL;NULL;NULL;NULL;NULL;NULL;7/11/2024;7/12/2024;6/01/2025
*****752;1/09/2002;2;MOD;17/10/2023;11.1;NULL;NULL;NULL;NULL;NULL;NULL;NULL;NULL;17/10/2023;NULL;NULL
*****055;5/05/2008;10;LEV;6/11/2023;12.3;NULL;NULL;NULL;NULL;NULL;NULL;NULL;NULL;6/11/2023;6/12/2023;6/01/2024
*****986;5/06/2010;2;MOD;15/05/2025;11.4;NULL;NULL;NULL;NULL;NULL;NULL;NULL;NULL;15/05/2025;NULL;NULL
*****681;20/12/1997;2;LEV;7/04/2025;10.4;7/05/2025;9.4;NULL;NULL;NULL;NULL;NULL;NULL;7/04/2025;7/05/2025;NULL
*****879;21/01/1994;2;LEV;17/10/2023;12.4;NULL;NULL;23/12/2023;13.2;NULL;NULL;23/02/2024;13.2;17/10/2023;23/11/2023;NULL
*****694;6/09/2001;2;LEV;28/02/2025;12.5;NULL;NULL;NULL;NULL;NULL;NULL;NULL;NULL;28/02/2025;28/03/2025;NULL
*****687;16/05/2003;2;MOD;27/07/2024;12;26/08/2024;13.2;NULL;NULL;NULL;NULL;NULL;NULL;27/07/2024;26/08/2024;26/09/2024
*****115;4/09/1982;2;MOD;28/03/2024;12;NULL;NULL;NULL;NULL;28/06/2024;14.6;NULL;NULL;28/03/2024;29/04/2024;29/05/2024
*****970;30/12/1991;2;LEV;10/05/2024;12.8;10/06/2024;14.9;NULL;NULL;NULL;NULL;NULL;NULL;10/05/2024;10/06/2024;10/07/2024
*****971;25/05/1996;2;MOD;25/05/2024;11.3;NULL;NULL;NULL;NULL;NULL;NULL;NULL;NULL;25/05/2024;25/06/2024;NULL
*****226;13/06/2008;2;LEV;NULL;NULL;NULL;NULL;NULL;NULL;NULL;NULL;NULL;NULL;NULL;NULL;NULL
*****870;22/07/2003;2;LEV;8/05/2024;12.2;NULL;NULL;NULL;NULL;11/09/2024;13.7;NULL;NULL;8/05/2024;7/06/2024;8/07/2024
*****189;21/04/2000;2;LEV;24/06/2024;12.3;NULL;NULL;NULL;NULL;NULL;NULL;NULL;NULL;24/06/2024;NULL;NULL
*****145;10/07/2000;2;LEV;NULL;NULL;NULL;NULL;NULL;NULL;NULL;NULL;NULL;NULL;NULL;NULL;NULL
*****457;1/03/1985;2;LEV;20/03/2025;11.4;21/04/2025;12.1;NULL;NULL;NULL;NULL;NULL;NULL;20/03/2025;21/04/2025;NULL
*****247;18/04/1986;2;LEV;26/01/2024;12.5;NULL;NULL;NULL;NULL;NULL;NULL;NULL;NULL;26/01/2024;NULL;NULL
*****093;8/09/1988;2;MOD;26/06/2024;11.3;30/07/2024;15;7/10/2024;13;NULL;NULL;8/11/2024;14.9;26/06/2024;30/07/2024;NULL
*****146;22/08/1988;2;MOD;8/07/2024;11.2;NULL;NULL;NULL;NULL;NULL;NULL;NULL;NULL;8/07/2024;NULL;NULL
*****152;19/12/2002;2;LEV;9/12/2023;10.7;9/01/2024;13.2;8/02/2024;13.2;NULL;NULL;NULL;NULL;9/12/2023;9/01/2024;8/02/2024
*****681;16/04/1992;2;LEV;22/01/2024;12.4;NULL;NULL;NULL;NULL;NULL;NULL;NULL;NULL;22/01/2024;NULL;NULL
*****234;19/12/1990;2;LEV;25/09/2024;13;5/11/2024;11.2;NULL;NULL;NULL;NULL;NULL;NULL;25/09/2024;5/11/2024;NULL
*****432;28/03/1994;2;LEV;27/06/2024;13.1;NULL;NULL;NULL;NULL;NULL;NULL;NULL;NULL;27/06/2024;27/07/2024;NULL
*****922;2/01/2006;2;MOD;NULL;NULL;NULL;NULL;NULL;NULL;NULL;NULL;NULL;NULL;NULL;NULL;NULL
*****544;25/03/2010;1;LEV;15/10/2024;12.7;14/11/2024;13.6;NULL;NULL;NULL;NULL;NULL;NULL;15/10/2024;NULL;NULL
*****386;13/12/1995;2;MOD;23/04/2025;11.5;23/05/2025;11.5;NULL;NULL;NULL;NULL;NULL;NULL;23/04/2025;23/05/2025;NULL
*****033;21/06/2002;2;LEV;28/12/2023;13.1;NULL;NULL;NULL;NULL;NULL;NULL;NULL;NULL;28/12/2023;NULL;NULL
*****960;11/05/2005;2;LEV;28/02/2024;12.6;NULL;NULL;NULL;NULL;NULL;NULL;NULL;NULL;28/02/2024;NULL;NULL
*****122;7/10/2004;2;LEV;28/05/2025;12.1;NULL;NULL;NULL;NULL;NULL;NULL;NULL;NULL;28/05/2025;NULL;NULL
*****091;23/11/1998;2;LEV;26/02/2024;13.3;NULL;NULL;NULL;NULL;NULL;NULL;NULL;NULL;26/02/2024;NULL;NULL
*******624;7/09/1982;2;LEV;13/03/2024;12.1;13/04/2024;12.1;15/05/2024;12;NULL;NULL;NULL;NULL;13/03/2024;13/04/2024;15/05/2024
*****463;14/03/1992;2;LEV;23/04/2025;12.3;NULL;NULL;NULL;NULL;NULL;NULL;NULL;NULL;23/04/2025;23/05/2025;NULL
*****091;22/05/1995;2;MOD;16/05/2025;10;NULL;NULL;NULL;NULL;NULL;NULL;NULL;NULL;16/05/2025;NULL;NULL
*****499;18/05/1999;2;LEV;19/04/2025;12.4;19/05/2025;13;NULL;NULL;NULL;NULL;NULL;NULL;19/04/2025;19/05/2025;NULL
*****477;1/07/1994;2;MOD;8/07/2024;11.3;NULL;NULL;NULL;NULL;NULL;NULL;NULL;NULL;8/07/2024;NULL;NULL
*****167;28/10/1995;2;LEV;17/10/2024;10.5;NULL;NULL;NULL;NULL;NULL;NULL;NULL;NULL;17/10/2024;NULL;NULL
*****248;7/06/1991;2;LEV;19/02/2025;12.6;22/03/2025;13.2;NULL;NULL;NULL;NULL;NULL;NULL;19/02/2025;22/03/2025;NULL
*****835;15/08/1984;2;LEV;15/07/2024;13;NULL;NULL;17/09/2024;13.7;16/10/2024;13.5;NULL;NULL;15/07/2024;14/08/2024;NULL
*****304;29/01/1985;2;LEV;15/05/2025;12.2;NULL;NULL;NULL;NULL;NULL;NULL;NULL;NULL;15/05/2025;NULL;NULL
*****143;5/03/1986;2;LEV;27/01/2025;12.4;26/02/2025;13.8;NULL;NULL;NULL;NULL;NULL;NULL;27/01/2025;26/02/2025;28/03/2025
*****891;30/03/1987;2;LEV;6/09/2024;12.8;7/11/2024;12.8;NULL;NULL;7/12/2024;13.1;7/01/2025;13.1;6/09/2024;7/10/2024;7/11/2024
*****431;23/12/1990;2;LEV;31/05/2024;12.7;NULL;NULL;NULL;NULL;NULL;NULL;NULL;NULL;31/05/2024;NULL;NULL
*****339;8/04/1990;2;MOD;26/08/2024;11.5;26/09/2024;12.4;NULL;NULL;NULL;NULL;NULL;NULL;26/08/2024;26/09/2024;26/10/2024
*****898;2/04/2000;2;LEV;20/02/2025;12.2;24/03/2025;12.2;NULL;NULL;NULL;NULL;NULL;NULL;20/02/2025;24/03/2025;NULL
*****937;31/07/1998;2;NULL;NULL;NULL;NULL;NULL;NULL;NULL;NULL;NULL;NULL;NULL;NULL;NULL;NULL
*****570;28/07/1995;2;LEV;17/10/2024;10.9;NULL;NULL;NULL;NULL;NULL;NULL;NULL;NULL;17/10/2024;16/11/2024;17/12/2024
*****537;17/06/1999;2;LEV;18/05/2024;12.9;17/06/2024;10.4;NULL;NULL;NULL;NULL;NULL;NULL;18/05/2024;17/06/2024;17/07/2024
*****436;20/11/2000;2;MOD;8/06/2024;11.9;NULL;NULL;NULL;NULL;NULL;NULL;NULL;NULL;8/06/2024;8/07/2024;8/08/2024
*****050;29/12/1995;2;MOD;29/11/2023;12;29/12/2023;12;NULL;NULL;NULL;NULL;NULL;NULL;29/11/2023;29/12/2023;NULL
*****048;31/12/2004;2;LEV;21/10/2024;13;NULL;NULL;NULL;NULL;NULL;NULL;NULL;NULL;21/10/2024;NULL;NULL
*****558;9/06/1998;2;LEV;11/10/2023;12.5;10/11/2023;12.5;10/01/2024;13.2;NULL;NULL;NULL;NULL;11/10/2023;10/11/2023;11/12/2023
*****705;23/12/1997;2;LEV;28/02/2024;12.2;2/04/2024;11.3;2/05/2024;12;3/06/2024;12.1;NULL;NULL;28/02/2024;2/04/2024;2/05/2024
*****506;8/04/2001;2;LEV;12/05/2025;12.9;NULL;NULL;NULL;NULL;NULL;NULL;NULL;NULL;12/05/2025;NULL;NULL
*****690;13/09/1999;2;LEV;29/08/2024;12.3;NULL;NULL;NULL;NULL;NULL;NULL;NULL;NULL;29/08/2024;NULL;NULL
*****197;3/12/2002;2;LEV;24/11/2023;12.8;26/12/2023;11.8;NULL;NULL;NULL;NULL;NULL;NULL;24/11/2023;26/12/2023;NULL
*****942;25/05/1995;2;LEV;12/08/2024;12.5;12/09/2024;12.5;12/10/2024;12.5;NULL;NULL;NULL;NULL;12/08/2024;NULL;NULL
*****620;3/04/1994;2;LEV;18/10/2024;12.7;NULL;NULL;NULL;NULL;NULL;NULL;NULL;NULL;18/10/2024;NULL;NULL
*****102;7/05/1996;1;LEV;19/06/2024;12.8;19/07/2024;15.2;19/08/2024;13;18/10/2024;NULL;NULL;NULL;19/06/2024;19/07/2024;19/08/2024
*****131;5/10/2003;2;MOD;4/06/2024;12;NULL;NULL;NULL;NULL;NULL;NULL;NULL;NULL;4/06/2024;NULL;NULL
*****767;17/12/1996;2;LEV;NULL;NULL;NULL;NULL;NULL;NULL;NULL;NULL;NULL;NULL;NULL;NULL;NULL
*****215;19/06/2004;2;LEV;23/05/2025;11.9;NULL;NULL;NULL;NULL;NULL;NULL;NULL;NULL;23/05/2025;NULL;NULL
*****973;20/06/1996;2;LEV;17/02/2025;12.4;18/03/2025;12.4;16/05/2025;14.5;NULL;NULL;NULL;NULL;17/02/2025;18/03/2025;NULL
*****218;22/04/1994;2;LEV;19/04/2025;11.8;20/05/2025;11.8;NULL;NULL;NULL;NULL;NULL;NULL;19/04/2025;20/05/2025;NULL
*****162;27/12/1997;2;MOD;22/03/2024;11.3;NULL;NULL;NULL;NULL;27/07/2024;15.7;NULL;NULL;22/03/2024;22/04/2024;22/05/2024
*****034;27/05/1994;2;MOD;29/04/2025;11.7;28/05/2025;12.3;NULL;NULL;NULL;NULL;NULL;NULL;29/04/2025;28/05/2025;NULL
*****640;9/04/2003;2;LEV;24/01/2024;13;NULL;NULL;NULL;NULL;NULL;NULL;NULL;NULL;24/01/2024;NULL;NULL
*****092;4/02/1998;2;LEV;7/11/2023;12.9;9/12/2023;12.3;6/01/2024;14.2;NULL;NULL;6/04/2024;13.5;7/11/2023;9/12/2023;6/01/2024
*****505;3/03/1997;2;MOD;16/12/2024;11.8;16/01/2025;11.8;NULL;NULL;NULL;NULL;NULL;NULL;16/12/2024;16/01/2025;NULL
*****635;1/04/2005;2;LEV;3/02/2024;12.8;12/03/2024;14.4;NULL;NULL;NULL;NULL;NULL;NULL;3/02/2024;12/03/2024;NULL
*****774;29/07/2004;2;MOD;9/07/2024;13.6;NULL;NULL;NULL;NULL;NULL;NULL;NULL;NULL;9/07/2024;8/08/2024;7/09/2024
*****095;23/05/1999;2;LEV;28/08/2024;12.2;28/09/2024;12.8;28/10/2024;11.3;27/11/2024;10.7;27/12/2024;11.7;28/08/2024;28/09/2024;28/10/2024
*****611;12/03/2000;2;MOD;12/10/2023;11;NULL;NULL;NULL;NULL;NULL;NULL;NULL;NULL;12/10/2023;NULL;NULL
*****823;11/12/1998;2;LEV;15/01/2025;11.8;14/02/2025;13.1;NULL;NULL;NULL;NULL;NULL;NULL;15/01/2025;14/02/2025;14/03/2025
*****179;24/03/2005;1;MOD;7/05/2025;14;NULL;NULL;NULL;NULL;NULL;NULL;NULL;NULL;7/05/2025;NULL;NULL
*****465;14/03/2001;2;LEV;21/06/2024;16.2;22/07/2024;15.5;5/09/2024;15.8;24/10/2024;13.7;NULL;NULL;21/06/2024;22/07/2024;21/08/2024
*****600;23/09/1997;2;LEV;23/01/2025;12.5;22/02/2025;13.2;NULL;NULL;NULL;NULL;NULL;NULL;23/01/2025;22/02/2025;NULL
*****981;30/06/1997;2;MOD;26/06/2024;10.5;NULL;NULL;NULL;NULL;NULL;NULL;NULL;NULL;26/06/2024;26/07/2024;26/08/2024
*****078;6/06/2005;2;LEV;12/07/2024;12.8;12/08/2024;12;12/09/2024;12.6;15/10/2024;10.8;NULL;NULL;12/07/2024;12/08/2024;12/09/2024
*****564;24/05/2002;2;LEV;10/06/2024;12;NULL;NULL;NULL;NULL;NULL;NULL;NULL;NULL;10/06/2024;24/07/2024;NULL
*****839;3/06/2007;2;LEV;10/10/2024;12.1;NULL;NULL;NULL;NULL;31/01/2025;NULL;NULL;NULL;10/10/2024;9/11/2024;NULL
*****290;30/11/1997;2;MOD;18/12/2024;12;17/01/2025;12;NULL;NULL;NULL;NULL;NULL;NULL;18/12/2024;17/01/2025;NULL
*****586;30/11/1993;2;LEV;10/04/2024;13;NULL;NULL;10/06/2024;14.4;NULL;NULL;NULL;NULL;10/04/2024;10/05/2024;10/06/2024
*****166;3/05/2000;2;LEV;7/03/2024;12.7;8/04/2024;13.4;NULL;NULL;NULL;NULL;NULL;NULL;7/03/2024;8/04/2024;NULL
*****878;26/05/1994;2;LEV;26/08/2024;12.7;2/10/2024;11.7;NULL;NULL;NULL;NULL;NULL;NULL;26/08/2024;2/10/2024;NULL
*****502;1/03/2004;2;MOD;9/08/2024;12.8;8/11/2024;13.2;NULL;NULL;NULL;NULL;NULL;NULL;9/08/2024;9/09/2024;9/10/2024
*****016;23/05/1984;2;LEV;27/07/2024;12.4;27/08/2024;10.5;NULL;NULL;NULL;NULL;NULL;NULL;27/07/2024;27/08/2024;NULL
*****919;1/10/1986;2;LEV;27/05/2024;12.3;NULL;NULL;NULL;NULL;NULL;NULL;NULL;NULL;27/05/2024;26/06/2024;NULL
*****826;2/06/1991;2;LEV;2/04/2024;12.4;2/05/2024;12.6;3/06/2024;13.6;NULL;NULL;8/08/2024;13.2;2/04/2024;2/05/2024;3/06/2024
*****977;14/12/1992;2;LEV;3/07/2024;12.3;NULL;NULL;3/09/2024;13.7;NULL;NULL;NULL;NULL;3/07/2024;3/08/2024;3/09/2024
*****993;10/07/2008;2;LEV;6/09/2024;12.8;7/10/2024;12.3;8/11/2024;12;10/12/2024;13.1;8/01/2025;13.8;6/09/2024;7/10/2024;8/11/2024
*****387;28/08/2004;2;LEV;5/03/2024;12.6;5/04/2024;13;4/05/2024;14.9;6/06/2024;NULL;NULL;NULL;5/03/2024;5/04/2024;4/05/2024
*****125;26/03/1988;2;LEV;20/05/2024;12.4;NULL;NULL;NULL;NULL;NULL;NULL;NULL;NULL;20/05/2024;NULL;NULL
*****486;15/09/1988;2;LEV;27/09/2024;12.5;19/11/2024;12.5;NULL;NULL;NULL;NULL;NULL;NULL;27/09/2024;19/11/2024;NULL
*****661;27/07/1989;2;LEV;5/09/2024;12.4;5/10/2024;13.2;7/11/2024;13.1;NULL;NULL;NULL;NULL;5/09/2024;5/10/2024;7/11/2024
*****045;6/06/1990;2;LEV;3/01/2024;NULL;NULL;NULL;NULL;NULL;NULL;NULL;NULL;NULL;3/01/2024;NULL;NULL
*****268;24/12/1987;1;LEV;2/02/2024;10.1;NULL;NULL;NULL;NULL;NULL;NULL;NULL;NULL;2/02/2024;NULL;NULL
******254;27/12/2007;2;MOD;30/07/2024;NULL;NULL;NULL;NULL;NULL;NULL;NULL;NULL;NULL;30/07/2024;29/08/2024;NULL
*****402;16/03/1996;2;LEV;23/02/2024;NULL;23/03/2024;11.5;23/04/2024;11.5;NULL;NULL;NULL;NULL;23/02/2024;23/03/2024;23/04/2024
*****006;19/04/2001;2;LEV;9/04/2024;NULL;NULL;NULL;NULL;NULL;NULL;NULL;NULL;NULL;9/04/2024;NULL;NULL
*****341;1/10/2001;2;LEV;25/02/2025;12.9;26/03/2025;13.6;NULL;NULL;NULL;NULL;NULL;NULL;25/02/2025;26/03/2025;NULL
*****167;29/09/2000;2;LEV;15/05/2025;12.1;NULL;NULL;NULL;NULL;NULL;NULL;NULL;NULL;15/05/2025;NULL;NULL
*****966;2/03/2003;2;MOD;30/04/2025;11.8;NULL;NULL;NULL;NULL;NULL;NULL;NULL;NULL;30/04/2025;NULL;NULL
*****758;13/01/1986;2;LEV;23/05/2025;12.7;NULL;NULL;NULL;NULL;NULL;NULL;NULL;NULL;23/05/2025;NULL;NULL
*****230;15/01/1989;2;LEV;8/04/2024;13.2;8/05/2024;10.7;NULL;NULL;NULL;NULL;NULL;NULL;8/04/2024;8/05/2024;NULL
*****751;30/09/1992;2;MOD;26/02/2025;11.8;28/03/2025;12.1;28/04/2025;12;NULL;NULL;NULL;NULL;26/02/2025;28/03/2025;28/04/2025
*****805;14/09/1995;2;LEV;27/11/2023;12.9;NULL;NULL;NULL;NULL;29/02/2024;NULL;NULL;NULL;27/11/2023;NULL;NULL
*****695;27/04/1993;2;MOD;6/01/2025;11.9;5/02/2025;12.5;NULL;NULL;NULL;NULL;NULL;NULL;6/01/2025;5/02/2025;NULL
*****108;3/03/1998;2;LEV;10/02/2025;12.5;12/03/2025;13.1;NULL;NULL;NULL;NULL;NULL;NULL;10/02/2025;12/03/2025;NULL
*****478;2/01/1998;2;LEV;10/11/2023;12.4;11/12/2023;12.6;20/02/2024;14.5;NULL;NULL;NULL;NULL;10/11/2023;11/12/2023;11/01/2024
*****360;5/10/2003;2;MOD;12/07/2024;9.3;NULL;NULL;NULL;NULL;NULL;NULL;NULL;NULL;12/07/2024;NULL;NULL
*****754;23/01/2004;1;LEV;29/04/2025;NULL;NULL;NULL;NULL;NULL;NULL;NULL;NULL;NULL;29/04/2025;NULL;NULL
*****184;12/03/2003;2;LEV;1/03/2024;12.5;NULL;NULL;NULL;NULL;17/07/2024;12.5;NULL;NULL;1/03/2024;NULL;NULL
*****608;9/06/1988;2;LEV;10/12/2024;12.8;10/01/2025;12.6;13/02/2025;12.9;12/03/2025;12.2;11/04/2025;11.8;10/12/2024;10/01/2025;13/02/2025
*****133;16/08/1993;2;MOD;13/01/2025;11;13/02/2025;11.3;15/03/2025;10;NULL;NULL;NULL;NULL;13/01/2025;13/02/2025;15/03/2025
*****833;10/02/1995;2;MOD;3/07/2024;11.3;2/08/2024;11.3;4/10/2024;12.3;NULL;NULL;5/11/2024;12.2;3/07/2024;2/08/2024;4/09/2024
*****704;1/01/1999;2;MOD;20/06/2024;11.6;22/07/2024;11.6;22/08/2024;11.9;23/09/2024;11.9;NULL;NULL;20/06/2024;22/07/2024;22/08/2024
*****246;18/07/2000;1;LEV;31/05/2024;13;NULL;NULL;NULL;NULL;NULL;NULL;NULL;NULL;31/05/2024;NULL;NULL
*****605;20/03/2006;2;MOD;15/11/2023;9.9;15/12/2023;9.7;15/01/2024;10.2;14/03/2024;12.5;NULL;NULL;15/11/2023;15/12/2023;15/01/2024
*****417;26/06/1999;2;LEV;29/04/2025;12.2;NULL;NULL;NULL;NULL;NULL;NULL;NULL;NULL;29/04/2025;NULL;NULL
*****438;12/01/1994;2;MOD;4/01/2024;14.4;5/02/2024;12.1;6/03/2024;12.4;NULL;NULL;NULL;NULL;4/01/2024;5/02/2024;6/03/2024
*****590;13/02/1992;2;MOD;7/05/2024;12;8/06/2024;14.7;NULL;NULL;NULL;NULL;NULL;NULL;7/05/2024;8/06/2024;NULL
*****042;29/05/2004;2;MOD;10/01/2024;11.7;NULL;NULL;NULL;NULL;26/04/2024;NULL;NULL;NULL;10/01/2024;NULL;NULL
*****729;16/05/1999;2;LEV;7/09/2024;12.8;8/10/2024;12.6;7/11/2024;12.7;25/01/2025;NULL;NULL;NULL;7/09/2024;8/10/2024;NULL
*****742;27/06/1999;2;NULL;NULL;NULL;NULL;NULL;NULL;NULL;30/05/2024;NULL;NULL;NULL;NULL;NULL;NULL
*****892;20/09/1987;1;MOD;NULL;NULL;NULL;NULL;NULL;NULL;NULL;NULL;NULL;NULL;NULL;NULL;NULL
*****174;28/01/1990;2;LEV;25/01/2024;12.8;26/02/2024;12.7;26/03/2024;13.1;26/04/2024;12.7;NULL;NULL;25/01/2024;26/02/2024;NULL
*****676;12/12/2003;2;LEV;6/03/2024;10.6;NULL;NULL;NULL;NULL;NULL;NULL;NULL;NULL;6/03/2024;NULL;NULL
*****291;9/05/1981;2;NULL;NULL;NULL;NULL;NULL;NULL;NULL;NULL;NULL;NULL;NULL;NULL;NULL;NULL
*****117;18/08/1991;2;MOD;NULL;NULL;NULL;NULL;NULL;NULL;NULL;NULL;NULL;NULL;NULL;NULL;NULL
*****709;15/03/1999;2;LEV;NULL;NULL;NULL;NULL;NULL;NULL;NULL;NULL;NULL;NULL;12/03/2025;12/04/2025;NULL
*****456;25/09/1985;2;MOD;1/04/2024;11.5;NULL;NULL;NULL;NULL;NULL;NULL;NULL;NULL;1/04/2024;NULL;NULL
*****127;7/05/2003;2;LEV;2/11/2023;12.2;NULL;NULL;NULL;NULL;NULL;NULL;NULL;NULL;2/11/2023;NULL;NULL
*****641;14/02/1998;2;LEV;16/03/2024;NULL;NULL;NULL;NULL;NULL;NULL;NULL;NULL;NULL;16/03/2024;NULL;NULL
*****007;2/05/2000;2;LEV;25/01/2024;NULL;26/02/2024;NULL;NULL;NULL;NULL;NULL;NULL;NULL;25/01/2024;26/02/2024;NULL
*****811;24/11/1994;1;MOD;18/11/2024;NULL;18/12/2024;10.9;22/02/2025;12.6;NULL;NULL;NULL;NULL;18/11/2024;18/12/2024;22/02/2025
*****162;11/07/2000;2;LEV;22/02/2024;NULL;23/03/2024;NULL;7/05/2024;NULL;19/06/2024;NULL;NULL;NULL;22/02/2024;23/03/2024;22/04/2024
*****772;19/04/2005;1;MOD;25/05/2024;NULL;25/06/2024;NULL;26/07/2024;NULL;23/09/2024;NULL;NULL;NULL;25/05/2024;25/06/2024;26/07/2024
*****062;23/03/1981;1;MOD;7/09/2024;8;NULL;NULL;NULL;NULL;NULL;NULL;NULL;NULL;7/09/2024;NULL;NULL
*****550;8/08/1985;2;LEV;15/01/2024;NULL;16/02/2024;NULL;NULL;NULL;7/05/2024;NULL;NULL;NULL;15/01/2024;16/02/2024;NULL
*****639;2/06/1988;2;LEV;NULL;NULL;15/04/2024;NULL;NULL;NULL;22/06/2024;14.6;NULL;NULL;NULL;NULL;NULL
*****948;13/11/2006;2;MOD;15/11/2023;NULL;NULL;NULL;NULL;NULL;NULL;NULL;NULL;NULL;15/11/2023;NULL;NULL
*****157;23/07/1995;2;MOD;12/12/2024;10.8;13/01/2025;NULL;13/02/2025;12.2;15/03/2025;14.5;NULL;NULL;12/12/2024;13/01/2025;13/02/2025
*****459;7/03/2005;2;LEV;4/05/2024;NULL;6/06/2024;13.2;NULL;NULL;NULL;NULL;NULL;NULL;4/05/2024;NULL;NULL
*****325;21/05/1996;1;LEV;25/03/2025;12.4;25/04/2025;13.3;NULL;NULL;NULL;NULL;NULL;NULL;25/03/2025;25/04/2025;NULL
*****937;1/04/2004;1;LEV;3/09/2024;NULL;NULL;NULL;NULL;NULL;NULL;NULL;NULL;NULL;3/09/2024;NULL;NULL
*****891;19/03/1992;2;LEV;22/01/2024;NULL;22/02/2024;NULL;23/03/2024;NULL;24/05/2024;NULL;NULL;NULL;22/01/2024;22/02/2024;23/03/2024
*****581;16/08/1993;2;LEV;1/03/2025;NULL;1/04/2025;10.8;1/05/2025;10.8;NULL;NULL;NULL;NULL;1/03/2025;1/04/2025;1/05/2025
*****150;19/02/2001;2;MOD;16/01/2024;NULL;20/03/2024;10.8;20/04/2024;11.1;21/05/2024;11.6;NULL;NULL;NULL;NULL;NULL
*****070;22/01/2005;1;MOD;17/05/2024;NULL;NULL;NULL;14/09/2024;NULL;NULL;NULL;NULL;NULL;17/05/2024;NULL;NULL
*****729;23/10/1999;2;LEV;4/04/2025;12.7;5/05/2025;13;NULL;NULL;NULL;NULL;NULL;NULL;4/04/2025;5/05/2025;NULL
*****916;8/08/1998;2;MOD;22/11/2023;NULL;21/12/2023;NULL;22/01/2024;NULL;7/03/2024;NULL;NULL;NULL;22/11/2023;21/12/2023;22/01/2024
*****375;2/06/1997;2;MOD;30/09/2024;NULL;30/10/2024;NULL;30/11/2024;NULL;NULL;NULL;31/01/2025;NULL;30/09/2024;30/10/2024;30/11/2024
*****440;14/10/2001;2;LEV;NULL;NULL;NULL;NULL;NULL;NULL;NULL;NULL;NULL;NULL;NULL;NULL;NULL
*****937;10/03/1988;1;LEV;NULL;NULL;NULL;NULL;NULL;NULL;9/09/2024;NULL;NULL;NULL;NULL;NULL;NULL
*****960;14/08/1990;2;NULL;NULL;NULL;NULL;NULL;NULL;NULL;NULL;NULL;NULL;NULL;NULL;NULL;NULL
*****052;30/06/1990;1;LEV;18/04/2024;NULL;18/05/2024;NULL;19/06/2024;NULL;30/08/2024;NULL;NULL;NULL;18/04/2024;18/05/2024;19/06/2024
*****094;11/09/1988;1;LEV;1/05/2024;NULL;4/07/2024;NULL;NULL;NULL;28/08/2024;NULL;NULL;NULL;1/05/2024;1/06/2024;NULL
*****694;18/04/1988;2;LEV;9/10/2023;NULL;9/11/2023;NULL;9/12/2023;NULL;19/01/2024;NULL;NULL;NULL;9/10/2023;9/11/2023;9/12/2023
*****099;15/11/1994;1;LEV;6/09/2024;NULL;8/10/2024;NULL;13/11/2024;13.6;26/12/2024;NULL;NULL;NULL;6/09/2024;8/10/2024;NULL
*****713;26/01/2005;2;LEV;30/01/2024;NULL;NULL;NULL;NULL;NULL;NULL;NULL;NULL;NULL;30/01/2024;NULL;NULL
*****536;20/08/1998;1;MOD;21/01/2025;NULL;21/02/2025;12.1;NULL;NULL;21/05/2025;NULL;NULL;NULL;21/01/2025;21/02/2025;NULL
*****211;13/12/1992;1;LEV;4/05/2024;NULL;4/06/2024;NULL;4/07/2024;NULL;NULL;NULL;NULL;NULL;4/05/2024;4/06/2024;4/07/2024
*****086;18/02/1996;2;MOD;29/12/2023;NULL;29/01/2024;NULL;28/02/2024;NULL;NULL;NULL;NULL;NULL;29/12/2023;29/01/2024;28/02/2024
*****209;12/09/2005;1;MOD;26/07/2024;NULL;28/08/2024;NULL;26/09/2024;NULL;30/10/2024;NULL;NULL;NULL;26/07/2024;28/08/2024;26/09/2024
*****870;21/12/2001;1;LEV;3/08/2024;11.7;3/09/2024;NULL;NULL;NULL;19/11/2024;NULL;NULL;NULL;3/08/2024;3/09/2024;NULL
*****729;3/01/2004;1;LEV;2/09/2024;NULL;NULL;NULL;NULL;NULL;NULL;NULL;NULL;NULL;NULL;NULL;NULL
*****893;15/06/2001;2;LEV;NULL;NULL;NULL;NULL;NULL;NULL;NULL;NULL;NULL;NULL;NULL;NULL;NULL
*****595;1/12/1987;2;LEV;16/03/2024;NULL;16/04/2024;NULL;NULL;NULL;2/07/2024;NULL;NULL;NULL;16/03/2024;16/04/2024;NULL
*****937;11/08/1989;2;LEV;30/01/2024;NULL;NULL;NULL;NULL;NULL;NULL;NULL;NULL;NULL;30/01/2024;NULL;NULL
*****692;8/01/1992;2;LEV;2/02/2024;NULL;17/04/2024;13.1;4/04/2024;NULL;23/05/2024;NULL;NULL;NULL;2/02/2024;NULL;NULL
*****794;14/11/1994;1;MOD;11/11/2024;11.3;10/12/2024;14;8/02/2025;14.5;1/04/2025;14.1;NULL;NULL;11/11/2024;10/12/2024;NULL
*****182;5/04/1992;2;LEV;NULL;NULL;NULL;NULL;NULL;NULL;NULL;NULL;NULL;NULL;NULL;NULL;NULL
*****778;15/10/1987;10;LEV;27/11/2023;NULL;NULL;NULL;NULL;NULL;NULL;NULL;NULL;NULL;27/11/2023;NULL;NULL
*****424;14/03/1999;2;MOD;8/04/2024;NULL;NULL;NULL;NULL;NULL;NULL;NULL;NULL;NULL;8/04/2024;NULL;NULL
*****054;16/07/2001;1;LEV;10/09/2024;NULL;11/12/2024;NULL;NULL;NULL;NULL;NULL;NULL;NULL;10/09/2024;10/10/2024;NULL
*****682;16/04/1995;1;LEV;8/04/2024;NULL;NULL;NULL;NULL;NULL;NULL;NULL;NULL;NULL;NULL;NULL;NULL
*****937;14/01/1996;1;LEV;19/02/2025;12.9;12/05/2025;NULL;NULL;NULL;NULL;NULL;NULL;NULL;19/02/2025;21/03/2025;NULL
*****507;26/09/2002;2;LEV;17/11/2023;NULL;18/12/2023;NULL;17/01/2024;14.2;27/02/2024;NULL;NULL;NULL;17/11/2023;18/12/2023;17/01/2024
*****054;22/09/2005;1;LEV;9/09/2024;12.8;9/10/2024;NULL;8/11/2024;NULL;NULL;NULL;NULL;NULL;9/09/2024;9/10/2024;8/11/2024
*****344;12/12/1995;1;LEV;9/04/2024;NULL;9/05/2024;NULL;NULL;NULL;NULL;NULL;NULL;NULL;9/04/2024;9/05/2024;NULL
*****930;23/06/2004;2;LEV;23/04/2024;NULL;NULL;NULL;NULL;NULL;NULL;NULL;NULL;NULL;23/04/2024;NULL;NULL
*****059;2/01/2003;2;MOD;8/11/2024;11.4;9/12/2024;14;NULL;NULL;NULL;NULL;NULL;NULL;8/11/2024;9/12/2024;NULL
*****968;12/09/2004;2;MOD;15/11/2023;NULL;15/12/2023;NULL;15/01/2024;NULL;14/02/2024;NULL;NULL;NULL;15/11/2023;15/12/2023;15/01/2024
*****364;10/08/2005;1;MOD;NULL;NULL;NULL;NULL;NULL;NULL;NULL;NULL;NULL;NULL;NULL;NULL;NULL
*****877;12/01/2002;1;LEV;1/06/2024;NULL;1/07/2024;13.2;NULL;NULL;28/09/2024;NULL;NULL;NULL;1/06/2024;NULL;NULL
*****635;4/01/1999;2;LEV;27/02/2025;12.9;29/03/2025;NULL;NULL;NULL;NULL;NULL;NULL;NULL;27/02/2025;29/03/2025;NULL
*****917;14/12/2005;1;LEV;27/11/2023;NULL;27/12/2023;13.2;27/01/2024;NULL;26/02/2024;NULL;27/03/2024;NULL;27/11/2023;27/12/2023;27/01/2024
*****346;27/08/1993;2;MOD;11/03/2025;9.2;11/04/2025;NULL;NULL;NULL;NULL;NULL;NULL;NULL;11/03/2025;11/04/2025;NULL
*****152;6/03/1998;1;MOD;23/03/2024;NULL;22/04/2024;NULL;NULL;NULL;NULL;NULL;NULL;NULL;23/03/2024;4/04/2023;4/05/2023
*****138;25/05/1987;2;MOD;NULL;NULL;NULL;NULL;NULL;NULL;20/04/2024;NULL;NULL;NULL;NULL;NULL;NULL
*****998;25/04/2000;1;MOD;NULL;NULL;NULL;NULL;NULL;NULL;NULL;NULL;NULL;NULL;NULL;NULL;NULL
*****702;26/04/1991;1;LEV;8/11/2024;12.7;9/12/2024;NULL;8/01/2025;13.2;21/02/2025;14.8;NULL;NULL;8/11/2024;9/12/2024;8/01/2025
*****616;5/12/2005;1;LEV;24/11/2023;NULL;24/12/2023;14.3;23/01/2024;NULL;2/04/2024;NULL;NULL;NULL;24/11/2023;24/12/2023;23/01/2024
*****628;27/10/2002;2;LEV;2/11/2023;NULL;NULL;NULL;NULL;NULL;NULL;NULL;NULL;NULL;2/11/2023;NULL;NULL
*****862;13/11/2004;1;LEV;1/06/2024;NULL;NULL;NULL;NULL;NULL;18/09/2024;14;NULL;NULL;1/06/2024;1/07/2024;NULL
*****616;30/11/1985;2;MOD;2/10/2024;9.3;1/11/2024;NULL;4/12/2024;NULL;20/01/2025;14.2;NULL;NULL;2/10/2024;1/11/2024;4/12/2024
*****677;8/11/1985;1;LEV;22/02/2025;12.7;24/03/2025;NULL;8/05/2025;12.8;NULL;NULL;NULL;NULL;22/02/2025;24/03/2025;NULL
*****459;21/04/1990;2;MOD;17/10/2023;NULL;16/11/2023;NULL;16/12/2023;10.5;15/01/2024;NULL;15/02/2024;NULL;17/10/2023;16/11/2023;16/12/2023
*****388;15/09/1991;2;MOD;30/04/2025;10.9;NULL;NULL;NULL;NULL;NULL;NULL;NULL;NULL;30/04/2025;NULL;NULL
*****940;24/10/1992;1;MOD;24/09/2024;11.2;22/01/2025;13.9;23/11/2024;NULL;NULL;NULL;NULL;NULL;24/09/2024;24/10/2024;23/11/2024
*****575;14/07/1999;1;LEV;16/04/2024;NULL;16/05/2024;NULL;17/06/2024;NULL;NULL;NULL;NULL;NULL;16/04/2024;16/05/2024;17/06/2024
*****738;16/08/1997;1;LEV;3/04/2024;NULL;8/05/2024;NULL;NULL;NULL;8/07/2024;NULL;7/08/2024;NULL;3/04/2024;8/05/2024;7/06/2024
*****191;2/10/1992;2;LEV;20/12/2023;NULL;20/01/2024;NULL;19/02/2024;NULL;17/04/2024;NULL;NULL;NULL;20/12/2023;20/01/2024;19/02/2024
*****620;17/03/2005;1;LEV;23/04/2024;NULL;22/07/2024;15.4;NULL;NULL;NULL;NULL;NULL;NULL;23/04/2024;23/05/2024;22/06/2024
*****528;26/01/1996;1;MOD;26/08/2024;9.4;24/09/2024;NULL;NULL;NULL;NULL;NULL;NULL;NULL;26/08/2024;24/09/2024;NULL
*****981;19/07/2001;1;LEV;3/02/2025;12.3;NULL;NULL;17/04/2025;14.5;22/05/2025;NULL;NULL;NULL;3/02/2025;3/03/2025;2/04/2025
*****398;26/04/2004;2;LEV;12/10/2023;NULL;NULL;NULL;NULL;NULL;19/02/2024;NULL;NULL;NULL;12/10/2023;9/11/2023;9/12/2023
*****080;24/12/2004;2;MOD;15/05/2024;NULL;NULL;NULL;NULL;NULL;NULL;NULL;NULL;NULL;15/05/2024;NULL;NULL
*****769;24/12/1995;1;MOD;23/04/2025;10.9;NULL;NULL;NULL;NULL;NULL;NULL;NULL;NULL;23/04/2025;23/05/2025;NULL
*****249;10/08/1999;2;LEV;14/11/2023;NULL;15/01/2024;NULL;NULL;NULL;NULL;NULL;NULL;NULL;14/11/2023;27/12/2023;15/02/2024
*****585;18/01/2003;1;LEV;8/08/2024;NULL;25/10/2024;NULL;NULL;NULL;30/12/2024;NULL;NULL;NULL;8/08/2024;NULL;NULL
*****936;10/10/1993;1;LEV;16/01/2024;NULL;16/02/2024;NULL;NULL;NULL;NULL;NULL;NULL;NULL;16/01/2024;16/02/2024;NULL
*****697;27/12/2001;2;LEV;4/10/2024;NULL;NULL;NULL;NULL;NULL;NULL;NULL;NULL;NULL;4/10/2024;NULL;NULL
*****546;11/05/1993;2;LEV;4/01/2024;NULL;NULL;NULL;NULL;NULL;NULL;NULL;NULL;NULL;4/01/2024;NULL;NULL
*****789;25/06/2000;2;MOD;5/04/2024;NULL;NULL;NULL;NULL;NULL;NULL;NULL;NULL;NULL;5/04/2024;NULL;NULL
*****661;29/05/1989;1;LEV;3/05/2024;NULL;NULL;NULL;NULL;NULL;NULL;NULL;NULL;NULL;3/05/2024;NULL;NULL
*****900;6/06/1995;2;LEV;28/11/2024;NULL;28/12/2024;NULL;NULL;NULL;NULL;NULL;NULL;NULL;28/11/2024;28/12/2024;NULL
*****658;10/03/1997;1;LEV;NULL;NULL;NULL;NULL;NULL;NULL;NULL;NULL;NULL;NULL;NULL;NULL;NULL
*****595;10/06/1997;2;LEV;2/01/2024;NULL;NULL;NULL;NULL;NULL;NULL;NULL;NULL;NULL;2/01/2024;NULL;NULL
*****140;14/09/2005;2;MOD;8/03/2024;NULL;NULL;NULL;NULL;NULL;NULL;NULL;NULL;NULL;8/03/2024;NULL;NULL
*****587;23/06/1996;2;MOD;18/12/2023;NULL;NULL;NULL;5/03/2024;NULL;23/04/2024;NULL;NULL;NULL;18/12/2023;NULL;NULL
*****147;30/03/1999;2;LEV;NULL;NULL;NULL;NULL;NULL;NULL;NULL;NULL;NULL;NULL;7/05/2025;7/04/2025;NULL
*****180;10/12/1992;1;LEV;18/03/2024;NULL;NULL;NULL;NULL;NULL;5/08/2024;NULL;NULL;NULL;18/03/2024;18/04/2024;NULL
*****073;16/12/2003;1;LEV;6/11/2024;NULL;NULL;NULL;NULL;NULL;NULL;NULL;NULL;NULL;6/11/2024;NULL;NULL
*****750;11/11/2002;1;LEV;15/08/2024;NULL;NULL;NULL;29/10/2024;NULL;NULL;NULL;NULL;NULL;15/08/2024;NULL;NULL
*****917;17/05/1994;2;LEV;4/12/2023;NULL;NULL;NULL;NULL;NULL;NULL;NULL;NULL;NULL;4/12/2023;NULL;NULL
*****927;14/07/2003;1;LEV;24/12/2024;NULL;NULL;NULL;NULL;NULL;NULL;NULL;NULL;NULL;24/12/2024;NULL;NULL
*****196;23/08/1997;2;LEV;7/04/2025;12.2;NULL;NULL;NULL;NULL;NULL;NULL;NULL;NULL;7/04/2025;8/05/2025;NULL
*****773;8/03/2002;1;LEV;6/04/2024;NULL;11/07/2024;NULL;NULL;NULL;NULL;NULL;NULL;NULL;6/04/2024;NULL;NULL
*****989;10/05/2001;2;MOD;7/11/2023;NULL;7/12/2023;NULL;NULL;NULL;11/03/2024;NULL;NULL;NULL;7/11/2023;NULL;NULL
*****362;23/05/1998;1;LEV;20/09/2024;NULL;21/10/2024;NULL;NULL;NULL;22/01/2025;12.1;NULL;NULL;20/09/2024;21/10/2024;NULL
*****930;29/12/1983;1;LEV;5/11/2024;NULL;22/01/2025;10.2;24/01/2025;10.6;NULL;NULL;NULL;NULL;5/11/2024;7/12/2024;8/01/2025
*****739;25/02/2003;1;LEV;11/04/2024;NULL;NULL;NULL;19/06/2024;14.6;5/08/2024;NULL;NULL;NULL;11/04/2024;NULL;NULL
*****759;24/01/2001;2;LEV;3/05/2024;NULL;NULL;NULL;NULL;NULL;NULL;NULL;NULL;NULL;3/05/2024;NULL;NULL
*****589;14/07/2005;1;LEV;18/01/2024;NULL;19/02/2024;NULL;9/04/2024;NULL;NULL;NULL;NULL;NULL;18/01/2024;19/02/2024;NULL
*****343;11/01/1993;10;LEV;10/11/2023;NULL;11/12/2023;NULL;NULL;NULL;27/02/2024;NULL;NULL;NULL;10/11/2023;11/12/2023;NULL
*****195;27/08/1998;2;LEV;15/03/2024;NULL;NULL;NULL;NULL;NULL;NULL;NULL;NULL;NULL;15/03/2024;NULL;NULL
*****829;28/09/1992;1;LEV;10/06/2024;NULL;NULL;NULL;NULL;NULL;NULL;NULL;NULL;NULL;10/06/2024;NULL;NULL
*****042;12/02/1990;2;LEV;6/03/2024;NULL;NULL;NULL;NULL;NULL;NULL;NULL;NULL;NULL;6/03/2024;NULL;NULL
*****430;1/03/1998;1;LEV;20/05/2024;NULL;20/07/2024;NULL;NULL;NULL;NULL;NULL;NULL;NULL;20/05/2024;20/06/2024;20/08/2024
*****712;12/05/1993;2;LEV;18/03/2025;10;NULL;NULL;NULL;NULL;NULL;NULL;NULL;NULL;18/03/2025;NULL;NULL
*****502;2/10/1997;1;LEV;13/06/2024;NULL;NULL;NULL;NULL;NULL;NULL;NULL;NULL;NULL;13/06/2024;NULL;NULL
*****275;14/03/1987;2;LEV;13/01/2024;NULL;13/02/2024;NULL;27/03/2024;NULL;24/05/2024;NULL;NULL;NULL;13/01/2024;NULL;NULL
*****882;7/08/2002;1;LEV;26/08/2024;NULL;NULL;NULL;25/10/2024;NULL;30/12/2024;13;NULL;NULL;26/08/2024;NULL;NULL
*****439;8/12/1995;1;LEV;19/03/2024;NULL;18/04/2024;NULL;20/06/2024;NULL;5/08/2024;NULL;NULL;NULL;19/03/2024;NULL;NULL
*****284;30/07/1999;1;LEV;1/12/2024;NULL;2/01/2025;NULL;3/02/2025;12.6;26/03/2025;NULL;NULL;NULL;1/12/2024;2/01/2025;3/02/2025
*****103;26/06/1992;2;LEV;22/02/2024;NULL;NULL;NULL;24/04/2024;NULL;NULL;NULL;NULL;NULL;22/02/2024;NULL;NULL
*****175;1/10/2006;2;LEV;24/11/2023;NULL;NULL;NULL;NULL;NULL;NULL;NULL;NULL;NULL;24/11/2023;NULL;NULL
*****364;23/01/1986;1;LEV;2/04/2025;13.1;NULL;NULL;NULL;NULL;NULL;NULL;NULL;NULL;NULL;NULL;NULL
*****137;25/03/1992;2;LEV;30/11/2023;NULL;NULL;NULL;NULL;NULL;NULL;NULL;NULL;NULL;30/11/2023;NULL;NULL
*****408;6/12/1993;2;LEV;24/01/2024;NULL;NULL;NULL;NULL;NULL;NULL;NULL;NULL;NULL;24/01/2024;NULL;NULL
*****201;18/12/1992;1;LEV;16/12/2024;NULL;16/01/2025;10;NULL;NULL;NULL;NULL;NULL;NULL;16/12/2024;16/01/2025;NULL
*****714;5/08/2007;1;LEV;11/09/2024;NULL;11/10/2024;NULL;NULL;NULL;NULL;NULL;NULL;NULL;11/09/2024;11/10/2024;NULL
*****229;4/03/2006;2;LEV;9/12/2023;NULL;NULL;NULL;NULL;NULL;NULL;NULL;NULL;NULL;9/12/2023;NULL;NULL
*****728;1/09/1997;2;MOD;29/12/2023;NULL;NULL;NULL;15/03/2024;NULL;23/04/2024;NULL;NULL;NULL;29/12/2023;NULL;NULL
*****286;6/12/1995;2;LEV;21/01/2025;11.4;22/02/2025;NULL;NULL;NULL;NULL;NULL;NULL;NULL;21/01/2025;22/02/2025;NULL
*****251;24/09/2005;1;LEV;1/08/2024;NULL;NULL;NULL;NULL;NULL;NULL;NULL;NULL;NULL;1/08/2024;NULL;NULL
*****292;7/12/1994;1;MOD;8/08/2024;NULL;NULL;NULL;NULL;NULL;25/11/2024;NULL;NULL;NULL;8/08/2024;NULL;NULL
*****057;27/02/1983;1;LEV;5/04/2024;NULL;6/06/2024;13.3;NULL;NULL;NULL;NULL;NULL;NULL;5/04/2024;NULL;NULL
*****774;28/09/1993;1;LEV;10/09/2024;NULL;10/10/2024;NULL;NULL;NULL;NULL;NULL;10/01/2025;12;10/09/2024;10/10/2024;9/11/2024
*****293;26/05/1994;1;LEV;9/05/2024;NULL;NULL;NULL;24/07/2024;NULL;11/09/2024;NULL;NULL;NULL;9/05/2024;NULL;NULL
*****828;2/01/2006;2;LEV;18/10/2023;NULL;NULL;NULL;NULL;NULL;NULL;NULL;NULL;NULL;18/10/2023;17/11/2023;17/11/2023
*****830;3/01/2006;1;LEV;26/06/2024;NULL;NULL;NULL;NULL;NULL;28/10/2024;NULL;NULL;NULL;26/06/2024;NULL;NULL
*****667;15/11/1989;1;LEV;3/06/2024;NULL;NULL;NULL;NULL;NULL;5/09/2024;NULL;NULL;NULL;3/06/2024;NULL;NULL
*****137;26/09/1999;2;MOD;28/02/2025;11.3;NULL;NULL;NULL;NULL;NULL;NULL;NULL;NULL;28/02/2025;28/03/2025;NULL
*****587;17/09/1984;2;MOD;NULL;NULL;NULL;NULL;20/05/2024;13.3;25/06/2024;14.2;NULL;NULL;6/03/2024;5/04/2024;NULL
*****987;21/11/2008;2;MOD;17/03/2025;10.7;17/04/2025;12.2;NULL;NULL;NULL;NULL;NULL;NULL;17/03/2025;17/04/2025;NULL
*****897;8/11/2000;2;LEV;16/01/2025;12.4;17/02/2025;13.5;17/03/2025;10.9;17/04/2025;13.2;NULL;NULL;16/01/2025;17/02/2025;17/03/2025
*****526;18/05/2001;1;LEV;NULL;NULL;2/01/2025;13.2;NULL;NULL;NULL;NULL;NULL;NULL;2/12/2024;2/01/2025;NULL
*****143;15/11/1995;2;SEV;10/10/2024;7.7;11/11/2024;11.5;3/01/2025;11.8;10/02/2025;13.1;NULL;NULL;10/10/2024;11/11/2024;13/12/2024
*****998;14/09/2001;2;MOD;10/01/2025;12;NULL;NULL;NULL;NULL;NULL;NULL;NULL;NULL;10/01/2025;NULL;NULL
*****919;1/06/2005;2;LEV;6/05/2025;9.2;NULL;NULL;NULL;NULL;NULL;NULL;NULL;NULL;6/05/2025;NULL;NULL
*****079;20/02/2008;1;MOD;NULL;NULL;NULL;NULL;NULL;NULL;NULL;NULL;NULL;NULL;11/05/2024;NULL;NULL
*****324;28/03/1996;1;LEV;28/03/2024;13.2;27/04/2024;14.2;18/06/2024;14.3;NULL;NULL;NULL;NULL;28/03/2024;27/04/2024;NULL
*****513;4/06/2002;2;LEV;10/02/2024;12.8;14/03/2024;11.8;13/04/2024;15.4;NULL;NULL;NULL;NULL;10/02/2024;14/03/2024;13/04/2024
*****384;15/06/2001;1;LEV;13/08/2024;12.9;NULL;NULL;NULL;NULL;NULL;NULL;NULL;NULL;13/08/2024;NULL;NULL
*****304;25/09/1995;2;MOD;NULL;NULL;NULL;NULL;NULL;NULL;NULL;NULL;NULL;NULL;NULL;NULL;NULL
*****130;22/01/1995;1;LEV;NULL;NULL;NULL;NULL;NULL;NULL;NULL;NULL;NULL;NULL;1/03/2025;2/04/2025;NULL
*****840;17/07/2005;2;MOD;NULL;NULL;NULL;NULL;8/03/2024;13.3;29/04/2024;13.5;NULL;NULL;12/12/2023;NULL;NULL
*****527;13/09/2007;2;LEV;11/04/2024;13.1;11/05/2024;13;11/06/2024;12.3;NULL;NULL;31/08/2024;14.2;11/04/2024;11/05/2024;11/06/2024
*****139;26/06/1999;2;MOD;9/11/2023;10.6;12/12/2023;11.2;18/01/2024;11.5;9/03/2024;13.8;NULL;NULL;9/11/2023;12/12/2023;18/01/2024
*****599;23/03/1993;2;LEV;24/11/2023;13.4;27/12/2023;14.5;NULL;NULL;6/04/2024;14.8;NULL;NULL;24/11/2023;27/12/2023;NULL
*****400;1/11/1990;2;LEV;3/01/2025;12.8;3/02/2025;14.4;NULL;NULL;NULL;NULL;NULL;NULL;3/01/2025;3/02/2025;NULL
*****634;4/09/1989;2;MOD;14/05/2024;12.3;14/06/2024;12.5;13/07/2024;11;4/10/2024;12.5;NULL;NULL;14/05/2024;14/06/2024;13/07/2024
*****959;10/01/1999;10;LEV;NULL;NULL;NULL;NULL;NULL;NULL;NULL;NULL;NULL;NULL;27/01/2025;26/02/2025;NULL
*****405;7/01/2004;2;LEV;NULL;NULL;NULL;NULL;NULL;NULL;10/02/2025;14.2;NULL;NULL;12/11/2024;13/12/2024;NULL
*****054;28/05/2005;2;MOD;19/11/2024;12;20/12/2024;12.6;NULL;NULL;NULL;NULL;NULL;NULL;19/11/2024;20/12/2024;NULL
*****214;10/12/1985;2;LEV;6/12/2023;12.8;15/01/2024;11.4;NULL;NULL;NULL;NULL;NULL;NULL;6/12/2023;NULL;NULL
*****199;30/11/2006;1;LEV;6/05/2024;12.5;NULL;NULL;NULL;NULL;NULL;NULL;NULL;NULL;6/05/2024;NULL;NULL
*****629;6/05/2007;2;MOD;NULL;NULL;11/02/2025;12.6;NULL;NULL;17/03/2025;13.3;NULL;NULL;6/12/2024;7/01/2025;NULL
*****344;12/05/2008;2;LEV;NULL;NULL;NULL;NULL;29/02/2024;14.5;NULL;NULL;NULL;NULL;27/12/2023;NULL;NULL
*****915;12/04/2008;1;LEV;11/10/2024;12.6;11/11/2024;14.1;NULL;NULL;NULL;NULL;NULL;NULL;11/10/2024;11/11/2024;NULL
*****327;17/08/2004;2;MOD;NULL;NULL;NULL;NULL;NULL;NULL;NULL;NULL;NULL;NULL;5/02/2024;NULL;NULL
*****847;17/09/1999;2;MOD;NULL;NULL;NULL;NULL;NULL;NULL;25/04/2024;15.5;NULL;NULL;8/01/2024;NULL;NULL
*****219;28/05/1998;2;LEV;NULL;NULL;NULL;NULL;NULL;NULL;26/04/2024;14.7;NULL;NULL;9/01/2024;10/02/2024;NULL
*****832;20/05/2006;1;MOD;NULL;NULL;NULL;NULL;NULL;NULL;NULL;NULL;27/01/2025;15.3;24/09/2024;NULL;NULL
*****474;18/06/2000;2;LEV;NULL;NULL;NULL;NULL;NULL;NULL;30/10/2024;14.9;NULL;NULL;17/06/2024;18/07/2024;NULL
*****094;7/12/1993;2;LEV;NULL;NULL;NULL;NULL;NULL;NULL;NULL;NULL;3/04/2024;12.2;15/11/2023;NULL;NULL
*****331;3/11/1994;2;LEV;NULL;NULL;NULL;NULL;NULL;NULL;NULL;NULL;NULL;NULL;28/02/2024;29/03/2024;NULL
*****431;11/01/2009;2;MOD;14/03/2024;10.9;NULL;NULL;NULL;NULL;3/08/2024;13.7;NULL;NULL;14/03/2024;NULL;NULL
*****791;27/08/1999;2;MOD;NULL;NULL;NULL;NULL;NULL;NULL;NULL;NULL;NULL;NULL;NULL;NULL;NULL
*****866;22/09/1983;2;MOD;NULL;NULL;NULL;NULL;NULL;NULL;12/06/2024;12.1;NULL;NULL;12/03/2024;11/04/2024;NULL
*****615;2/04/1989;2;NULL;NULL;NULL;NULL;NULL;NULL;NULL;NULL;NULL;NULL;NULL;NULL;NULL;NULL
*****567;27/11/1999;2;LEV;NULL;NULL;NULL;NULL;NULL;NULL;NULL;NULL;NULL;NULL;NULL;NULL;NULL
*****479;14/01/1994;2;MOD;8/08/2024;NULL;8/11/2024;12.3;NULL;NULL;NULL;NULL;NULL;NULL;8/08/2024;8/09/2024;NULL
*****855;27/05/1987;2;LEV;6/05/2024;NULL;6/06/2024;NULL;NULL;NULL;4/08/2024;NULL;NULL;NULL;6/05/2024;6/06/2024;NULL
*****263;20/07/1988;2;MOD;21/05/2024;NULL;21/06/2024;9.5;21/08/2024;10;NULL;NULL;NULL;NULL;21/05/2024;21/06/2024;21/07/2024
*****357;23/04/2004;2;LEV;21/10/2023;11.1;21/12/2023;12.1;NULL;NULL;NULL;NULL;NULL;NULL;21/10/2023;21/11/2023;NULL
*****345;15/08/1995;2;LEV;1/03/2024;NULL;1/04/2024;NULL;9/05/2024;NULL;NULL;NULL;NULL;NULL;1/03/2024;1/04/2024;NULL
*****649;1/01/1987;2;LEV;3/01/2024;NULL;3/02/2024;NULL;18/04/2024;NULL;NULL;NULL;NULL;NULL;3/01/2024;3/02/2024;NULL
*****488;24/04/1982;1;MOD;21/03/2024;NULL;21/04/2024;NULL;NULL;NULL;NULL;NULL;NULL;NULL;21/03/2024;21/04/2024;NULL
*****250;29/09/1988;2;LEV;27/12/2023;NULL;NULL;NULL;27/02/2024;NULL;NULL;NULL;NULL;NULL;27/12/2023;12/01/2024;27/02/2024
*****280;28/01/1995;1;MOD;NULL;NULL;16/10/2024;NULL;NULL;NULL;NULL;NULL;NULL;NULL;NULL;NULL;NULL
*****427;15/01/2010;2;LEV;1/04/2025;12.5;NULL;NULL;NULL;NULL;NULL;NULL;NULL;NULL;NULL;NULL;NULL
*****138;30/01/1989;1;LEV;16/02/2024;8.6;16/03/2024;11.3;17/04/2024;12.1;16/05/2024;11.1;17/06/2024;13;16/02/2024;16/03/2024;17/04/2024
*****046;7/03/1997;2;LEV;30/01/2024;12.4;NULL;NULL;NULL;NULL;21/05/2024;14.1;NULL;NULL;30/01/2024;26/02/2024;25/03/2024
*****735;14/12/2001;2;MOD;NULL;NULL;NULL;NULL;NULL;NULL;NULL;NULL;NULL;NULL;NULL;NULL;NULL
*****367;19/11/1985;1;MOD;29/01/2024;12;NULL;NULL;NULL;NULL;NULL;NULL;5/08/2024;14;29/01/2024;23/02/2024;23/03/2024
*****300;19/04/1993;2;MOD;NULL;NULL;NULL;NULL;NULL;NULL;NULL;NULL;NULL;NULL;NULL;NULL;NULL
*****797;8/04/2005;2;LEV;15/10/2024;12.5;28/11/2024;12.5;NULL;NULL;NULL;NULL;NULL;NULL;15/10/2024;15/11/2024;NULL
*****403;21/10/1994;2;LEV;13/03/2024;12.7;13/04/2024;14.4;17/05/2024;15.7;NULL;NULL;NULL;NULL;13/03/2024;13/04/2024;17/05/2024
*****094;7/01/1989;1;LEV;NULL;NULL;NULL;NULL;NULL;NULL;NULL;NULL;NULL;NULL;NULL;NULL;NULL
*****879;30/09/2006;2;LEV;18/07/2024;12.1;17/08/2024;13;16/09/2024;13;16/10/2024;13.6;25/11/2024;14.8;18/07/2024;17/08/2024;16/09/2024
*****759;21/12/1985;1;MOD;18/01/2024;12.1;18/03/2024;12.1;NULL;NULL;18/05/2024;13.4;NULL;NULL;18/01/2024;18/03/2024;NULL
*****788;4/05/1989;2;LEV;9/05/2025;12.8;NULL;NULL;NULL;NULL;NULL;NULL;NULL;NULL;9/05/2025;NULL;NULL
*****717;14/01/2008;2;LEV;NULL;NULL;NULL;NULL;NULL;NULL;NULL;NULL;5/03/2024;15.2;28/10/2023;NULL;NULL
*****114;17/09/1991;2;LEV;NULL;NULL;NULL;NULL;NULL;NULL;NULL;NULL;NULL;NULL;4/12/2023;4/01/2024;3/02/2024
*****066;26/11/1998;2;LEV;NULL;NULL;NULL;NULL;NULL;NULL;NULL;NULL;NULL;NULL;NULL;NULL;NULL
*****352;30/07/1989;2;LEV;28/05/2025;12.8;NULL;NULL;NULL;NULL;NULL;NULL;NULL;NULL;28/05/2025;NULL;NULL
*****119;25/12/1985;2;LEV;16/01/2025;12.6;15/02/2025;14.7;18/03/2025;14;NULL;NULL;NULL;NULL;16/01/2025;15/02/2025;NULL
*****515;2/04/1995;2;LEV;NULL;NULL;NULL;NULL;NULL;NULL;4/03/2024;14.6;NULL;NULL;5/11/2023;5/12/2023;NULL
*****411;2/05/1993;2;MOD;5/10/2024;10;27/11/2024;NULL;NULL;NULL;NULL;NULL;NULL;NULL;5/10/2024;NULL;NULL
*****217;3/02/2000;2;LEV;18/07/2024;12.8;17/08/2024;12.2;16/09/2024;12.8;NULL;NULL;NULL;NULL;18/07/2024;17/08/2024;16/09/2024
*****748;20/03/2006;1;NULL;NULL;NULL;NULL;NULL;NULL;NULL;NULL;NULL;NULL;NULL;NULL;NULL;NULL
*****634;1/01/1986;2;LEV;17/06/2024;12.7;17/07/2024;12.1;16/08/2024;12.1;16/09/2024;136;NULL;NULL;17/06/2024;NULL;NULL
*****508;16/10/1994;10;LEV;NULL;NULL;NULL;NULL;NULL;NULL;NULL;NULL;NULL;NULL;16/12/2023;16/01/2024;NULL
*****213;28/08/1997;2;LEV;22/05/2024;12.7;NULL;NULL;22/07/2024;13.3;29/08/2024;14.5;NULL;NULL;22/05/2024;21/06/2024;22/07/2024
*****863;6/10/1990;2;LEV;22/04/2024;12.1;22/05/2024;12.6;NULL;NULL;NULL;NULL;21/08/2024;14.5;22/04/2024;22/05/2024;21/06/2024
*****434;29/09/1997;2;LEV;5/08/2024;12.9;5/09/2024;12.9;6/10/2024;14.1;5/11/2024;12.3;5/12/2024;13.1;5/08/2024;5/09/2024;6/10/2024
*****061;20/07/2001;2;LEV;18/11/2024;12.1;18/12/2024;11.5;17/01/2025;13.4;NULL;NULL;NULL;NULL;18/11/2024;18/12/2024;17/01/2025
*****797;7/02/2001;2;MOD;NULL;NULL;NULL;NULL;NULL;NULL;21/02/2024;13.9;NULL;NULL;28/10/2023;NULL;NULL
*****596;30/07/2001;2;LEV;23/03/2024;12.7;23/04/2024;14.8;23/05/2024;15.2;21/06/2024;17.3;3/08/2024;16.4;23/03/2024;23/04/2024;23/05/2024
*****228;18/12/1990;2;LEV;15/01/2025;12.4;14/02/2025;12.8;17/03/2025;14.5;16/04/2025;14.8;16/05/2025;14.5;15/01/2025;14/02/2025;17/03/2025
*****227;14/03/2008;2;MOD;29/04/2025;10.9;29/05/2025;9.8;NULL;NULL;NULL;NULL;NULL;NULL;29/04/2025;29/05/2025;NULL
*****708;2/08/2002;2;MOD;1/05/2025;11.3;31/05/2025;10.3;NULL;NULL;NULL;NULL;NULL;NULL;1/05/2025;31/05/2025;NULL
*****604;24/05/1999;2;SEV;NULL;NULL;NULL;NULL;NULL;NULL;NULL;NULL;NULL;NULL;NULL;NULL;NULL
*****486;17/09/2007;2;LEV;NULL;NULL;NULL;NULL;NULL;NULL;14/02/2024;NULL;NULL;NULL;4/11/2023;4/12/2023;3/01/2024
*****181;27/03/2005;2;NULL;NULL;NULL;20/12/2024;10.5;21/01/2025;12.6;3/03/2025;14.1;NULL;NULL;NULL;NULL;NULL
*****684;3/04/1997;2;LEV;4/04/2024;12.5;4/05/2024;15.1;4/06/2024;14.4;4/07/2024;14.9;2/08/2024;16.5;4/04/2024;4/05/2024;4/06/2024
*****882;9/03/1996;2;LEV;4/05/2024;12.1;3/06/2024;11.9;3/07/2024;12.9;2/08/2024;12.9;2/09/2024;12.9;4/05/2024;3/06/2024;3/07/2024
*****312;27/03/2003;2;LEV;12/06/2024;12.3;NULL;NULL;NULL;NULL;NULL;NULL;NULL;NULL;12/06/2024;NULL;NULL
*****797;23/09/2003;2;LEV;21/10/2024;12.1;28/11/2024;12.3;20/12/2024;12.3;25/01/2025;12.9;NULL;NULL;21/10/2024;20/11/2024;NULL
*****853;30/04/2000;2;LEV;25/04/2024;12.6;25/05/2024;13.3;NULL;NULL;25/07/2024;13.8;NULL;NULL;25/04/2024;25/05/2024;NULL
*****179;30/12/1997;2;MOD;NULL;NULL;NULL;NULL;NULL;NULL;26/02/2025;13.6;NULL;NULL;NULL;NULL;NULL
*****919;2/07/2005;2;MOD;NULL;NULL;NULL;NULL;NULL;NULL;NULL;NULL;NULL;NULL;NULL;NULL;NULL
*****167;26/08/2000;2;MOD;7/11/2024;11.7;8/12/2024;14.2;NULL;NULL;NULL;NULL;NULL;NULL;7/11/2024;8/12/2024;NULL
*****641;2/01/2004;2;LEV;17/11/2023;10.7;NULL;NULL;NULL;NULL;NULL;NULL;NULL;NULL;17/11/2023;17/12/2023;NULL
*****136;10/04/1992;1;LEV;NULL;NULL;NULL;NULL;NULL;NULL;NULL;NULL;NULL;NULL;NULL;NULL;NULL
*****790;16/01/2006;10;NULL;NULL;NULL;NULL;NULL;NULL;NULL;29/04/2024;14.1;NULL;NULL;NULL;NULL;NULL
*****053;23/06/1996;1;LEV;NULL;NULL;NULL;NULL;NULL;NULL;NULL;NULL;NULL;NULL;NULL;NULL;NULL
*****567;10/06/2001;2;MOD;NULL;NULL;NULL;NULL;NULL;NULL;NULL;NULL;NULL;NULL;NULL;NULL;NULL
*****482;11/12/2005;1;MOD;NULL;NULL;NULL;NULL;NULL;NULL;NULL;NULL;NULL;NULL;NULL;NULL;NULL
*****128;13/01/1997;1;NULL;NULL;NULL;NULL;NULL;NULL;NULL;NULL;NULL;NULL;NULL;NULL;NULL;NULL
*****220;18/07/1989;2;LEV;NULL;NULL;NULL;NULL;NULL;NULL;NULL;NULL;NULL;NULL;NULL;NULL;NULL
*****950;15/12/1990;2;MOD;NULL;NULL;NULL;NULL;NULL;NULL;NULL;NULL;NULL;NULL;NULL;NULL;NULL
*****121;5/03/1993;1;NULL;NULL;NULL;NULL;NULL;NULL;NULL;NULL;NULL;NULL;NULL;NULL;NULL;NULL
*****778;4/03/1986;10;NULL;NULL;NULL;NULL;NULL;NULL;NULL;NULL;NULL;NULL;NULL;NULL;NULL;NULL
*****815;9/04/1997;2;LEV;NULL;NULL;NULL;NULL;NULL;NULL;28/06/2024;NULL;NULL;NULL;NULL;NULL;NULL
*****596;18/11/1996;1;NULL;NULL;NULL;NULL;NULL;NULL;NULL;NULL;NULL;NULL;NULL;NULL;NULL;NULL
*****519;17/02/1999;1;NULL;NULL;NULL;NULL;NULL;NULL;NULL;NULL;NULL;NULL;NULL;NULL;NULL;NULL
*****705;14/07/1996;1;LEV;NULL;NULL;NULL;NULL;NULL;NULL;23/11/2024;12.8;NULL;NULL;NULL;NULL;NULL
*****609;20/05/1996;2;LEV;NULL;NULL;NULL;NULL;NULL;NULL;NULL;NULL;NULL;NULL;NULL;NULL;NULL
*****156;21/02/1986;2;NULL;NULL;NULL;NULL;NULL;NULL;NULL;NULL;NULL;NULL;NULL;NULL;NULL;NULL
*****015;17/11/1991;1;MOD;NULL;NULL;NULL;NULL;NULL;NULL;NULL;NULL;NULL;NULL;NULL;NULL;NULL
*****299;11/03/1994;1;NULL;NULL;NULL;NULL;NULL;NULL;NULL;NULL;NULL;NULL;NULL;NULL;NULL;NULL
*****459;19/06/2001;1;NULL;NULL;NULL;NULL;NULL;NULL;NULL;NULL;NULL;NULL;NULL;NULL;NULL;NULL
*****455;24/11/2007;1;LEV;NULL;NULL;NULL;NULL;NULL;NULL;NULL;NULL;NULL;NULL;NULL;NULL;NULL
*****391;4/01/1998;2;MOD;NULL;NULL;NULL;NULL;NULL;NULL;NULL;NULL;NULL;NULL;NULL;NULL;NULL
*****949;31/05/2002;2;LEV;NULL;NULL;NULL;NULL;NULL;NULL;NULL;NULL;NULL;NULL;NULL;NULL;NULL
*****748;30/12/1993;2;NULL;NULL;NULL;NULL;NULL;NULL;NULL;NULL;NULL;NULL;NULL;NULL;NULL;NULL
*****115;10/04/1993;2;NULL;NULL;NULL;NULL;NULL;NULL;NULL;NULL;NULL;NULL;NULL;NULL;NULL;NULL
*****056;29/03/2004;1;LEV;NULL;NULL;NULL;NULL;NULL;NULL;NULL;NULL;NULL;NULL;NULL;NULL;NULL
*****927;23/05/2004;1;NULL;NULL;NULL;NULL;NULL;NULL;NULL;NULL;NULL;NULL;NULL;NULL;NULL;NULL
*****120;24/04/1995;1;LEV;NULL;NULL;NULL;NULL;NULL;NULL;NULL;NULL;NULL;NULL;NULL;NULL;NULL
*****661;17/01/1999;2;NULL;NULL;NULL;NULL;NULL;NULL;NULL;NULL;NULL;NULL;NULL;NULL;NULL;NULL
*****993;6/05/1997;2;LEV;NULL;NULL;NULL;NULL;NULL;NULL;NULL;NULL;NULL;NULL;NULL;NULL;NULL
*****776;1/02/1982;2;LEV;NULL;NULL;NULL;NULL;NULL;NULL;NULL;NULL;NULL;NULL;NULL;NULL;NULL
*****709;4/04/1983;1;LEV;NULL;NULL;NULL;NULL;NULL;NULL;NULL;NULL;NULL;NULL;NULL;NULL;NULL
*****561;27/07/1988;1;MOD;NULL;NULL;NULL;NULL;NULL;NULL;NULL;NULL;NULL;NULL;NULL;NULL;NULL
*****169;19/03/1991;1;NULL;NULL;NULL;NULL;NULL;NULL;NULL;NULL;NULL;NULL;NULL;NULL;NULL;NULL
*****489;26/05/1994;2;NULL;NULL;NULL;NULL;NULL;NULL;NULL;NULL;NULL;NULL;NULL;NULL;NULL;NULL
*****284;30/05/1989;1;SEV;NULL;NULL;NULL;NULL;NULL;NULL;NULL;NULL;NULL;NULL;NULL;NULL;NULL
*****500;13/05/1994;2;NULL;NULL;NULL;NULL;NULL;NULL;NULL;NULL;NULL;NULL;NULL;NULL;NULL;NULL
*****364;11/09/1992;2;LEV;NULL;NULL;NULL;NULL;NULL;NULL;NULL;NULL;NULL;NULL;NULL;NULL;NULL
*****129;9/06/1994;2;MOD;NULL;NULL;NULL;NULL;NULL;NULL;NULL;NULL;NULL;NULL;NULL;NULL;NULL
*****982;16/08/2000;2;LEV;NULL;NULL;NULL;NULL;NULL;NULL;NULL;NULL;NULL;NULL;NULL;NULL;NULL
*****486;23/12/1987;1;LEV;NULL;NULL;NULL;NULL;NULL;NULL;NULL;NULL;NULL;NULL;NULL;NULL;NULL
*****334;12/01/1987;1;MOD;NULL;NULL;NULL;NULL;NULL;NULL;NULL;NULL;NULL;NULL;NULL;NULL;NULL
*****786;28/06/1987;1;LEV;NULL;NULL;NULL;NULL;NULL;NULL;NULL;NULL;NULL;NULL;NULL;NULL;NULL
*****375;13/10/1991;1;NULL;NULL;NULL;NULL;NULL;NULL;NULL;NULL;NULL;NULL;NULL;NULL;NULL;NULL
*****761;5/01/1993;2;NULL;NULL;NULL;NULL;NULL;NULL;NULL;NULL;NULL;NULL;NULL;NULL;NULL;NULL
*****347;21/10/1991;10;NULL;NULL;NULL;NULL;NULL;NULL;NULL;NULL;NULL;NULL;NULL;NULL;NULL;NULL
*****943;10/03/2006;2;NULL;NULL;NULL;NULL;NULL;NULL;NULL;NULL;NULL;NULL;NULL;NULL;NULL;NULL
*****383;10/06/1996;2;MOD;9/04/2024;11.3;NULL;NULL;NULL;NULL;NULL;NULL;NULL;NULL;NULL;NULL;NULL
*****336;27/03/2000;2;NULL;NULL;NULL;NULL;NULL;NULL;NULL;NULL;NULL;NULL;NULL;NULL;NULL;NULL
*****960;27/11/2002;2;LEV;NULL;NULL;NULL;NULL;NULL;NULL;NULL;NULL;NULL;NULL;NULL;NULL;NULL
*****568;11/09/1997;10;SEV;NULL;NULL;NULL;NULL;NULL;NULL;NULL;NULL;NULL;NULL;NULL;NULL;NULL
*****400;3/01/1983;2;MOD;NULL;NULL;NULL;NULL;NULL;NULL;NULL;NULL;NULL;NULL;NULL;NULL;NULL
*****608;16/01/2000;2;NULL;NULL;NULL;NULL;NULL;NULL;NULL;NULL;NULL;NULL;NULL;NULL;NULL;NULL
*****574;11/01/1998;1;MOD;NULL;NULL;NULL;NULL;NULL;NULL;NULL;NULL;NULL;NULL;NULL;NULL;NULL
*****363;24/08/1996;2;NULL;NULL;NULL;NULL;NULL;NULL;NULL;NULL;NULL;NULL;NULL;NULL;NULL;NULL
*****855;2/08/2003;1;LEV;NULL;NULL;NULL;NULL;NULL;NULL;NULL;NULL;NULL;NULL;NULL;NULL;NULL
*****716;15/01/2000;1;MOD;NULL;NULL;NULL;NULL;7/11/2024;11.6;31/12/2024;14.1;NULL;NULL;NULL;NULL;NULL
*****454;7/01/1996;2;NULL;NULL;NULL;NULL;NULL;NULL;NULL;NULL;NULL;NULL;NULL;NULL;NULL;NULL
*****356;23/02/1989;1;LEV;NULL;NULL;NULL;NULL;12/12/2024;14.1;NULL;NULL;NULL;NULL;NULL;NULL;NULL
*****984;9/09/1990;1;NULL;NULL;NULL;NULL;NULL;NULL;NULL;NULL;NULL;NULL;NULL;NULL;NULL;NULL
*****415;16/03/1992;1;LEV;NULL;NULL;10/12/2024;12.8;NULL;NULL;NULL;NULL;NULL;NULL;NULL;NULL;NULL
*****975;10/05/2007;2;NULL;NULL;NULL;NULL;NULL;NULL;NULL;NULL;NULL;NULL;NULL;NULL;NULL;NULL
*****078;7/03/1996;2;LEV;NULL;NULL;NULL;NULL;NULL;NULL;NULL;NULL;NULL;NULL;NULL;NULL;NULL
*****580;7/08/1995;10;SEV;NULL;NULL;NULL;NULL;NULL;NULL;NULL;NULL;NULL;NULL;NULL;NULL;NULL
*****747;14/07/1995;2;LEV;NULL;NULL;NULL;NULL;NULL;NULL;NULL;NULL;NULL;NULL;NULL;NULL;NULL
*****106;20/12/1994;2;NULL;NULL;NULL;NULL;NULL;NULL;NULL;NULL;NULL;NULL;NULL;NULL;NULL;NULL
*****607;4/07/1998;2;NULL;NULL;NULL;NULL;NULL;NULL;NULL;NULL;NULL;NULL;NULL;NULL;NULL;NULL
*****114;23/10/1980;2;MOD;NULL;NULL;NULL;NULL;NULL;NULL;NULL;NULL;NULL;NULL;NULL;NULL;NULL
*****057;17/02/1985;1;LEV;NULL;NULL;NULL;NULL;NULL;NULL;NULL;NULL;NULL;NULL;NULL;NULL;NULL
*****337;31/08/1987;2;MOD;NULL;NULL;NULL;NULL;NULL;NULL;NULL;NULL;NULL;NULL;NULL;NULL;NULL
*****867;23/10/1997;1;NULL;NULL;NULL;NULL;NULL;NULL;NULL;NULL;NULL;NULL;NULL;NULL;NULL;NULL
*****041;13/10/1991;1;LEV;NULL;NULL;NULL;NULL;NULL;NULL;NULL;NULL;NULL;NULL;NULL;NULL;NULL
*****264;28/06/2005;1;LEV;NULL;NULL;NULL;NULL;NULL;NULL;NULL;NULL;NULL;NULL;NULL;NULL;NULL
*****471;19/03/1996;1;NULL;NULL;NULL;NULL;NULL;NULL;NULL;NULL;NULL;NULL;NULL;NULL;NULL;NULL
*****692;10/09/1997;1;NULL;NULL;NULL;NULL;NULL;NULL;NULL;NULL;NULL;NULL;NULL;NULL;NULL;NULL
*****192;3/02/2000;2;MOD;NULL;NULL;NULL;NULL;NULL;NULL;11/07/2024;13.5;NULL;NULL;NULL;NULL;NULL
*****210;22/04/1996;1;NULL;NULL;NULL;NULL;NULL;NULL;NULL;18/03/2025;14.4;NULL;NULL;NULL;NULL;NULL
*****033;15/02/1996;2;MOD;NULL;NULL;7/05/2025;NULL;NULL;NULL;NULL;NULL;NULL;NULL;NULL;NULL;NULL
*****419;29/05/1994;1;LEV;NULL;NULL;NULL;NULL;NULL;NULL;NULL;NULL;NULL;NULL;NULL;NULL;NULL
*****437;14/02/1994;1;NULL;NULL;NULL;NULL;NULL;NULL;NULL;NULL;NULL;NULL;NULL;NULL;NULL;NULL
*****721;30/07/1998;1;NULL;NULL;NULL;NULL;NULL;NULL;NULL;NULL;NULL;NULL;NULL;NULL;NULL;NULL
*****884;15/08/1997;2;LEV;NULL;NULL;21/12/2024;10.9;NULL;NULL;NULL;NULL;NULL;NULL;NULL;NULL;NULL
*****777;3/12/1982;1;NULL;NULL;NULL;NULL;NULL;NULL;NULL;NULL;NULL;NULL;NULL;NULL;NULL;NULL
*****742;8/10/1985;2;LEV;NULL;NULL;NULL;NULL;NULL;NULL;NULL;NULL;NULL;NULL;NULL;NULL;NULL
*****867;16/07/1990;1;NULL;NULL;NULL;NULL;NULL;NULL;NULL;17/09/2024;14.2;NULL;NULL;NULL;NULL;NULL
*****889;11/07/1992;2;NULL;NULL;NULL;NULL;NULL;NULL;NULL;NULL;NULL;NULL;NULL;NULL;NULL;NULL
*****657;13/04/1992;2;MOD;27/01/2024;14.7;27/03/2024;14.7;NULL;NULL;26/04/2024;13.2;NULL;NULL;27/01/2024;27/03/2024;NULL
*****402;26/01/2009;2;NULL;NULL;NULL;NULL;NULL;NULL;NULL;NULL;NULL;NULL;NULL;NULL;NULL;NULL
*****228;20/03/2007;1;LEV;NULL;NULL;NULL;NULL;NULL;NULL;NULL;NULL;NULL;NULL;NULL;NULL;NULL
*****929;10/08/1998;1;MOD;NULL;NULL;NULL;NULL;NULL;NULL;NULL;NULL;NULL;NULL;NULL;NULL;NULL
*****586;22/04/1999;2;MOD;22/10/2024;11.4;NULL;NULL;NULL;NULL;28/01/2025;14.2;NULL;NULL;NULL;NULL;NULL
*****787;4/12/1999;1;MOD;NULL;NULL;NULL;NULL;NULL;NULL;NULL;NULL;NULL;NULL;NULL;NULL;NULL
*****544;10/01/2002;2;LEV;NULL;NULL;NULL;NULL;NULL;NULL;NULL;NULL;NULL;NULL;NULL;NULL;NULL
*****021;12/10/1995;2;NULL;NULL;NULL;NULL;NULL;NULL;NULL;NULL;NULL;NULL;NULL;NULL;NULL;NULL
*****935;26/12/1996;1;MOD;NULL;NULL;NULL;NULL;NULL;NULL;NULL;NULL;NULL;NULL;NULL;NULL;NULL
*****861;12/11/1984;2;NULL;NULL;NULL;NULL;NULL;NULL;NULL;NULL;NULL;NULL;NULL;NULL;NULL;NULL
*****614;8/05/1988;2;MOD;NULL;NULL;NULL;NULL;NULL;NULL;NULL;NULL;NULL;NULL;NULL;NULL;NULL
*****695;18/11/2008;1;LEV;NULL;NULL;NULL;NULL;NULL;NULL;NULL;NULL;NULL;NULL;NULL;NULL;NULL
*****428;4/07/2009;1;NULL;NULL;NULL;NULL;NULL;NULL;NULL;NULL;NULL;NULL;NULL;NULL;NULL;NULL
*****250;7/08/2006;1;LEV;NULL;NULL;NULL;NULL;NULL;NULL;NULL;NULL;NULL;NULL;NULL;NULL;NULL
*****998;14/05/2008;2;MOD;NULL;NULL;NULL;NULL;NULL;NULL;NULL;NULL;NULL;NULL;NULL;NULL;NULL
*****132;18/03/2000;1;MOD;NULL;NULL;3/02/2025;12.3;NULL;NULL;10/03/2025;14.2;NULL;NULL;NULL;NULL;NULL
*****131;18/01/1998;2;NULL;NULL;NULL;NULL;NULL;NULL;NULL;NULL;NULL;NULL;NULL;NULL;NULL;NULL
*****882;3/02/1999;2;MOD;3/04/2025;11.7;NULL;NULL;NULL;NULL;NULL;NULL;NULL;NULL;NULL;NULL;NULL
*****589;7/04/1998;1;LEV;NULL;NULL;NULL;NULL;NULL;NULL;NULL;NULL;NULL;NULL;NULL;NULL;NULL
*****401;6/04/2000;10;NULL;NULL;NULL;NULL;NULL;NULL;NULL;NULL;NULL;NULL;NULL;NULL;NULL;NULL
*****060;20/09/1988;2;NULL;NULL;NULL;NULL;NULL;NULL;NULL;NULL;NULL;NULL;NULL;NULL;NULL;NULL
*****376;18/10/1987;1;LEV;NULL;NULL;NULL;NULL;NULL;NULL;NULL;NULL;NULL;NULL;NULL;NULL;NULL
*****404;16/02/1985;1;NULL;NULL;NULL;NULL;NULL;NULL;NULL;NULL;NULL;NULL;NULL;NULL;NULL;NULL
*****398;28/05/1988;1;LEV;NULL;NULL;NULL;NULL;NULL;NULL;NULL;NULL;NULL;NULL;NULL;NULL;NULL
*****707;20/04/1991;2;NULL;NULL;NULL;NULL;NULL;NULL;NULL;NULL;NULL;NULL;NULL;NULL;NULL;NULL
*****321;27/08/1993;2;LEV;NULL;NULL;NULL;NULL;NULL;NULL;NULL;NULL;NULL;NULL;NULL;NULL;NULL
*****016;7/09/2002;2;LEV;NULL;NULL;NULL;NULL;NULL;NULL;NULL;NULL;NULL;NULL;NULL;NULL;NULL
*****403;1/06/2001;2;NULL;NULL;NULL;NULL;NULL;NULL;NULL;NULL;NULL;NULL;NULL;NULL;NULL;NULL
*****431;18/05/1996;2;MOD;NULL;NULL;26/04/2025;13.2;NULL;NULL;NULL;NULL;NULL;NULL;NULL;NULL;NULL
*****871;1/04/1986;1;LEV;NULL;NULL;NULL;NULL;NULL;NULL;NULL;NULL;NULL;NULL;NULL;NULL;NULL
*****756;10/12/1987;2;SEV;NULL;NULL;NULL;NULL;NULL;NULL;NULL;NULL;NULL;NULL;NULL;NULL;NULL
*****295;8/12/1984;1;NULL;NULL;NULL;NULL;NULL;NULL;NULL;NULL;NULL;NULL;NULL;NULL;NULL;NULL
*****967;2/04/1989;2;NULL;9/04/2024;11.7;NULL;NULL;NULL;NULL;NULL;NULL;NULL;NULL;NULL;NULL;NULL
*****268;3/01/1990;2;NULL;NULL;NULL;NULL;NULL;NULL;NULL;NULL;NULL;NULL;NULL;NULL;NULL;NULL
*****921;12/03/1989;1;LEV;18/09/2024;10.9;NULL;NULL;NULL;NULL;NULL;NULL;NULL;NULL;NULL;NULL;NULL
*****695;23/01/1992;1;LEV;NULL;NULL;NULL;NULL;NULL;NULL;NULL;NULL;NULL;NULL;NULL;NULL;NULL
*****263;29/04/1991;1;LEV;NULL;NULL;6/02/2025;13.8;NULL;NULL;10/03/2025;14.4;NULL;NULL;NULL;NULL;NULL
*****766;28/08/1993;2;SEV;NULL;NULL;NULL;NULL;NULL;NULL;NULL;NULL;NULL;NULL;NULL;NULL;NULL
*****567;26/05/1997;2;NULL;NULL;NULL;NULL;NULL;NULL;NULL;NULL;NULL;NULL;NULL;NULL;NULL;NULL
*****389;6/03/2005;2;LEV;NULL;NULL;9/05/2025;NULL;NULL;NULL;NULL;NULL;NULL;NULL;NULL;NULL;NULL
*****844;20/07/2009;1;LEV;NULL;NULL;NULL;NULL;NULL;NULL;NULL;NULL;NULL;NULL;NULL;NULL;NULL
*****807;19/09/1999;2;NULL;NULL;NULL;NULL;NULL;NULL;NULL;28/06/2024;15.3;NULL;NULL;NULL;NULL;NULL
*****776;13/10/1980;2;LEV;NULL;NULL;NULL;NULL;NULL;NULL;NULL;NULL;NULL;NULL;NULL;NULL;NULL
*****338;16/03/1987;2;SEV;NULL;NULL;NULL;NULL;NULL;NULL;NULL;NULL;NULL;NULL;NULL;NULL;NULL
*****036;5/08/1995;2;NULL;NULL;NULL;NULL;NULL;NULL;NULL;NULL;NULL;NULL;NULL;NULL;NULL;NULL
*****918;22/09/1998;2;LEV;NULL;NULL;NULL;NULL;NULL;NULL;NULL;NULL;NULL;NULL;NULL;NULL;NULL
*****039;18/11/1998;2;LEV;NULL;NULL;NULL;NULL;NULL;NULL;NULL;NULL;NULL;NULL;NULL;NULL;NULL
*****692;21/12/2005;2;LEV;NULL;NULL;NULL;NULL;NULL;NULL;NULL;NULL;NULL;NULL;NULL;NULL;NULL
*****158;19/11/2001;1;SEV;NULL;NULL;NULL;NULL;NULL;NULL;NULL;NULL;NULL;NULL;NULL;NULL;NULL
*****692;9/03/1995;2;SEV;NULL;NULL;NULL;NULL;NULL;NULL;NULL;NULL;NULL;NULL;NULL;NULL;NULL
*****795;23/05/2001;2;MOD;NULL;NULL;NULL;NULL;NULL;NULL;NULL;NULL;NULL;NULL;NULL;NULL;NULL
*****780;19/06/1999;10;NULL;NULL;NULL;NULL;NULL;NULL;NULL;NULL;NULL;NULL;NULL;NULL;NULL;NULL
*****831;12/06/1995;1;NULL;NULL;NULL;NULL;NULL;NULL;NULL;NULL;NULL;NULL;NULL;NULL;NULL;NULL
*****514;4/01/1994;2;NULL;NULL;NULL;NULL;NULL;NULL;NULL;NULL;NULL;NULL;NULL;NULL;NULL;NULL
*****973;19/10/2008;1;LEV;NULL;NULL;NULL;NULL;20/11/2024;14.5;NULL;NULL;NULL;NULL;NULL;NULL;NULL
*****333;21/09/1996;2;NULL;9/02/2024;11.7;NULL;NULL;NULL;NULL;NULL;NULL;NULL;NULL;NULL;NULL;NULL
*****114;23/12/1978;1;NULL;NULL;NULL;NULL;NULL;NULL;NULL;NULL;NULL;NULL;NULL;NULL;NULL;NULL
*****886;27/10/1987;2;NULL;NULL;NULL;NULL;NULL;NULL;NULL;NULL;NULL;NULL;NULL;NULL;NULL;NULL
*****811;25/09/1985;2;SEV;11/04/2025;9.8;NULL;NULL;NULL;NULL;NULL;NULL;NULL;NULL;NULL;NULL;NULL
*****897;5/04/1990;2;NULL;NULL;NULL;NULL;NULL;NULL;NULL;NULL;NULL;NULL;NULL;NULL;NULL;NULL
*****259;22/05/1992;2;MOD;NULL;NULL;NULL;NULL;NULL;NULL;NULL;NULL;NULL;NULL;NULL;NULL;NULL
*****472;25/07/1992;1;MOD;NULL;NULL;NULL;NULL;NULL;NULL;NULL;NULL;NULL;NULL;NULL;NULL;NULL
*****752;29/05/1991;1;MOD;NULL;NULL;NULL;NULL;NULL;NULL;NULL;NULL;NULL;NULL;NULL;NULL;NULL
*****469;14/11/1991;1;MOD;NULL;NULL;NULL;NULL;NULL;NULL;NULL;NULL;NULL;NULL;NULL;NULL;NULL
*****124;26/08/2002;2;NULL;NULL;NULL;8/05/2025;NULL;NULL;NULL;NULL;NULL;NULL;NULL;NULL;NULL;NULL
*****971;17/07/2006;2;NULL;NULL;NULL;NULL;NULL;NULL;NULL;NULL;NULL;NULL;NULL;NULL;NULL;NULL
*****282;18/01/1996;1;LEV;NULL;NULL;NULL;NULL;NULL;NULL;NULL;NULL;NULL;NULL;NULL;NULL;NULL
*****425;30/05/2007;1;NULL;NULL;NULL;NULL;NULL;NULL;NULL;18/10/2024;NULL;NULL;NULL;NULL;NULL;NULL
*****448;10/10/2000;2;MOD;NULL;NULL;NULL;NULL;NULL;NULL;NULL;NULL;NULL;NULL;NULL;NULL;NULL
*****105;30/12/2001;2;LEV;NULL;NULL;NULL;NULL;NULL;NULL;NULL;NULL;NULL;NULL;NULL;NULL;NULL
*****021;27/06/2005;2;NULL;NULL;NULL;NULL;NULL;NULL;NULL;NULL;NULL;NULL;NULL;NULL;NULL;NULL
*****311;10/07/1985;10;NULL;NULL;NULL;NULL;NULL;NULL;NULL;NULL;NULL;NULL;NULL;NULL;NULL;NULL
*****982;30/12/1984;2;NULL;NULL;NULL;NULL;NULL;NULL;NULL;NULL;NULL;NULL;NULL;NULL;NULL;NULL
*****435;10/01/1989;2;NULL;NULL;NULL;NULL;NULL;NULL;NULL;NULL;NULL;NULL;NULL;NULL;NULL;NULL
*****824;24/08/1984;2;LEV;NULL;NULL;NULL;NULL;NULL;NULL;NULL;NULL;NULL;NULL;NULL;NULL;NULL
*****565;14/05/2005;2;LEV;17/02/2025;10.6;NULL;NULL;NULL;NULL;NULL;NULL;NULL;NULL;17/02/2025;NULL;NULL
*****047;28/07/1999;2;LEV;4/11/2024;10.4;4/12/2024;12;3/01/2025;12.2;2/02/2025;10.4;NULL;NULL;4/11/2024;4/12/2024;3/01/2025
*****075;16/05/2005;2;MOD;28/02/2025;8.6;30/03/2025;8.8;29/04/2025;10;29/05/2025;8.7;NULL;NULL;28/02/2025;30/03/2025;29/04/2025
*****005;28/03/2005;2;MOD;29/04/2025;9;NULL;NULL;NULL;NULL;NULL;NULL;NULL;NULL;29/04/2025;NULL;NULL
*****616;24/10/2002;2;LEV;NULL;NULL;NULL;NULL;NULL;NULL;NULL;NULL;NULL;NULL;NULL;NULL;NULL
*****800;18/12/1998;2;MOD;NULL;NULL;NULL;NULL;NULL;NULL;NULL;NULL;NULL;NULL;9/11/2023;NULL;NULL
*****639;25/06/1995;2;MOD;NULL;NULL;NULL;NULL;NULL;NULL;NULL;NULL;NULL;NULL;17/12/2023;16/01/2024;15/02/2024
*****402;21/03/1998;2;LEV;NULL;NULL;NULL;NULL;NULL;NULL;NULL;NULL;NULL;NULL;22/05/2024;NULL;NULL
*****545;9/04/1989;2;MOD;NULL;NULL;NULL;NULL;NULL;NULL;NULL;NULL;NULL;NULL;5/11/2024;NULL;NULL
*****082;20/05/1990;2;LEV;NULL;NULL;NULL;NULL;NULL;NULL;NULL;NULL;NULL;NULL;14/04/2024;14/05/2024;NULL
*****098;23/03/1980;2;LEV;NULL;NULL;NULL;NULL;NULL;NULL;8/04/2024;NULL;NULL;NULL;17/11/2023;17/12/2023;16/01/2024
*****452;23/06/1986;1;LEV;NULL;NULL;NULL;NULL;NULL;NULL;NULL;NULL;NULL;NULL;NULL;NULL;NULL
*****163;19/11/1986;2;LEV;14/01/2025;10.9;13/02/2025;10.9;17/03/2025;10.9;2/05/2025;NULL;NULL;NULL;14/01/2025;13/02/2025;17/03/2025
*****747;6/08/1997;2;LEV;NULL;NULL;NULL;NULL;NULL;NULL;NULL;NULL;NULL;NULL;7/04/2024;7/05/2024;6/06/2024
*****801;22/05/2008;2;LEV;NULL;NULL;NULL;NULL;NULL;NULL;NULL;NULL;NULL;NULL;11/02/2024;12/03/2024;NULL
*****885;14/03/2006;2;LEV;NULL;NULL;NULL;NULL;NULL;NULL;NULL;NULL;NULL;NULL;12/02/2025;14/03/2025;13/04/2025
*****312;14/06/2003;2;LEV;1/12/2023;10;1/01/2024;9;31/01/2024;10;1/03/2024;11.1;31/03/2024;10.7;1/12/2023;1/01/2024;31/01/2024
*****976;6/11/2000;2;LEV;NULL;NULL;NULL;NULL;NULL;NULL;NULL;NULL;NULL;NULL;26/05/2024;25/06/2024;25/07/2024
*****826;28/09/1999;2;LEV;NULL;NULL;NULL;NULL;NULL;NULL;NULL;NULL;NULL;NULL;13/01/2025;14/02/2025;NULL
*****104;8/12/1993;2;LEV;NULL;NULL;NULL;NULL;NULL;NULL;NULL;NULL;NULL;NULL;26/05/2024;25/06/2024;NULL
*****941;18/12/2007;2;LEV;25/11/2023;10;12/02/2024;9.8;NULL;NULL;NULL;NULL;NULL;NULL;25/11/2023;12/02/2024;NULL
*****157;11/06/1989;2;LEV;NULL;NULL;NULL;NULL;NULL;NULL;NULL;NULL;NULL;NULL;30/08/2024;29/09/2024;29/10/2024
*****513;20/07/1992;2;NULL;NULL;NULL;NULL;NULL;NULL;NULL;NULL;NULL;NULL;NULL;NULL;NULL;NULL
*****889;5/03/1991;2;MOD;NULL;NULL;NULL;NULL;NULL;NULL;NULL;NULL;NULL;NULL;31/01/2025;NULL;NULL
*****545;25/09/1992;8;LEV;9/10/2024;10.6;9/11/2024;10;10/12/2024;10.7;27/01/2025;NULL;NULL;NULL;9/10/2024;9/11/2024;10/12/2024
*****988;6/05/2002;2;LEV;7/01/2025;11.3;7/02/2025;12.5;9/03/2025;12.8;8/04/2025;12.3;NULL;NULL;7/01/2025;7/02/2025;9/03/2025
*****563;19/12/2007;1;LEV;14/01/2025;10.9;13/02/2025;10.5;15/03/2025;11.8;14/04/2025;11.4;NULL;NULL;14/01/2025;13/02/2025;15/03/2025
*****818;1/04/2007;2;LEV;NULL;NULL;NULL;NULL;NULL;NULL;2/05/2024;NULL;NULL;NULL;16/01/2024;15/02/2024;NULL
*****169;31/10/2006;2;LEV;15/08/2024;10;14/09/2024;11.2;NULL;NULL;13/11/2024;11.4;1/01/2025;NULL;15/08/2024;14/09/2024;NULL
*****925;13/08/2005;2;MOD;NULL;NULL;NULL;NULL;NULL;NULL;NULL;NULL;NULL;NULL;26/04/2025;NULL;NULL
*****912;2/09/1995;2;LEV;NULL;NULL;NULL;NULL;NULL;NULL;NULL;NULL;NULL;NULL;22/04/2024;22/05/2024;21/06/2024
*****776;5/05/1983;2;MOD;10/03/2024;9.3;9/04/2024;10;9/05/2024;10.7;8/06/2024;11.8;8/07/2024;11.2;10/03/2024;9/04/2024;9/05/2024
*****329;29/04/1988;2;MOD;NULL;NULL;NULL;NULL;NULL;NULL;NULL;NULL;NULL;NULL;NULL;NULL;NULL
*****770;21/11/2004;2;MOD;NULL;NULL;NULL;NULL;NULL;NULL;NULL;NULL;NULL;NULL;NULL;NULL;NULL
*****680;21/07/2003;2;LEV;NULL;NULL;NULL;NULL;NULL;NULL;24/11/2024;12.2;NULL;NULL;26/08/2024;25/09/2024;25/10/2024
*****511;12/11/1988;2;MOD;NULL;NULL;NULL;NULL;NULL;NULL;NULL;NULL;NULL;NULL;23/09/2024;23/10/2024;22/11/2024
*****017;5/11/1990;2;MOD;NULL;NULL;NULL;NULL;NULL;NULL;NULL;NULL;NULL;NULL;20/03/2024;19/04/2024;19/05/2024
*****124;28/03/1990;2;LEV;NULL;NULL;NULL;NULL;NULL;NULL;NULL;NULL;NULL;NULL;8/10/2024;7/11/2024;7/12/2024
*****443;29/08/1991;2;LEV;NULL;NULL;NULL;NULL;NULL;NULL;NULL;NULL;NULL;NULL;16/02/2025;18/03/2025;17/04/2025
*****174;16/03/1983;2;LEV;NULL;NULL;NULL;NULL;2/04/2024;NULL;NULL;NULL;NULL;NULL;15/12/2023;NULL;NULL
*****966;24/09/1991;2;LEV;10/01/2025;10.4;10/02/2025;11.4;12/03/2025;10.4;2/05/2025;NULL;NULL;NULL;10/01/2025;10/02/2025;12/03/2025
*****222;31/01/1993;2;LEV;NULL;NULL;NULL;NULL;NULL;NULL;NULL;NULL;NULL;NULL;22/05/2025;6/03/2023;NULL
*****091;3/06/2010;2;LEV;20/08/2024;10.3;19/09/2024;11.2;19/10/2024;9.8;19/11/2024;11.5;19/12/2024;12.3;20/08/2024;19/09/2024;19/10/2024
*****321;23/12/2001;2;LEV;NULL;NULL;NULL;NULL;7/06/2024;NULL;NULL;NULL;NULL;NULL;2/04/2024;NULL;NULL
*****227;28/04/1998;2;LEV;NULL;NULL;NULL;NULL;NULL;NULL;NULL;NULL;NULL;NULL;22/12/2023;21/01/2024;20/02/2024
*****968;8/03/2004;2;MOD;27/05/2025;10.1;NULL;NULL;NULL;NULL;NULL;NULL;NULL;NULL;27/05/2025;NULL;NULL
*****406;12/11/2005;2;LEV;NULL;NULL;NULL;NULL;NULL;NULL;NULL;NULL;NULL;NULL;26/12/2023;NULL;NULL
*****508;11/07/1999;2;MOD;22/05/2025;8.9;NULL;NULL;NULL;NULL;NULL;NULL;NULL;NULL;22/05/2025;NULL;NULL
*****743;14/09/2000;2;LEV;14/11/2024;10.5;14/12/2024;9.5;NULL;NULL;13/02/2025;NULL;NULL;NULL;14/11/2024;14/12/2024;6/01/2025
*****516;20/11/2000;2;LEV;NULL;NULL;NULL;NULL;NULL;NULL;NULL;NULL;NULL;NULL;2/07/2024;31/07/2024;NULL
*****526;9/09/1992;2;LEV;NULL;NULL;NULL;NULL;NULL;NULL;NULL;NULL;NULL;NULL;7/02/2025;10/03/2025;NULL
*****279;31/08/1996;2;LEV;26/08/2024;10.6;25/09/2024;11.2;25/10/2024;11.5;24/11/2024;11.4;24/12/2024;11.4;26/08/2024;25/09/2024;25/10/2024
*****724;30/01/2006;2;LEV;16/10/2023;10.6;30/12/2023;8.4;29/01/2024;9.7;NULL;NULL;1/04/2024;9.4;16/10/2023;30/12/2023;29/01/2024
*****948;28/04/2008;2;LEV;1/03/2025;10.4;1/04/2025;11.4;23/05/2025;NULL;NULL;NULL;NULL;NULL;1/03/2025;1/04/2025;NULL
*****836;25/11/1996;2;LEV;NULL;NULL;NULL;NULL;NULL;NULL;NULL;NULL;NULL;NULL;13/09/2024;14/10/2024;12/11/2024
*****045;8/01/2004;2;LEV;NULL;NULL;NULL;NULL;NULL;NULL;NULL;NULL;NULL;NULL;7/08/2024;NULL;NULL
*****226;22/05/2003;2;LEV;NULL;NULL;NULL;NULL;NULL;NULL;NULL;NULL;NULL;NULL;14/12/2023;13/01/2024;NULL
*****491;5/08/1994;2;LEV;NULL;NULL;NULL;NULL;25/05/2024;NULL;NULL;NULL;NULL;NULL;15/03/2024;NULL;NULL
*****843;7/06/2004;2;LEV;NULL;NULL;NULL;NULL;NULL;NULL;NULL;NULL;NULL;NULL;NULL;NULL;NULL
*****906;17/10/1999;2;LEV;NULL;NULL;NULL;NULL;NULL;NULL;NULL;NULL;NULL;NULL;12/04/2024;12/05/2024;11/06/2024
*****324;13/09/1998;2;LEV;NULL;NULL;NULL;NULL;NULL;NULL;NULL;NULL;NULL;NULL;11/04/2024;NULL;NULL
*****698;11/05/1989;2;LEV;NULL;NULL;NULL;NULL;NULL;NULL;NULL;NULL;NULL;NULL;NULL;NULL;NULL
*****843;20/03/2003;2;MOD;NULL;NULL;NULL;NULL;NULL;NULL;NULL;NULL;NULL;NULL;17/10/2024;16/11/2024;NULL
*****791;18/12/2000;2;LEV;NULL;NULL;NULL;NULL;NULL;NULL;NULL;NULL;NULL;NULL;15/01/2024;14/02/2024;15/03/2024
*****302;25/01/1993;2;LEV;NULL;NULL;NULL;NULL;NULL;NULL;NULL;NULL;NULL;NULL;27/12/2023;26/01/2024;26/02/2024
*****242;6/05/2002;2;MOD;NULL;NULL;NULL;NULL;NULL;NULL;NULL;NULL;NULL;NULL;13/11/2024;13/12/2024;NULL
*****685;26/04/1996;2;LEV;4/02/2025;10.9;6/03/2025;11.8;5/04/2025;11.6;5/05/2025;11;NULL;NULL;4/02/2025;6/03/2025;5/04/2025
*****536;15/07/2001;1;LEV;NULL;NULL;NULL;NULL;NULL;NULL;NULL;NULL;NULL;NULL;7/05/2024;6/06/2024;6/07/2024
*****009;22/04/2006;2;MOD;15/05/2025;9.6;NULL;NULL;NULL;NULL;NULL;NULL;NULL;NULL;15/05/2025;NULL;NULL
*****298;23/09/2003;2;MOD;28/05/2025;9.5;NULL;NULL;NULL;NULL;NULL;NULL;NULL;NULL;28/05/2025;NULL;NULL
*****671;16/12/1999;2;LEV;NULL;NULL;NULL;NULL;NULL;NULL;NULL;NULL;NULL;NULL;3/04/2024;3/05/2024;NULL
*****112;17/12/1987;2;LEV;NULL;NULL;NULL;NULL;20/04/2024;NULL;NULL;NULL;NULL;NULL;NULL;NULL;NULL
*****300;20/09/1991;2;LEV;NULL;NULL;NULL;NULL;NULL;NULL;NULL;NULL;NULL;NULL;NULL;NULL;NULL
*****312;25/07/1995;2;LEV;10/09/2024;10.4;10/10/2024;10.4;9/11/2024;11;9/12/2024;12.2;NULL;NULL;10/09/2024;10/10/2024;9/11/2024
*****203;1/04/2000;2;MOD;NULL;NULL;NULL;NULL;NULL;NULL;NULL;NULL;NULL;NULL;13/07/2024;12/08/2024;10/09/2024
*****389;6/03/1993;2;LEV;NULL;NULL;NULL;NULL;NULL;NULL;NULL;NULL;NULL;NULL;12/11/2024;12/12/2024;NULL
*****714;27/10/2002;2;LEV;NULL;NULL;NULL;NULL;NULL;NULL;NULL;NULL;NULL;NULL;20/05/2024;NULL;NULL
*****831;1/05/2010;2;LEV;NULL;NULL;NULL;NULL;NULL;NULL;NULL;NULL;NULL;NULL;19/02/2025;21/03/2025;22/04/2025
*****681;2/10/2001;2;MOD;NULL;NULL;NULL;NULL;NULL;NULL;NULL;NULL;NULL;NULL;5/06/2024;NULL;NULL
*****496;1/01/2000;2;LEV;24/09/2024;10;24/10/2024;10.7;NULL;NULL;24/12/2024;NULL;NULL;NULL;24/09/2024;24/10/2024;22/11/2024
*****523;26/07/2001;2;LEV;NULL;NULL;NULL;NULL;1/04/2025;NULL;NULL;NULL;NULL;NULL;11/01/2025;10/02/2025;NULL
*****467;25/07/1992;2;LEV;NULL;NULL;NULL;NULL;NULL;NULL;NULL;NULL;NULL;NULL;11/12/2023;10/01/2024;9/02/2024
*****732;15/11/2002;2;LEV;NULL;NULL;NULL;NULL;NULL;NULL;NULL;NULL;NULL;NULL;4/04/2024;NULL;NULL
*****878;29/11/2002;2;LEV;NULL;NULL;NULL;NULL;NULL;NULL;NULL;NULL;NULL;NULL;10/11/2024;10/12/2024;9/01/2025
*****719;9/10/2009;2;LEV;19/03/2024;10.1;18/04/2024;8.8;18/05/2024;7.3;17/06/2024;9.8;17/07/2024;10.5;19/03/2024;18/04/2024;18/05/2024
*****712;23/03/2004;2;LEV;24/02/2025;10.5;26/03/2025;10.9;26/04/2025;10.4;27/05/2025;12.7;NULL;NULL;24/02/2025;26/03/2025;26/04/2025
*****224;13/06/1989;2;MOD;NULL;NULL;NULL;NULL;NULL;NULL;NULL;NULL;NULL;NULL;NULL;NULL;NULL
*****794;1/08/1991;2;MOD;27/02/2024;9.6;18/04/2024;NULL;NULL;NULL;NULL;NULL;NULL;NULL;27/02/2024;NULL;NULL
*****435;7/04/2009;2;LEV;21/08/2024;10.2;20/09/2024;10;20/10/2024;9;21/11/2024;12.4;27/12/2024;NULL;21/08/2024;20/09/2024;20/10/2024
*****577;1/05/2005;2;LEV;NULL;NULL;NULL;NULL;NULL;NULL;NULL;NULL;NULL;NULL;NULL;NULL;NULL
*****990;19/11/1985;2;MOD;11/01/2025;9.2;10/02/2025;8.4;NULL;NULL;NULL;NULL;NULL;NULL;11/01/2025;10/02/2025;14/03/2025
*****704;7/07/1986;2;LEV;NULL;NULL;NULL;NULL;NULL;NULL;NULL;NULL;NULL;NULL;15/04/2024;15/05/2024;14/06/2024
*****771;17/11/2004;2;LEV;NULL;NULL;NULL;NULL;NULL;NULL;NULL;NULL;NULL;NULL;18/12/2023;17/01/2024;16/02/2024
*****660;7/07/2003;2;LEV;NULL;NULL;NULL;NULL;NULL;NULL;NULL;NULL;NULL;NULL;2/01/2024;1/02/2024;2/03/2024
*****769;26/06/1998;2;LEV;NULL;NULL;NULL;NULL;NULL;NULL;NULL;NULL;NULL;NULL;17/02/2024;NULL;NULL
*****055;25/10/2003;2;LEV;NULL;NULL;NULL;NULL;NULL;NULL;NULL;NULL;NULL;NULL;22/05/2024;21/06/2024;21/07/2024
*****093;30/06/1982;2;LEV;NULL;NULL;NULL;NULL;NULL;NULL;NULL;NULL;NULL;NULL;1/01/2024;NULL;NULL
*****027;1/02/1989;2;LEV;15/01/2025;10.6;13/02/2025;11.1;24/03/2025;NULL;NULL;NULL;NULL;NULL;15/01/2025;13/02/2025;NULL
*****383;11/06/1984;2;LEV;1/02/2024;10.6;2/03/2024;10.6;1/04/2024;10;1/05/2024;10.9;1/06/2024;11.1;1/02/2024;2/03/2024;1/04/2024
*****814;23/02/1987;2;MOD;NULL;NULL;NULL;NULL;NULL;NULL;NULL;NULL;NULL;NULL;24/01/2024;23/02/2024;18/03/2024
*****018;28/06/1991;2;LEV;NULL;NULL;NULL;NULL;NULL;NULL;NULL;NULL;NULL;NULL;NULL;NULL;NULL
*****506;11/10/2006;2;MOD;19/03/2025;10.1;18/04/2025;10.5;18/05/2025;10.4;NULL;NULL;NULL;NULL;19/03/2025;18/04/2025;18/05/2025
*****692;14/10/2008;2;MOD;23/11/2024;9.8;23/12/2024;10.9;3/02/2025;NULL;NULL;NULL;NULL;NULL;23/11/2024;23/12/2024;NULL
*****362;8/09/2005;2;LEV;NULL;NULL;NULL;NULL;NULL;NULL;NULL;NULL;NULL;NULL;23/01/2024;21/02/2024;NULL
*****320;7/10/1992;2;LEV;NULL;NULL;18/05/2025;11.3;NULL;NULL;NULL;NULL;NULL;NULL;18/04/2025;18/05/2025;NULL
*****962;3/04/1993;2;LEV;NULL;NULL;NULL;NULL;NULL;NULL;NULL;NULL;NULL;NULL;7/05/2024;NULL;NULL
*****039;6/08/1996;2;LEV;1/11/2024;10.5;2/12/2024;10.5;3/01/2025;9.9;19/02/2025;NULL;NULL;NULL;1/11/2024;2/12/2024;3/01/2025
*****114;18/09/2004;2;MOD;13/10/2023;9.6;13/11/2023;9.5;14/12/2023;10.3;13/01/2024;10.8;12/02/2024;10.3;13/10/2023;13/11/2023;14/12/2023
*****522;10/10/1996;2;MOD;NULL;NULL;NULL;NULL;NULL;NULL;NULL;NULL;NULL;NULL;NULL;NULL;NULL
*****182;21/10/2003;2;LEV;10/01/2025;10.6;10/02/2025;10.9;18/03/2025;7.9;17/04/2025;9.5;18/05/2025;115;10/01/2025;10/02/2025;18/03/2025
*****564;1/10/2002;2;LEV;18/03/2025;10.8;16/04/2025;10.9;NULL;NULL;NULL;NULL;NULL;NULL;18/03/2025;16/04/2025;16/05/2025
*****555;19/01/1989;2;MOD;22/07/2024;NULL;NULL;NULL;26/10/2024;10.8;NULL;NULL;23/11/2024;10.5;22/07/2024;19/08/2024;19/09/2024
*****322;25/05/1987;2;MOD;19/10/2023;9.4;18/12/2023;NULL;NULL;NULL;NULL;NULL;NULL;NULL;19/10/2023;NULL;NULL
*****179;29/05/2007;1;LEV;6/02/2025;10.1;NULL;NULL;NULL;NULL;NULL;NULL;NULL;NULL;6/02/2025;6/03/2025;6/04/2025
*****147;8/10/2008;2;LEV;5/03/2025;10.2;5/04/2025;10.5;5/05/2025;7.7;NULL;NULL;NULL;NULL;5/03/2025;5/04/2025;5/05/2025
*****970;28/02/2002;2;LEV;12/02/2024;NULL;NULL;NULL;NULL;NULL;NULL;NULL;NULL;NULL;12/02/2024;NULL;NULL
*****144;25/12/1995;1;LEV;12/04/2024;NULL;12/05/2024;NULL;NULL;NULL;NULL;NULL;NULL;NULL;12/04/2024;12/05/2024;NULL
*****687;24/01/2004;2;MOD;13/02/2024;NULL;23/03/2024;NULL;23/04/2024;NULL;8/06/2024;NULL;NULL;NULL;13/02/2024;23/03/2024;23/04/2024
*****203;10/02/2003;2;LEV;20/01/2024;NULL;NULL;NULL;NULL;NULL;NULL;NULL;NULL;NULL;20/01/2024;NULL;NULL
*****265;19/08/1997;1;LEV;5/12/2023;NULL;NULL;NULL;NULL;NULL;NULL;NULL;11/04/2024;NULL;5/12/2023;NULL;NULL
*****248;2/04/2008;1;LEV;22/03/2024;NULL;NULL;NULL;22/05/2024;NULL;17/08/2024;NULL;NULL;NULL;22/03/2024;19/04/2024;22/05/2024
*****513;15/02/2005;2;LEV;16/01/2025;9.8;16/03/2025;10.2;NULL;NULL;NULL;NULL;NULL;NULL;16/01/2025;16/02/2025;16/03/2025
*****168;26/08/1991;1;LEV;17/08/2024;NULL;17/09/2024;NULL;3/11/2024;11.6;6/12/2024;NULL;NULL;NULL;17/08/2024;17/09/2024;17/10/2024
*****865;17/02/1982;2;LEV;11/12/2023;10.2;11/03/2024;NULL;25/03/2024;NULL;NULL;NULL;NULL;NULL;11/12/2023;11/03/2024;NULL
*****372;10/10/1991;1;LEV;9/04/2024;10.4;9/05/2024;NULL;9/06/2024;9.7;9/07/2024;11;9/08/2024;9.1;9/04/2024;9/05/2024;9/06/2024
*****427;25/10/2010;10;MOD;4/11/2024;10.3;4/12/2024;10.1;4/01/2025;10.3;4/02/2025;10.3;4/03/2025;10;4/11/2024;4/12/2024;4/01/2025
*****306;28/07/1988;2;LEV;9/11/2023;9.3;NULL;NULL;10/01/2024;NULL;NULL;NULL;NULL;NULL;9/11/2023;NULL;NULL
*****097;7/07/1998;1;LEV;11/02/2024;9.8;18/03/2024;NULL;11/04/2024;NULL;11/05/2024;10.7;11/06/2024;10.9;11/02/2024;18/03/2024;11/04/2024
*****397;7/01/2002;2;LEV;11/02/2024;8.6;11/03/2024;NULL;NULL;NULL;NULL;NULL;NULL;NULL;11/02/2024;11/03/2024;NULL
*****584;7/09/1984;2;LEV;11/02/2024;9.1;NULL;NULL;15/05/2024;NULL;NULL;NULL;NULL;NULL;11/02/2024;8/03/2024;NULL
*****060;10/01/1986;2;MOD;NULL;NULL;NULL;NULL;NULL;NULL;NULL;NULL;NULL;NULL;NULL;NULL;NULL
*****408;8/08/1997;1;LEV;NULL;NULL;NULL;NULL;19/01/2025;NULL;11/02/2025;12.4;NULL;NULL;1/11/2024;1/12/2024;24/12/2024
*****754;22/07/2000;1;LEV;1/10/2024;11.6;NULL;NULL;NULL;NULL;4/01/2025;14;NULL;NULL;1/10/2024;1/11/2024;NULL
*****480;10/04/2002;1;LEV;15/02/2024;10;NULL;NULL;NULL;NULL;NULL;NULL;NULL;NULL;15/02/2024;NULL;NULL
*****446;27/08/2004;1;LEV;12/01/2024;10.1;NULL;NULL;NULL;NULL;NULL;NULL;NULL;NULL;12/01/2024;NULL;NULL
*****824;27/03/2009;2;LEV;24/11/2024;10.1;NULL;NULL;NULL;NULL;6/04/2025;13.2;NULL;NULL;24/11/2024;22/12/2024;20/01/2025
*****342;14/07/1991;1;LEV;12/08/2024;NULL;16/09/2024;NULL;16/10/2024;NULL;19/12/2024;NULL;NULL;NULL;12/08/2024;16/09/2024;16/10/2024
*****136;24/01/2008;2;MOD;14/02/2024;NULL;NULL;NULL;NULL;NULL;NULL;NULL;NULL;NULL;14/02/2024;NULL;NULL
*****874;1/04/2001;2;MOD;10/10/2024;9;10/11/2024;NULL;NULL;NULL;NULL;NULL;NULL;NULL;10/10/2024;10/11/2024;NULL
*****473;29/02/2000;2;LEV;22/04/2025;NULL;NULL;NULL;NULL;NULL;NULL;NULL;NULL;NULL;22/04/2025;19/05/2025;NULL
*****650;7/11/2000;1;SEV;15/08/2024;7;NULL;NULL;NULL;NULL;NULL;NULL;NULL;NULL;15/08/2024;NULL;NULL
*****927;1/04/1987;2;LEV;2/04/2025;NULL;2/05/2025;NULL;NULL;NULL;NULL;NULL;NULL;NULL;2/04/2025;2/05/2025;NULL
*****727;18/04/2000;1;LEV;22/03/2025;NULL;NULL;NULL;NULL;NULL;NULL;NULL;NULL;NULL;22/03/2025;NULL;NULL
*****921;18/01/1998;2;MOD;1/03/2024;NULL;NULL;NULL;NULL;NULL;NULL;NULL;NULL;NULL;1/03/2024;NULL;NULL
*****802;10/10/1995;1;LEV;7/06/2024;NULL;8/07/2024;NULL;8/08/2024;NULL;11/10/2024;NULL;NULL;NULL;7/06/2024;8/07/2024;8/08/2024
*****407;12/11/1992;2;MOD;18/03/2024;NULL;NULL;NULL;NULL;NULL;NULL;NULL;NULL;NULL;18/03/2024;NULL;NULL
*****264;29/06/1995;2;MOD;15/10/2024;8;15/11/2024;8.8;2/02/2025;11.2;10/03/2025;NULL;NULL;NULL;15/10/2024;15/11/2024;24/12/2024
*****842;25/10/1999;2;LEV;12/05/2024;NULL;NULL;NULL;NULL;NULL;NULL;NULL;NULL;NULL;12/05/2024;NULL;NULL
*****054;3/05/2008;2;MOD;18/12/2023;NULL;NULL;NULL;NULL;NULL;NULL;NULL;NULL;NULL;18/12/2023;NULL;NULL
*****901;30/12/2002;1;LEV;25/01/2025;10.6;25/03/2025;10.1;NULL;NULL;25/04/2025;NULL;25/05/2025;NULL;25/01/2025;26/02/2025;25/03/2025
*****388;28/04/1991;1;LEV;NULL;NULL;24/02/2025;NULL;NULL;NULL;NULL;NULL;NULL;NULL;NULL;NULL;NULL
*****252;14/06/2006;2;LEV;NULL;NULL;NULL;NULL;NULL;NULL;NULL;NULL;NULL;NULL;NULL;NULL;NULL
*****030;21/08/2001;2;LEV;NULL;NULL;NULL;NULL;NULL;NULL;NULL;NULL;NULL;NULL;29/01/2024;NULL;NULL
*****630;28/11/2006;2;NULL;NULL;NULL;NULL;NULL;NULL;NULL;NULL;NULL;NULL;NULL;NULL;NULL;NULL
*****363;10/02/1997;2;MOD;17/10/2023;10.5;NULL;NULL;NULL;NULL;NULL;NULL;NULL;NULL;17/10/2023;NULL;NULL
*****501;21/02/1985;2;LEV;9/04/2025;10;NULL;NULL;NULL;NULL;NULL;NULL;NULL;NULL;9/04/2025;8/05/2025;NULL
*****377;31/03/2003;2;LEV;NULL;NULL;NULL;NULL;NULL;NULL;NULL;NULL;NULL;NULL;NULL;NULL;NULL
*****641;22/09/2005;2;MOD;NULL;NULL;5/01/2024;NULL;5/02/2024;NULL;NULL;NULL;NULL;NULL;29/11/2023;5/01/2024;NULL
*****431;6/08/2008;2;LEV;10/12/2023;NULL;NULL;NULL;NULL;NULL;NULL;NULL;NULL;NULL;10/12/2023;NULL;NULL
*****809;28/09/2003;2;LEV;19/12/2024;10.8;20/01/2025;12.6;19/02/2025;12.7;18/04/2025;12.9;NULL;NULL;19/12/2024;20/01/2025;19/02/2025
*****633;2/05/2006;2;LEV;NULL;NULL;NULL;NULL;NULL;NULL;NULL;NULL;NULL;NULL;21/10/2023;NULL;NULL
*****739;13/05/2001;2;LEV;1/07/2024;10;1/08/2024;NULL;NULL;NULL;1/10/2024;NULL;1/11/2024;10.6;1/07/2024;1/08/2024;1/09/2024
*****738;26/04/1984;2;LEV;5/02/2024;12.9;6/03/2024;13.2;NULL;NULL;NULL;NULL;NULL;NULL;5/02/2024;6/03/2024;NULL
*****439;1/01/1992;1;MOD;17/09/2024;12;17/10/2024;10.9;18/11/2024;11.5;21/12/2024;13;17/01/2025;13.3;17/09/2024;17/10/2024;18/11/2024
*****805;16/12/2004;2;LEV;19/10/2024;10.5;19/01/2025;NULL;NULL;NULL;NULL;NULL;NULL;NULL;19/10/2024;NULL;NULL
*****418;11/07/1994;2;MOD;21/03/2024;NULL;NULL;NULL;NULL;NULL;3/07/2024;11;NULL;NULL;21/03/2024;NULL;NULL
*****195;19/09/1995;2;MOD;19/04/2024;NULL;19/05/2024;11;NULL;NULL;NULL;NULL;NULL;NULL;19/04/2024;NULL;NULL
*****013;29/09/2008;1;LEV;NULL;NULL;NULL;NULL;20/07/2024;12;25/08/2024;NULL;NULL;NULL;21/05/2024;NULL;NULL
*****415;14/02/1997;2;MOD;19/10/2023;NULL;NULL;NULL;2/02/2024;NULL;NULL;NULL;NULL;NULL;19/10/2023;NULL;NULL
*****567;14/08/1988;1;MOD;19/05/2024;7.8;19/07/2024;10;NULL;NULL;7/09/2024;NULL;NULL;NULL;19/05/2024;19/06/2024;19/07/2024
*****588;7/04/1994;1;LEV;NULL;NULL;6/07/2024;10.4;NULL;NULL;NULL;NULL;NULL;NULL;6/06/2024;NULL;NULL
*****313;15/03/2003;1;LEV;19/06/2024;10.2;19/07/2024;10.2;NULL;NULL;NULL;NULL;NULL;NULL;19/06/2024;19/07/2024;NULL
*****687;31/07/1986;2;MOD;NULL;NULL;1/05/2024;12.6;NULL;NULL;NULL;NULL;NULL;NULL;22/01/2024;NULL;NULL
*****145;18/12/1990;2;MOD;18/04/2024;NULL;NULL;NULL;NULL;NULL;5/08/2024;NULL;NULL;NULL;18/04/2024;NULL;NULL
*****107;17/04/1984;2;LEV;24/01/2025;11.2;24/02/2025;10.9;NULL;NULL;29/04/2025;12.4;NULL;NULL;24/01/2025;24/02/2025;20/03/2025
*****260;27/07/1995;2;LEV;15/04/2025;10.9;15/05/2025;10.9;NULL;NULL;NULL;NULL;NULL;NULL;15/04/2025;15/05/2025;NULL
*****496;27/08/2007;2;LEV;NULL;NULL;NULL;NULL;NULL;NULL;NULL;NULL;NULL;NULL;NULL;NULL;NULL
*****183;22/05/2002;2;NULL;NULL;NULL;NULL;NULL;NULL;NULL;NULL;NULL;NULL;NULL;NULL;NULL;NULL
*****233;6/12/1993;2;LEV;18/10/2024;10.6;NULL;NULL;NULL;NULL;NULL;NULL;NULL;NULL;18/10/2024;1/11/2024;23/11/2024
*****696;5/08/1994;1;LEV;18/07/2024;10.6;NULL;NULL;NULL;NULL;NULL;NULL;NULL;NULL;18/07/2024;2/08/2024;18/08/2024
*****096;15/07/2001;2;MOD;23/11/2023;NULL;NULL;NULL;NULL;NULL;29/02/2024;NULL;NULL;NULL;23/11/2023;NULL;NULL
*****501;2/08/2000;1;LEV;12/04/2024;10.5;12/05/2024;10.1;11/06/2024;10.8;11/07/2024;10.3;NULL;NULL;12/04/2024;12/05/2024;11/06/2024
*****620;13/10/2000;2;LEV;18/07/2024;10;16/08/2024;10.8;16/09/2024;11.6;16/10/2024;11.4;17/11/2024;11.5;18/07/2024;16/08/2024;16/09/2024
*****500;4/08/2002;1;LEV;25/04/2024;10;25/05/2024;10.5;24/06/2024;10.8;24/07/2024;NULL;26/08/2024;11.2;25/04/2024;25/05/2024;24/06/2024
*****470;7/04/2008;2;LEV;5/03/2025;10;4/04/2025;10.3;NULL;NULL;NULL;NULL;NULL;NULL;5/03/2025;4/04/2025;4/05/2025
*****004;5/10/2000;2;MOD;12/04/2024;11.8;14/05/2024;11.9;NULL;NULL;NULL;NULL;NULL;NULL;12/04/2024;NULL;NULL
*****728;9/09/1999;2;MOD;NULL;NULL;NULL;NULL;NULL;NULL;NULL;NULL;NULL;NULL;3/05/2024;NULL;NULL
*****750;3/08/1991;2;LEV;NULL;NULL;NULL;NULL;19/08/2024;11;23/09/2024;13.5;NULL;NULL;27/05/2024;NULL;NULL
*****959;28/02/1992;2;LEV;8/01/2025;13;7/02/2025;12.7;10/03/2025;12.9;9/04/2025;13;8/05/2025;18.2;8/01/2025;7/02/2025;10/03/2025
*****690;5/09/1994;2;LEV;NULL;NULL;NULL;NULL;NULL;NULL;NULL;NULL;NULL;NULL;4/05/2024;NULL;NULL
*****317;7/06/1992;2;MOD;23/04/2024;12.1;27/05/2024;10.5;NULL;NULL;19/09/2024;12.1;NULL;NULL;23/04/2024;27/05/2024;NULL
*****923;28/07/1994;2;LEV;4/04/2025;12.1;5/05/2025;13.3;NULL;NULL;NULL;NULL;NULL;NULL;4/04/2025;5/05/2025;NULL
*****722;23/08/1995;10;MOD;7/12/2024;10.8;6/01/2025;12.2;NULL;NULL;12/03/2025;14.3;NULL;NULL;7/12/2024;6/01/2025;4/02/2025
*****644;7/10/2009;2;LEV;26/02/2025;13;28/03/2025;14.3;NULL;NULL;NULL;NULL;NULL;NULL;26/02/2025;28/03/2025;NULL
*****747;23/01/2000;2;NULL;NULL;NULL;NULL;NULL;25/03/2024;13.5;13/05/2024;14.6;NULL;NULL;NULL;NULL;NULL
*****645;5/01/2003;2;LEV;NULL;NULL;NULL;NULL;20/01/2024;NULL;12/03/2024;NULL;NULL;NULL;24/10/2023;NULL;NULL
*****753;18/05/1998;2;LEV;23/02/2024;NULL;24/04/2024;NULL;12/05/2024;NULL;1/07/2024;NULL;NULL;NULL;23/02/2024;23/03/2024;NULL
*****228;10/09/2000;1;LEV;24/01/2024;NULL;NULL;NULL;NULL;NULL;NULL;NULL;NULL;NULL;24/01/2024;NULL;NULL
*****198;18/09/2003;1;MOD;26/06/2024;NULL;NULL;NULL;NULL;NULL;NULL;NULL;NULL;NULL;26/06/2024;NULL;NULL
*****785;15/04/1993;1;LEV;23/03/2024;NULL;8/06/2024;NULL;25/06/2024;NULL;NULL;NULL;NULL;NULL;23/03/2024;24/04/2024;NULL
*****254;13/08/2005;2;LEV;20/04/2024;NULL;NULL;NULL;21/06/2024;12.8;4/08/2024;NULL;NULL;NULL;20/04/2024;NULL;NULL
*****540;7/04/1982;2;LEV;8/04/2024;NULL;NULL;NULL;NULL;NULL;NULL;NULL;NULL;NULL;8/04/2024;NULL;NULL
*****376;10/04/1994;1;LEV;9/06/2024;NULL;NULL;NULL;NULL;NULL;19/09/2024;NULL;NULL;NULL;9/06/2024;NULL;NULL
*****248;6/06/1994;2;LEV;13/10/2023;13.6;14/11/2023;13;15/12/2023;13.4;14/02/2024;14.1;15/03/2024;14.1;13/10/2023;NULL;NULL
*****040;25/01/2008;1;SEV;NULL;NULL;NULL;NULL;NULL;NULL;NULL;NULL;NULL;NULL;15/04/2025;NULL;NULL
*****425;17/01/2005;2;LEV;13/03/2024;10;NULL;NULL;NULL;NULL;NULL;NULL;NULL;NULL;13/03/2024;NULL;NULL
*****172;15/08/1992;2;MOD;13/11/2023;9.3;NULL;NULL;NULL;NULL;NULL;NULL;NULL;NULL;13/11/2023;13/01/2024;13/02/2024
*****421;9/03/2006;2;LEV;29/04/2024;9;NULL;NULL;NULL;NULL;NULL;NULL;NULL;NULL;29/04/2024;13/05/2024;13/06/2024
*****815;7/10/2007;2;LEV;21/05/2025;9.8;NULL;NULL;NULL;NULL;NULL;NULL;NULL;NULL;21/05/2025;NULL;NULL
*****250;10/01/2002;2;LEV;7/11/2023;10.1;NULL;NULL;NULL;NULL;NULL;NULL;NULL;NULL;7/11/2023;7/02/2024;7/03/2024
*****538;23/11/1994;2;MOD;23/08/2024;9.9;NULL;NULL;NULL;NULL;NULL;NULL;NULL;NULL;23/08/2024;NULL;NULL
*****280;23/08/2008;2;MOD;10/10/2024;9.4;2/02/2025;11.8;NULL;NULL;NULL;NULL;NULL;NULL;10/10/2024;10/11/2024;10/12/2024
*****859;11/08/1995;2;LEV;12/01/2024;9.9;NULL;NULL;NULL;NULL;NULL;NULL;NULL;NULL;NULL;NULL;NULL
*****075;6/08/2008;2;LEV;1/05/2024;10.3;NULL;NULL;NULL;NULL;NULL;NULL;NULL;NULL;1/05/2024;1/07/2024;1/08/2024
*****993;8/01/2008;2;LEV;16/10/2024;10;16/12/2024;10.7;NULL;NULL;NULL;NULL;NULL;NULL;16/10/2024;16/11/2024;16/12/2024
*****973;20/02/2002;2;LEV;17/01/2024;10;NULL;NULL;NULL;NULL;NULL;NULL;NULL;NULL;NULL;NULL;NULL
*****108;17/11/2002;2;LEV;16/02/2025;10.3;NULL;NULL;22/04/2025;NULL;NULL;NULL;NULL;NULL;9/02/2025;9/03/2025;9/04/2025
*****201;22/08/2004;2;LEV;15/09/2024;10.5;NULL;NULL;16/12/2024;NULL;NULL;NULL;NULL;NULL;15/09/2024;NULL;NULL
*****593;15/01/1999;2;MOD;9/12/2024;9.6;9/01/2025;9.8;12/03/2025;10;NULL;NULL;NULL;NULL;9/12/2024;9/01/2025;9/02/2025
*****628;5/09/2005;2;MOD;9/05/2024;9.5;NULL;NULL;24/07/2024;NULL;NULL;NULL;NULL;NULL;9/05/2024;9/06/2024;9/07/2024
*****594;29/10/2009;2;LEV;8/11/2023;10;NULL;NULL;NULL;NULL;NULL;NULL;NULL;NULL;8/11/2023;NULL;NULL
*****018;14/03/1993;2;MOD;23/01/2025;9.4;23/02/2025;10.5;NULL;NULL;NULL;NULL;23/05/2025;10.9;23/01/2025;23/02/2025;23/03/2025
*****321;31/01/2011;2;MOD;9/05/2024;9.5;NULL;NULL;17/07/2024;NULL;NULL;NULL;NULL;NULL;9/05/2024;9/06/2024;NULL
*****562;8/10/1999;2;MOD;16/07/2024;9.5;NULL;NULL;NULL;NULL;NULL;NULL;NULL;NULL;16/07/2024;16/09/2024;16/10/2024
*****885;17/02/2011;2;MOD;30/08/2024;9.2;21/11/2024;10.8;27/11/2024;NULL;NULL;NULL;NULL;NULL;30/08/2024;30/09/2024;NULL
*****383;3/07/1999;2;MOD;13/05/2025;9;NULL;NULL;NULL;NULL;NULL;NULL;NULL;NULL;13/05/2025;NULL;NULL
*****310;26/03/2008;2;LEV;9/12/2024;9.5;9/01/2025;NULL;15/02/2025;NULL;NULL;NULL;NULL;NULL;9/12/2024;9/01/2025;6/02/2025
*****367;28/09/2004;2;LEV;12/12/2023;10;NULL;NULL;NULL;NULL;NULL;NULL;NULL;NULL;12/12/2023;NULL;NULL
*****055;16/08/2003;2;MOD;25/06/2024;8.5;NULL;NULL;5/09/2024;12;NULL;NULL;NULL;NULL;25/06/2024;NULL;NULL
*****759;3/04/1998;2;MOD;29/07/2024;8.7;NULL;NULL;NULL;NULL;NULL;NULL;NULL;NULL;29/07/2024;NULL;NULL
*****427;24/04/1997;2;LEV;14/01/2025;10.9;14/02/2025;10.9;15/04/2025;NULL;NULL;NULL;NULL;NULL;14/01/2025;14/02/2025;14/03/2025
*****283;20/01/2005;2;LEV;13/05/2025;10.8;NULL;NULL;NULL;NULL;NULL;NULL;NULL;NULL;NULL;NULL;NULL
*****288;17/10/2007;2;LEV;14/04/2025;10.2;NULL;NULL;NULL;NULL;NULL;NULL;NULL;NULL;14/04/2025;NULL;NULL
*****693;12/10/2007;2;LEV;15/07/2024;10.8;21/10/2024;11;12/11/2024;NULL;NULL;NULL;NULL;NULL;15/07/2024;NULL;NULL
*****999;30/03/1997;1;LEV;15/12/2024;10.8;16/01/2025;NULL;20/02/2025;NULL;NULL;NULL;NULL;NULL;15/12/2024;16/01/2025;NULL
*****448;30/06/2006;1;LEV;NULL;NULL;NULL;NULL;NULL;NULL;NULL;NULL;NULL;NULL;15/08/2024;NULL;NULL
*****157;3/01/2000;1;LEV;22/09/2024;9.3;22/10/2024;9.9;7/12/2024;NULL;20/01/2025;NULL;NULL;NULL;22/09/2024;22/10/2024;NULL
*****847;11/03/2008;1;LEV;12/02/2024;NULL;13/03/2024;NULL;12/04/2024;NULL;NULL;NULL;NULL;NULL;12/02/2024;13/03/2024;12/04/2024
*****784;26/09/1984;1;LEV;14/06/2024;NULL;NULL;NULL;NULL;NULL;18/09/2024;NULL;NULL;NULL;14/06/2024;13/03/2024;12/04/2024
*****398;18/05/2001;2;LEV;5/03/2025;9.9;3/04/2025;10.8;NULL;NULL;NULL;NULL;NULL;NULL;5/03/2025;3/04/2025;NULL
*****697;27/12/1999;1;LEV;1/05/2024;9.3;1/08/2024;12.1;NULL;NULL;1/08/2024;NULL;1/09/2024;NULL;1/05/2024;1/07/2024;NULL
*****971;16/12/2010;1;MOD;11/03/2025;NULL;NULL;NULL;NULL;NULL;NULL;NULL;NULL;NULL;11/03/2025;NULL;NULL
*****952;1/08/1987;1;LEV;9/05/2025;NULL;NULL;NULL;NULL;NULL;NULL;NULL;NULL;NULL;9/05/2025;NULL;NULL
*****088;17/12/2005;2;MOD;1/11/2024;9.5;1/02/2025;13.7;NULL;NULL;NULL;NULL;1/03/2025;NULL;1/11/2024;1/12/2024;1/01/2025
*****911;17/08/2011;1;LEV;19/08/2024;NULL;NULL;NULL;NULL;NULL;NULL;NULL;NULL;NULL;19/08/2024;NULL;NULL
*****539;24/12/1996;2;LEV;18/11/2023;10.3;NULL;NULL;NULL;NULL;NULL;NULL;NULL;NULL;18/11/2023;17/01/2024;NULL
*****300;2/08/2001;2;LEV;17/02/2024;10;NULL;NULL;NULL;NULL;NULL;NULL;NULL;NULL;17/02/2024;17/03/2024;NULL
*****728;14/05/1992;1;LEV;8/02/2024;10.9;NULL;NULL;27/04/2024;NULL;NULL;NULL;NULL;NULL;8/02/2024;8/03/2024;8/04/2024
*****954;20/06/1998;2;LEV;13/10/2024;10;22/12/2024;11.8;NULL;NULL;NULL;NULL;NULL;NULL;13/10/2024;11/11/2024;8/12/2024
*****829;24/03/1999;2;LEV;20/11/2024;10.6;20/12/2024;10.6;23/01/2025;12.5;14/03/2025;12;NULL;NULL;20/11/2024;20/12/2024;NULL
*****868;13/11/2000;1;LEV;NULL;NULL;NULL;NULL;9/08/2024;NULL;NULL;NULL;NULL;NULL;29/04/2024;27/06/2024;NULL
*****954;9/03/1997;2;LEV;NULL;NULL;NULL;NULL;NULL;NULL;NULL;NULL;NULL;NULL;NULL;NULL;NULL
*****825;15/11/1997;2;LEV;28/10/2024;10.3;23/12/2024;10.4;NULL;NULL;NULL;NULL;NULL;NULL;28/10/2024;29/11/2024;NULL
*****984;7/01/1976;2;LEV;29/11/2023;10.7;NULL;NULL;NULL;NULL;NULL;NULL;NULL;NULL;29/11/2023;NULL;NULL
*****920;5/02/1985;2;MOD;7/10/2024;10.4;NULL;NULL;NULL;NULL;NULL;NULL;NULL;NULL;7/10/2024;NULL;NULL
*****408;22/12/1999;2;LEV;13/02/2025;10.2;NULL;NULL;NULL;NULL;NULL;NULL;NULL;NULL;13/02/2025;NULL;NULL
*****179;16/07/1998;2;MOD;13/03/2025;8.8;11/04/2025;9.9;28/05/2025;11.2;NULL;NULL;NULL;NULL;13/03/2025;11/04/2025;5/05/2025
*****756;29/09/1985;2;LEV;NULL;NULL;NULL;NULL;NULL;NULL;NULL;NULL;NULL;NULL;NULL;NULL;NULL
*****976;15/05/1986;2;LEV;13/12/2024;10;NULL;NULL;NULL;NULL;NULL;NULL;NULL;NULL;13/12/2024;NULL;NULL
*****961;1/01/1987;2;LEV;9/10/2024;11.4;NULL;NULL;NULL;NULL;NULL;NULL;NULL;NULL;9/10/2024;9/07/2024;NULL
*****327;27/07/1992;2;LEV;21/02/2024;10.5;NULL;NULL;NULL;NULL;NULL;NULL;NULL;NULL;21/02/2024;NULL;NULL
*****848;1/05/1993;2;MOD;NULL;NULL;NULL;NULL;NULL;NULL;NULL;NULL;NULL;NULL;12/07/2024;NULL;NULL
*****913;9/02/1994;2;LEV;27/11/2024;10;26/03/2025;10.6;27/01/2025;10.2;26/02/2025;10.2;NULL;NULL;27/11/2024;26/12/2024;27/01/2025
*****830;29/10/2002;2;MOD;NULL;NULL;NULL;NULL;NULL;NULL;NULL;NULL;NULL;NULL;12/07/2024;NULL;NULL
*****032;22/07/1994;2;LEV;10/02/2025;10.5;12/03/2025;12.2;NULL;NULL;NULL;NULL;NULL;NULL;10/02/2025;12/03/2025;NULL
*****477;16/06/1999;2;MOD;21/10/2024;9.6;NULL;NULL;NULL;NULL;NULL;NULL;NULL;NULL;21/10/2024;NULL;NULL
*****323;29/11/2000;2;MOD;20/02/2024;9.1;NULL;NULL;NULL;NULL;NULL;NULL;NULL;NULL;20/02/2024;NULL;NULL
*****540;20/10/1983;2;LEV;25/04/2025;10.3;NULL;NULL;NULL;NULL;NULL;NULL;NULL;NULL;25/04/2025;23/05/2025;NULL
*****087;11/07/1984;2;LEV;3/12/2024;9.9;3/01/2025;9.9;3/02/2025;9.9;NULL;NULL;3/04/2025;10.5;3/12/2024;3/01/2025;3/02/2025
*****865;23/09/2008;1;LEV;23/09/2024;10.5;NULL;NULL;NULL;NULL;NULL;NULL;NULL;NULL;23/09/2024;NULL;NULL
*****250;10/01/1994;2;LEV;8/01/2025;10.9;NULL;NULL;NULL;NULL;NULL;NULL;NULL;NULL;8/01/2025;5/02/2025;NULL
*****854;8/10/1996;2;LEV;18/11/2024;10.8;NULL;NULL;NULL;NULL;NULL;NULL;NULL;NULL;18/11/2024;NULL;NULL
*****771;29/11/1998;2;LEV;27/03/2025;10.9;25/04/2025;10.7;26/05/2025;10;NULL;NULL;NULL;NULL;27/03/2025;25/04/2025;27/03/2025
*****210;26/08/1998;2;LEV;25/04/2024;10.9;24/05/2024;11.3;NULL;NULL;NULL;NULL;NULL;NULL;25/04/2024;24/05/2024;25/06/2024
*****276;18/03/1999;2;LEV;5/01/2024;10.5;NULL;NULL;NULL;NULL;NULL;NULL;NULL;NULL;5/01/2024;NULL;NULL
*****338;19/07/1992;2;NULL;NULL;NULL;NULL;NULL;NULL;NULL;NULL;NULL;NULL;NULL;NULL;NULL;NULL
*****808;8/08/1991;2;LEV;13/05/2025;9.9;NULL;NULL;NULL;NULL;NULL;NULL;NULL;NULL;13/05/2025;NULL;NULL
*****862;8/11/1990;2;MOD;28/02/2025;8.9;NULL;NULL;NULL;NULL;NULL;NULL;NULL;NULL;28/02/2025;28/03/2025;28/04/2025
*****479;18/11/1983;2;LEV;30/09/2024;10.5;31/10/2024;11.8;NULL;NULL;NULL;NULL;NULL;NULL;30/09/2024;31/10/2024;NULL
*****672;19/04/1993;2;LEV;21/05/2025;10;NULL;NULL;NULL;NULL;NULL;NULL;NULL;NULL;21/05/2025;NULL;NULL
*****625;6/06/2005;2;MOD;16/07/2024;9.5;9/10/2024;11.1;9/10/2024;11.1;NULL;NULL;NULL;NULL;16/07/2024;16/08/2024;9/10/2024
*****064;20/09/1985;2;LEV;NULL;NULL;6/09/2024;10.9;4/10/2024;11.2;NULL;NULL;NULL;NULL;5/08/2024;6/09/2024;4/10/2024
*****194;30/10/1988;2;LEV;19/04/2025;11.3;NULL;NULL;NULL;NULL;NULL;NULL;NULL;NULL;19/04/2025;NULL;NULL
*****837;10/09/1988;2;MOD;3/10/2024;8.7;7/01/2025;12;NULL;NULL;NULL;NULL;NULL;NULL;3/10/2024;2/11/2024;NULL
*****775;31/08/1990;2;MOD;10/05/2024;9.8;NULL;NULL;NULL;NULL;NULL;NULL;NULL;NULL;NULL;NULL;NULL
*****712;27/09/1990;2;LEV;11/12/2023;10.9;NULL;NULL;NULL;NULL;NULL;NULL;NULL;NULL;11/12/2023;NULL;NULL
*****964;25/06/1989;2;MOD;NULL;NULL;NULL;NULL;NULL;NULL;NULL;NULL;NULL;NULL;NULL;NULL;NULL
*****886;10/02/1999;1;LEV;NULL;NULL;NULL;NULL;NULL;NULL;NULL;NULL;NULL;NULL;NULL;NULL;NULL
*****326;19/02/2004;2;LEV;26/09/2024;10.9;NULL;NULL;NULL;NULL;NULL;NULL;NULL;NULL;26/09/2024;NULL;NULL
*****747;31/05/2004;2;LEV;NULL;NULL;3/07/2024;11.6;NULL;NULL;NULL;NULL;NULL;NULL;3/05/2024;3/06/2024;NULL
*****923;15/08/1999;2;LEV;NULL;NULL;NULL;NULL;NULL;NULL;NULL;NULL;NULL;NULL;18/03/2024;17/02/2024;NULL
*****943;29/07/2003;1;LEV;NULL;NULL;18/09/2024;10.3;26/11/2024;10.9;NULL;NULL;NULL;NULL;16/08/2024;19/09/2024;NULL
*****459;15/02/1984;2;LEV;20/12/2023;10.1;19/03/2024;10.7;NULL;NULL;NULL;NULL;NULL;NULL;20/12/2023;NULL;NULL
*****229;26/05/1997;2;MOD;NULL;NULL;NULL;NULL;NULL;NULL;NULL;NULL;NULL;NULL;NULL;NULL;NULL
*****693;30/05/1989;1;MOD;NULL;NULL;NULL;NULL;NULL;NULL;NULL;NULL;NULL;NULL;NULL;NULL;NULL
*****002;28/12/1994;2;LEV;10/05/2025;9.5;NULL;NULL;NULL;NULL;NULL;NULL;NULL;NULL;10/05/2025;NULL;NULL
*****237;3/10/2006;2;LEV;22/02/2025;10.2;NULL;NULL;NULL;NULL;NULL;NULL;NULL;NULL;22/02/2025;NULL;NULL
*****491;25/01/2005;2;MOD;NULL;NULL;NULL;NULL;NULL;NULL;NULL;NULL;NULL;NULL;NULL;NULL;NULL
*****481;7/06/2002;2;LEV;24/04/2025;10;NULL;NULL;NULL;NULL;NULL;NULL;NULL;NULL;24/04/2025;NULL;NULL
*****217;23/02/1992;2;MOD;23/05/2025;7.7;NULL;NULL;NULL;NULL;NULL;NULL;NULL;NULL;23/05/2025;NULL;NULL
*****537;2/11/1998;1;MOD;NULL;NULL;NULL;NULL;NULL;NULL;NULL;NULL;NULL;NULL;NULL;NULL;NULL
*****499;26/10/1999;2;LEV;22/04/2025;9.3;22/05/2025;10.6;NULL;NULL;NULL;NULL;NULL;NULL;22/04/2025;22/05/2025;NULL
*****135;10/11/2003;2;LEV;7/08/2024;10.7;9/09/2024;10.3;9/10/2024;10.7;NULL;NULL;NULL;NULL;7/08/2024;9/09/2024;9/10/2024
*****507;29/04/1998;2;LEV;23/09/2024;10.5;23/10/2024;10.2;NULL;NULL;5/01/2025;13.4;NULL;NULL;23/09/2024;23/10/2024;NULL
*****905;22/11/1987;2;LEV;4/04/2025;10.8;3/05/2025;11.2;NULL;NULL;NULL;NULL;NULL;NULL;4/04/2025;3/05/2025;NULL
*****392;29/08/1989;2;LEV;24/02/2025;9.6;NULL;NULL;NULL;NULL;NULL;NULL;NULL;NULL;24/02/2025;24/03/2025;22/04/2025
*****206;27/11/1998;2;MOD;29/05/2025;9;NULL;NULL;NULL;NULL;NULL;NULL;NULL;NULL;29/05/2025;NULL;NULL
*****344;2/09/2000;2;LEV;NULL;NULL;NULL;NULL;1/04/2024;11.6;NULL;NULL;NULL;NULL;28/12/2023;NULL;NULL
*****460;15/08/2006;2;LEV;21/02/2024;10.4;21/03/2024;NULL;22/05/2024;16.3;NULL;NULL;NULL;NULL;21/02/2024;NULL;NULL
*****486;8/08/2004;2;MOD;NULL;NULL;NULL;NULL;NULL;NULL;NULL;NULL;NULL;NULL;NULL;NULL;NULL
*****268;26/10/2000;2;MOD;17/07/2024;9.4;NULL;NULL;NULL;NULL;NULL;NULL;NULL;NULL;17/07/2024;13/08/2024;NULL
*****466;15/05/2000;1;MOD;NULL;NULL;NULL;NULL;3/10/2024;NULL;NULL;NULL;NULL;NULL;2/08/2024;NULL;NULL
*****576;16/01/2004;1;MOD;13/12/2024;9.9;13/02/2025;12.2;13/02/2025;12.2;13/04/2025;11.2;NULL;NULL;13/12/2024;13/01/2025;NULL
*****643;20/04/1997;1;LEV;4/04/2024;10.1;NULL;NULL;NULL;NULL;NULL;NULL;NULL;NULL;4/04/2024;NULL;NULL
*****612;15/07/2006;2;MOD;2/12/2024;8.5;3/03/2025;10.8;17/02/2025;10.8;NULL;NULL;NULL;NULL;2/12/2024;3/01/2025;17/02/2025
*****780;8/03/1993;1;LEV;23/05/2025;10.7;NULL;NULL;NULL;NULL;NULL;NULL;NULL;NULL;23/05/2025;NULL;NULL
*****903;2/04/2008;2;LEV;24/03/2025;10.7;24/04/2025;11.1;NULL;NULL;NULL;NULL;NULL;NULL;24/03/2025;24/04/2025;NULL
*****760;1/06/2008;2;MOD;NULL;NULL;NULL;NULL;NULL;NULL;NULL;NULL;NULL;NULL;NULL;NULL;NULL
*****718;24/05/2003;2;MOD;15/04/2025;8.9;15/05/2025;8.5;NULL;NULL;NULL;NULL;NULL;NULL;15/04/2025;15/04/2025;NULL
*****438;19/06/2005;2;LEV;6/09/2024;10.1;7/10/2024;11.2;NULL;NULL;NULL;NULL;NULL;NULL;6/09/2024;NULL;NULL
*****852;16/09/1998;2;LEV;NULL;NULL;NULL;NULL;NULL;NULL;NULL;NULL;NULL;NULL;NULL;NULL;NULL
*****582;17/06/2004;2;MOD;15/01/2025;9.5;14/02/2025;11.1;NULL;NULL;27/04/2025;NULL;NULL;NULL;15/01/2025;14/02/2025;NULL
*****204;29/11/2001;2;LEV;25/03/2025;10.8;25/04/2025;10.1;NULL;NULL;NULL;NULL;NULL;NULL;25/03/2025;25/04/2025;NULL
*****567;8/03/1985;2;MOD;16/11/2024;8.6;16/12/2024;9.4;NULL;NULL;NULL;NULL;NULL;NULL;16/11/2024;16/12/2024;NULL
*****385;13/12/1989;2;LEV;24/04/2025;10.1;NULL;NULL;NULL;NULL;NULL;NULL;NULL;NULL;24/04/2025;NULL;NULL
*****806;27/03/1990;2;MOD;13/03/2024;9.7;16/04/2024;9.5;4/07/2024;10.7;NULL;NULL;11/07/2024;10.5;13/03/2024;16/04/2024;16/04/2024
*****084;4/08/1990;2;LEV;16/07/2024;10.6;NULL;NULL;NULL;NULL;NULL;NULL;NULL;NULL;16/07/2024;NULL;NULL
*****953;24/08/2000;2;LEV;NULL;NULL;NULL;NULL;NULL;NULL;NULL;NULL;NULL;NULL;NULL;NULL;NULL
*****537;22/12/2005;2;MOD;18/01/2024;10.5;19/02/2024;8.7;18/04/2024;10.5;NULL;NULL;NULL;NULL;18/01/2024;19/02/2024;19/03/2024
*****018;10/06/1996;1;LEV;1/04/2024;10.5;NULL;NULL;NULL;NULL;NULL;NULL;NULL;NULL;1/04/2024;2/05/2024;3/06/2024
*****488;1/06/1999;2;LEV;22/04/2025;10;22/05/2025;11.2;NULL;NULL;NULL;NULL;NULL;NULL;22/04/2025;22/05/2025;NULL
*****150;26/06/2003;2;LEV;12/03/2025;10;NULL;NULL;12/05/2025;9.2;NULL;NULL;NULL;NULL;12/03/2025;12/04/2025;12/05/2025
*****498;29/07/1996;2;LEV;28/04/2025;10.4;NULL;NULL;NULL;NULL;NULL;NULL;NULL;NULL;28/04/2025;NULL;NULL
*****313;11/07/1997;2;LEV;14/04/2025;10.5;14/05/2025;9.8;NULL;NULL;NULL;NULL;NULL;NULL;14/04/2025;14/05/2025;NULL
*****356;3/01/2000;2;LEV;NULL;NULL;NULL;NULL;NULL;NULL;NULL;NULL;NULL;NULL;5/01/2024;NULL;NULL
*****578;28/04/2000;2;LEV;NULL;NULL;NULL;NULL;NULL;NULL;12/11/2024;NULL;NULL;NULL;16/07/2024;NULL;NULL
*****104;3/12/1998;2;LEV;13/09/2024;10.3;12/10/2024;10.3;NULL;NULL;NULL;NULL;NULL;NULL;13/09/2024;12/10/2024;NULL
*****283;31/07/1995;2;LEV;4/02/2025;10.8;NULL;NULL;NULL;NULL;12/05/2025;12;NULL;NULL;4/02/2025;4/03/2025;NULL
*****264;4/06/1997;2;LEV;11/01/2025;10.1;11/02/2025;10.1;NULL;NULL;NULL;NULL;NULL;NULL;11/01/2025;11/02/2025;NULL
*****406;18/04/2003;2;LEV;NULL;NULL;NULL;NULL;NULL;NULL;NULL;NULL;NULL;NULL;NULL;NULL;NULL
*****575;24/10/2000;2;MOD;20/11/2024;9.1;30/12/2024;10.5;30/01/2025;10.5;NULL;NULL;NULL;NULL;20/11/2024;30/12/2024;30/01/2025
*****396;29/05/1998;2;LEV;NULL;NULL;NULL;NULL;19/02/2024;10.3;NULL;NULL;NULL;NULL;13/12/2023;NULL;NULL
*****309;14/02/2001;2;LEV;9/01/2024;10.1;NULL;NULL;NULL;NULL;NULL;NULL;NULL;NULL;9/01/2024;NULL;NULL
*****994;29/09/2003;2;LEV;28/04/2025;10.8;28/05/2025;11;NULL;NULL;NULL;NULL;NULL;NULL;28/04/2025;28/05/2025;NULL
*****983;13/07/1991;2;MOD;NULL;NULL;NULL;NULL;NULL;NULL;NULL;NULL;NULL;NULL;19/09/2024;NULL;NULL
*****508;7/02/2007;2;LEV;12/09/2024;9.7;12/10/2024;10.5;12/11/2024;10.7;NULL;NULL;NULL;NULL;12/09/2024;12/10/2024;NULL
*****205;26/05/2003;2;MOD;20/05/2025;10;NULL;NULL;NULL;NULL;NULL;NULL;NULL;NULL;20/05/2025;NULL;NULL
*****093;28/05/2009;2;LEV;NULL;NULL;NULL;NULL;NULL;NULL;NULL;NULL;NULL;NULL;NULL;NULL;NULL
*****061;29/11/2004;2;LEV;NULL;NULL;NULL;NULL;NULL;NULL;NULL;NULL;NULL;NULL;NULL;NULL;NULL
*****909;8/06/2004;2;MOD;NULL;NULL;NULL;NULL;NULL;NULL;NULL;NULL;NULL;NULL;NULL;NULL;NULL
*****552;10/04/1985;2;MOD;14/09/2024;8.9;14/10/2024;9.5;NULL;NULL;NULL;NULL;NULL;NULL;14/09/2024;NULL;NULL
*****283;4/07/1988;2;LEV;NULL;NULL;2/09/2024;10.8;NULL;NULL;4/11/2024;NULL;NULL;NULL;22/07/2024;2/09/2024;NULL
*****711;7/05/1990;2;LEV;NULL;NULL;NULL;NULL;NULL;NULL;NULL;NULL;NULL;NULL;NULL;NULL;NULL
*****547;3/01/1990;2;LEV;NULL;NULL;30/09/2024;10.1;30/09/2024;10.1;4/12/2024;10.9;NULL;NULL;30/07/2024;29/08/2024;30/09/2024
*****999;3/11/1990;1;LEV;11/01/2024;11.8;NULL;NULL;NULL;NULL;NULL;NULL;NULL;NULL;11/01/2024;NULL;NULL
*****360;21/04/1992;2;LEV;NULL;NULL;NULL;NULL;NULL;NULL;NULL;NULL;NULL;NULL;NULL;NULL;NULL
*****774;25/04/1990;2;LEV;7/11/2023;11.4;NULL;NULL;NULL;NULL;NULL;NULL;NULL;NULL;7/11/2023;NULL;NULL
*****408;30/05/2006;2;LEV;4/07/2024;10.1;3/08/2024;9.8;4/09/2024;11.2;14/10/2024;NULL;NULL;NULL;4/07/2024;NULL;NULL
*****447;15/05/2001;2;LEV;7/01/2025;9.5;7/02/2025;10.3;8/03/2025;11.3;2/05/2025;9.7;NULL;NULL;7/01/2025;23/11/2024;NULL
*****568;21/04/2005;2;LEV;20/08/2024;10.6;NULL;NULL;NULL;NULL;NULL;NULL;NULL;NULL;20/08/2024;NULL;NULL
*****177;9/04/1984;2;MOD;5/05/2025;7.8;NULL;NULL;NULL;NULL;NULL;NULL;NULL;NULL;5/05/2025;NULL;NULL
*****188;20/01/1985;2;LEV;5/07/2024;10.6;NULL;NULL;NULL;NULL;NULL;NULL;NULL;NULL;5/07/2024;5/08/2024;NULL
*****618;17/10/2008;2;MOD;2/05/2025;9.8;NULL;NULL;NULL;NULL;NULL;NULL;NULL;NULL;2/05/2025;NULL;NULL
*****309;15/04/1997;2;LEV;6/02/2024;10.5;NULL;NULL;NULL;NULL;NULL;NULL;NULL;NULL;6/02/2024;5/03/2024;NULL
*****293;30/06/1999;2;LEV;NULL;NULL;NULL;NULL;NULL;NULL;NULL;NULL;NULL;NULL;NULL;NULL;NULL
*****890;19/12/2004;2;LEV;16/10/2024;10.9;16/12/2024;11.9;31/12/2024;12.1;3/02/2025;10;NULL;NULL;16/10/2024;15/11/2024;NULL
*****831;30/08/1997;2;LEV;29/04/2025;11.3;NULL;NULL;NULL;NULL;NULL;NULL;NULL;NULL;29/04/2025;NULL;NULL
*****717;8/03/1987;2;LEV;NULL;NULL;NULL;NULL;NULL;NULL;NULL;NULL;NULL;NULL;NULL;NULL;NULL
*****205;6/12/2001;2;LEV;13/11/2023;NULL;NULL;NULL;NULL;NULL;NULL;NULL;NULL;NULL;13/11/2023;NULL;NULL
*****593;20/09/1995;2;LEV;8/05/2025;11;NULL;NULL;NULL;NULL;NULL;NULL;NULL;NULL;8/05/2025;NULL;NULL
*****557;8/10/2002;2;MOD;29/10/2024;8.5;27/11/2024;9.6;17/01/2025;10.2;19/02/2025;11;NULL;NULL;29/10/2024;27/11/2024;17/01/2025
*****080;10/03/2005;2;LEV;22/02/2024;NULL;22/04/2024;10.6;NULL;NULL;NULL;NULL;NULL;NULL;22/02/2024;22/03/2024;22/04/2024
*****226;8/12/2004;2;MOD;22/03/2024;9.2;NULL;NULL;NULL;NULL;NULL;NULL;NULL;NULL;22/03/2024;NULL;NULL
*****757;3/06/1995;2;MOD;NULL;NULL;NULL;NULL;NULL;NULL;NULL;NULL;NULL;NULL;22/12/2023;NULL;NULL
*****491;2/02/2000;2;MOD;9/09/2024;8.8;NULL;NULL;NULL;NULL;NULL;NULL;NULL;NULL;9/09/2024;NULL;NULL
*****722;17/09/2007;2;LEV;NULL;NULL;NULL;NULL;25/04/2024;10.5;NULL;NULL;NULL;NULL;30/01/2024;NULL;NULL
*****244;10/10/2008;1;MOD;16/10/2024;9.1;16/11/2024;9.1;NULL;NULL;17/02/2025;12.3;NULL;NULL;16/10/2024;16/11/2024;NULL
*****861;26/02/1998;2;MOD;29/11/2023;9.8;28/12/2023;11.6;29/01/2024;12.3;NULL;NULL;NULL;NULL;29/11/2023;28/12/2023;NULL
*****748;16/08/1997;1;LEV;6/06/2024;10.7;NULL;NULL;NULL;NULL;NULL;NULL;NULL;NULL;6/06/2024;21/06/2024;NULL
*****384;6/12/1999;2;LEV;9/07/2024;10.5;NULL;NULL;NULL;NULL;NULL;NULL;NULL;NULL;NULL;NULL;NULL
******685;26/05/1996;2;MOD;10/05/2025;9.3;NULL;NULL;NULL;NULL;NULL;NULL;NULL;NULL;10/05/2025;NULL;NULL
*****097;14/11/1985;2;LEV;9/10/2024;10.9;NULL;NULL;NULL;NULL;NULL;NULL;NULL;NULL;9/10/2024;NULL;NULL
*****350;27/02/1987;2;LEV;NULL;NULL;10/09/2024;10.5;24/10/2024;10.1;NULL;NULL;NULL;NULL;9/08/2024;10/09/2024;9/10/2024
*****283;27/11/1992;2;LEV;NULL;NULL;NULL;NULL;NULL;NULL;NULL;NULL;NULL;NULL;8/07/2024;NULL;NULL
*****671;10/10/1994;2;LEV;12/10/2024;10.8;12/11/2024;10.8;12/12/2024;10.8;NULL;NULL;NULL;NULL;12/10/2024;12/11/2024;NULL
*****712;3/04/2006;2;LEV;24/04/2024;10.6;NULL;NULL;NULL;NULL;NULL;NULL;NULL;NULL;24/04/2024;31/05/2024;NULL
*****241;6/11/1992;2;LEV;18/03/2024;10.2;NULL;NULL;NULL;NULL;4/07/2024;NULL;NULL;NULL;18/03/2024;19/04/2024;20/05/2024
*****519;22/07/1992;2;LEV;20/07/2024;10;NULL;NULL;NULL;NULL;NULL;NULL;NULL;NULL;NULL;NULL;NULL
*****189;28/08/1997;2;LEV;23/11/2024;10.4;30/12/2024;10.1;1/02/2025;10;28/03/2025;10;NULL;NULL;23/11/2024;30/12/2024;1/02/2025
*****314;15/02/1995;2;LEV;NULL;NULL;NULL;NULL;NULL;NULL;NULL;NULL;NULL;NULL;24/01/2024;NULL;NULL
*****508;7/10/2000;2;MOD;NULL;NULL;NULL;NULL;NULL;NULL;NULL;NULL;NULL;NULL;22/03/2024;8/04/2024;NULL
*****392;20/05/2001;1;LEV;31/07/2024;10.9;NULL;NULL;19/10/2024;11.5;NULL;NULL;NULL;NULL;31/07/2024;7/08/2024;24/09/2024
*****911;9/08/2004;1;LEV;NULL;NULL;NULL;NULL;NULL;NULL;NULL;NULL;NULL;NULL;2/09/2024;NULL;NULL
*****527;8/09/1997;2;LEV;NULL;NULL;NULL;NULL;NULL;NULL;NULL;NULL;NULL;NULL;26/03/2024;NULL;NULL
*****861;30/03/1990;2;LEV;NULL;NULL;NULL;NULL;NULL;NULL;NULL;NULL;NULL;NULL;30/01/2024;NULL;NULL
*****501;26/01/1991;2;LEV;NULL;NULL;5/10/2024;10.8;5/10/2024;10.5;NULL;NULL;NULL;NULL;5/08/2024;4/09/2024;5/10/2024
*****181;30/10/2008;2;MOD;25/10/2024;8.5;25/11/2024;9.5;24/12/2024;10;NULL;NULL;NULL;NULL;25/10/2024;25/11/2024;24/12/2024
*****317;28/11/1990;2;MOD;NULL;NULL;NULL;NULL;NULL;NULL;NULL;NULL;NULL;NULL;NULL;NULL;NULL
*****656;22/12/2001;2;MOD;4/12/2024;9;5/01/2025;9.9;19/02/2025;11.3;NULL;NULL;NULL;NULL;4/12/2024;5/01/2025;5/02/2025
*****618;22/10/1996;2;LEV;19/09/2024;10.8;NULL;NULL;NULL;NULL;NULL;NULL;NULL;NULL;19/09/2024;NULL;NULL
*****298;27/09/1992;2;LEV;12/08/2024;10.7;12/09/2024;10.3;12/10/2024;10.3;12/12/2024;10.6;11/01/2025;10.6;12/08/2024;12/09/2024;12/10/2024
*****616;9/11/1996;2;LEV;9/04/2024;10.7;NULL;NULL;12/07/2024;11.8;NULL;NULL;NULL;NULL;9/04/2024;6/05/2024;9/04/2024
*****494;26/08/1994;2;MOD;3/10/2024;9.9;4/11/2024;11.3;NULL;NULL;22/01/2025;12;NULL;NULL;3/10/2024;4/11/2024;NULL
*****027;2/05/2003;2;LEV;8/05/2025;10;NULL;NULL;NULL;NULL;NULL;NULL;NULL;NULL;8/05/2025;NULL;NULL
*****761;30/04/1989;2;LEV;7/05/2025;10.6;NULL;NULL;NULL;NULL;NULL;NULL;NULL;NULL;7/05/2025;NULL;NULL
*****500;26/03/1991;2;MOD;21/05/2025;10.5;NULL;NULL;NULL;NULL;NULL;NULL;NULL;NULL;21/05/2025;24/02/2025;8/04/2025
*****309;20/03/1991;1;LEV;NULL;NULL;NULL;NULL;NULL;NULL;NULL;NULL;NULL;NULL;NULL;NULL;NULL
*****247;21/03/1991;2;MOD;14/05/2025;9.4;NULL;NULL;NULL;NULL;NULL;NULL;NULL;NULL;14/05/2025;NULL;NULL
*****568;27/07/2007;2;LEV;NULL;NULL;NULL;NULL;NULL;NULL;NULL;NULL;NULL;NULL;NULL;NULL;NULL
*****778;25/07/2002;2;LEV;30/04/2024;10.7;NULL;NULL;NULL;NULL;NULL;NULL;NULL;NULL;30/04/2024;8/06/2024;9/07/2024
*****922;17/10/1998;2;MOD;11/10/2024;9.9;NULL;NULL;NULL;NULL;NULL;NULL;NULL;NULL;11/10/2024;NULL;NULL
*****239;4/06/2009;2;LEV;26/12/2024;10.4;24/01/2025;10.4;24/02/2025;10.4;NULL;NULL;NULL;NULL;26/12/2024;24/01/2025;24/02/2025
*****075;22/05/2003;2;LEV;27/11/2024;10.6;27/12/2024;11;27/01/2025;10.5;26/02/2025;10.5;NULL;NULL;27/11/2024;27/12/2024;27/01/2025
*****158;21/09/1998;1;LEV;NULL;NULL;NULL;NULL;NULL;NULL;NULL;NULL;NULL;NULL;23/08/2024;NULL;NULL
*****544;18/04/2000;1;LEV;22/04/2024;10.8;NULL;NULL;23/07/2024;11.3;23/07/2024;11.3;NULL;NULL;22/04/2024;22/05/2024;NULL
*****507;11/09/1999;1;LEV;9/07/2024;10.6;NULL;NULL;NULL;NULL;13/11/2024;NULL;NULL;NULL;9/07/2024;6/09/2024;NULL
*****441;22/05/2010;2;LEV;29/03/2025;10.8;5/05/2025;9.3;NULL;NULL;NULL;NULL;NULL;NULL;29/03/2025;5/05/2025;NULL
*****172;27/08/1990;2;LEV;NULL;NULL;NULL;NULL;NULL;NULL;NULL;NULL;NULL;NULL;27/03/2024;17/02/2024;NULL
*****650;31/08/1997;1;LEV;NULL;NULL;NULL;NULL;NULL;NULL;NULL;NULL;NULL;NULL;16/07/2024;NULL;NULL
*****390;7/06/1999;2;LEV;7/10/2024;10.1;7/11/2024;10.9;NULL;NULL;NULL;NULL;NULL;NULL;7/10/2024;7/11/2024;NULL
*****806;23/08/1995;2;MOD;6/06/2024;9.9;NULL;NULL;NULL;NULL;NULL;NULL;NULL;NULL;6/06/2024;22/07/2024;NULL
*****254;4/08/1997;2;MOD;NULL;NULL;NULL;NULL;NULL;NULL;NULL;NULL;NULL;NULL;NULL;NULL;NULL
*****189;29/08/2004;2;LEV;NULL;NULL;NULL;NULL;NULL;NULL;NULL;NULL;NULL;NULL;NULL;NULL;NULL
*****317;19/10/2004;2;LEV;12/05/2025;10.2;NULL;NULL;NULL;NULL;NULL;NULL;NULL;NULL;12/05/2025;NULL;NULL
*****153;1/03/2003;2;MOD;17/04/2024;9.4;NULL;NULL;3/07/2024;9.6;NULL;NULL;NULL;NULL;17/04/2024;18/05/2024;18/06/2024
*****673;2/06/1996;2;MOD;10/01/2024;9.7;NULL;NULL;NULL;NULL;3/05/2024;NULL;NULL;NULL;10/01/2024;13/02/2024;NULL
*****834;28/08/1994;2;LEV;10/12/2024;10.8;NULL;NULL;NULL;NULL;NULL;NULL;NULL;NULL;10/12/2024;NULL;NULL
*****309;5/03/1987;2;MOD;20/02/2025;9.9;NULL;NULL;NULL;NULL;NULL;NULL;NULL;NULL;20/02/2025;NULL;NULL
*****254;30/03/1991;2;LEV;23/09/2024;10.3;28/10/2024;11.9;NULL;NULL;NULL;NULL;NULL;NULL;23/09/2024;NULL;NULL
*****420;28/06/1992;1;LEV;19/04/2024;10.3;NULL;NULL;NULL;NULL;NULL;NULL;NULL;NULL;19/04/2024;22/05/2024;NULL
*****160;29/07/1982;2;MOD;NULL;NULL;NULL;NULL;NULL;NULL;NULL;NULL;NULL;NULL;NULL;NULL;NULL
*****652;29/09/1990;2;MOD;NULL;NULL;12/04/2025;10.2;NULL;NULL;NULL;NULL;NULL;NULL;NULL;NULL;NULL
*****272;4/06/1992;2;MOD;NULL;NULL;NULL;NULL;NULL;NULL;NULL;NULL;NULL;NULL;6/01/2024;20/02/2024;NULL
*****861;10/09/2005;2;MOD;NULL;NULL;NULL;NULL;NULL;NULL;NULL;NULL;NULL;NULL;NULL;NULL;NULL
*****123;22/10/1994;2;MOD;NULL;NULL;NULL;NULL;NULL;NULL;NULL;NULL;NULL;NULL;NULL;NULL;NULL
*****826;19/04/2002;2;NULL;NULL;NULL;NULL;NULL;NULL;NULL;NULL;NULL;NULL;NULL;NULL;NULL;NULL
*****250;28/10/1997;2;LEV;NULL;NULL;NULL;NULL;23/02/2024;11.6;NULL;NULL;NULL;NULL;NULL;NULL;NULL
*****220;14/07/2000;2;LEV;NULL;NULL;NULL;NULL;NULL;NULL;25/02/2025;12.4;NULL;NULL;NULL;NULL;NULL
*****842;2/08/1993;2;LEV;NULL;NULL;NULL;NULL;NULL;NULL;NULL;NULL;NULL;NULL;NULL;NULL;NULL
*****932;16/06/1994;2;MOD;NULL;NULL;NULL;NULL;NULL;NULL;NULL;NULL;NULL;NULL;NULL;NULL;NULL
*****078;7/08/1990;1;LEV;NULL;NULL;NULL;NULL;NULL;NULL;NULL;NULL;NULL;NULL;NULL;NULL;NULL
*****021;9/01/1994;1;LEV;NULL;NULL;NULL;NULL;NULL;NULL;NULL;NULL;NULL;NULL;NULL;NULL;NULL
*****419;10/09/1988;2;LEV;NULL;NULL;NULL;NULL;NULL;NULL;NULL;NULL;NULL;NULL;NULL;NULL;NULL
*****267;4/06/2003;1;LEV;NULL;NULL;NULL;NULL;NULL;NULL;NULL;NULL;NULL;NULL;NULL;NULL;NULL
*****801;21/01/1999;2;LEV;NULL;NULL;NULL;NULL;NULL;NULL;NULL;NULL;NULL;NULL;NULL;NULL;NULL
*****366;21/01/1996;2;MOD;NULL;NULL;NULL;NULL;NULL;NULL;NULL;NULL;NULL;NULL;NULL;NULL;NULL
*****997;22/02/2011;2;LEV;NULL;NULL;26/12/2024;11.8;NULL;NULL;NULL;NULL;NULL;NULL;NULL;NULL;NULL
*****027;8/10/1987;2;MOD;NULL;NULL;NULL;NULL;NULL;NULL;NULL;NULL;NULL;NULL;NULL;NULL;NULL
*****720;20/02/1987;2;NULL;NULL;NULL;23/11/2023;NULL;NULL;NULL;NULL;NULL;NULL;NULL;NULL;NULL;NULL
*****533;2/01/1990;2;NULL;NULL;NULL;NULL;NULL;NULL;NULL;NULL;NULL;NULL;NULL;NULL;NULL;NULL
*****233;27/01/1991;2;NULL;NULL;NULL;NULL;NULL;NULL;NULL;NULL;NULL;NULL;NULL;NULL;NULL;NULL
*****044;4/12/1991;2;LEV;NULL;NULL;NULL;NULL;NULL;NULL;NULL;NULL;NULL;NULL;NULL;NULL;NULL
*****347;30/07/1978;2;NULL;NULL;NULL;NULL;NULL;NULL;NULL;NULL;NULL;NULL;NULL;NULL;NULL;NULL
*****840;29/08/1986;2;LEV;NULL;NULL;NULL;NULL;NULL;NULL;22/07/2024;11.3;NULL;NULL;NULL;NULL;NULL
*****600;30/09/1984;1;NULL;NULL;NULL;NULL;NULL;NULL;NULL;NULL;NULL;NULL;NULL;NULL;NULL;NULL
*****013;4/06/1992;2;MOD;11/10/2023;7.5;NULL;NULL;NULL;NULL;NULL;NULL;NULL;NULL;11/10/2023;NULL;NULL
*****779;22/09/1992;2;NULL;NULL;NULL;NULL;NULL;NULL;NULL;NULL;NULL;NULL;NULL;NULL;NULL;NULL
*****441;29/10/2008;2;MOD;NULL;NULL;NULL;NULL;NULL;NULL;NULL;NULL;NULL;NULL;NULL;NULL;NULL
*****782;13/06/2007;2;NULL;NULL;NULL;NULL;NULL;NULL;NULL;NULL;NULL;NULL;NULL;NULL;NULL;NULL
*****577;5/01/1996;2;MOD;NULL;NULL;NULL;NULL;NULL;NULL;NULL;NULL;NULL;NULL;NULL;NULL;NULL
*****895;29/09/2005;2;SEV;NULL;NULL;NULL;NULL;NULL;NULL;NULL;NULL;NULL;NULL;NULL;NULL;NULL
*****091;2/09/1999;2;LEV;NULL;NULL;NULL;NULL;12/03/2024;11.2;NULL;NULL;NULL;NULL;NULL;NULL;NULL
*****980;12/05/1994;2;LEV;NULL;NULL;NULL;NULL;NULL;NULL;NULL;NULL;NULL;NULL;NULL;NULL;NULL
*****493;24/05/1995;2;LEV;14/03/2025;10.9;NULL;NULL;NULL;NULL;NULL;NULL;NULL;NULL;14/03/2025;NULL;NULL
*****848;21/04/1999;2;LEV;NULL;NULL;NULL;NULL;NULL;NULL;NULL;NULL;NULL;NULL;NULL;NULL;NULL
*****675;11/04/1991;2;LEV;NULL;NULL;NULL;NULL;NULL;NULL;15/02/2024;11.6;NULL;NULL;NULL;NULL;NULL
*****373;9/04/1993;2;LEV;NULL;NULL;NULL;NULL;NULL;NULL;6/07/2024;12.3;NULL;NULL;NULL;NULL;NULL
*****874;8/11/1990;2;LEV;NULL;NULL;NULL;NULL;NULL;NULL;NULL;NULL;NULL;NULL;NULL;NULL;NULL
*****513;3/02/2008;2;NULL;NULL;NULL;NULL;NULL;NULL;NULL;NULL;NULL;NULL;NULL;NULL;NULL;NULL
*****521;12/06/2000;1;NULL;NULL;NULL;NULL;NULL;NULL;NULL;NULL;NULL;NULL;NULL;NULL;NULL;NULL
*****469;4/04/1999;2;MOD;NULL;NULL;NULL;NULL;NULL;NULL;NULL;NULL;NULL;NULL;NULL;NULL;NULL
*****012;17/04/2000;2;NULL;NULL;NULL;NULL;NULL;NULL;NULL;NULL;NULL;NULL;NULL;NULL;NULL;NULL
*****243;21/02/2006;3;LEV;NULL;NULL;NULL;NULL;NULL;NULL;NULL;NULL;NULL;NULL;NULL;NULL;NULL
*****106;21/09/2005;2;LEV;NULL;NULL;NULL;NULL;NULL;NULL;NULL;NULL;NULL;NULL;NULL;NULL;NULL
*****661;11/04/1986;2;LEV;NULL;NULL;NULL;NULL;NULL;NULL;NULL;NULL;NULL;NULL;NULL;NULL;NULL
*****598;18/05/1988;2;LEV;NULL;NULL;NULL;NULL;NULL;NULL;NULL;NULL;NULL;NULL;NULL;NULL;NULL
*****965;18/08/1994;2;LEV;10/04/2025;10.4;NULL;NULL;NULL;NULL;NULL;NULL;NULL;NULL;10/04/2025;NULL;NULL
*****356;22/07/2008;2;LEV;NULL;NULL;NULL;NULL;NULL;NULL;NULL;NULL;NULL;NULL;NULL;NULL;NULL
*****406;26/09/2009;2;LEV;NULL;NULL;NULL;NULL;NULL;NULL;NULL;NULL;NULL;NULL;NULL;NULL;NULL
*****147;24/10/1991;2;LEV;NULL;NULL;NULL;NULL;NULL;NULL;NULL;NULL;NULL;NULL;NULL;NULL;NULL
*****064;9/05/2005;2;NULL;NULL;NULL;NULL;NULL;NULL;NULL;NULL;NULL;NULL;NULL;NULL;NULL;NULL
*****661;18/12/1997;2;MOD;NULL;NULL;NULL;NULL;NULL;NULL;NULL;NULL;NULL;NULL;NULL;NULL;NULL
*****858;10/11/1996;2;LEV;NULL;NULL;NULL;NULL;NULL;NULL;NULL;NULL;NULL;NULL;NULL;NULL;NULL
*****510;24/07/2001;1;NULL;NULL;NULL;NULL;NULL;NULL;NULL;NULL;NULL;NULL;NULL;NULL;NULL;NULL
*****085;15/08/2002;2;MOD;NULL;NULL;NULL;NULL;NULL;NULL;NULL;NULL;NULL;NULL;NULL;NULL;NULL
*****719;10/05/2003;2;NULL;NULL;NULL;NULL;NULL;NULL;NULL;NULL;NULL;NULL;NULL;NULL;NULL;NULL
*****797;27/09/2005;2;NULL;NULL;NULL;NULL;NULL;NULL;NULL;NULL;NULL;NULL;NULL;NULL;NULL;NULL
*****225;23/02/2008;2;LEV;NULL;NULL;NULL;NULL;NULL;NULL;NULL;NULL;NULL;NULL;NULL;NULL;NULL
*****907;8/04/1990;2;MOD;NULL;NULL;NULL;NULL;NULL;NULL;NULL;NULL;NULL;NULL;NULL;NULL;NULL
*****084;15/11/1995;2;LEV;NULL;NULL;NULL;NULL;NULL;NULL;NULL;NULL;NULL;NULL;NULL;NULL;NULL
*****392;10/01/2002;2;LEV;NULL;NULL;NULL;NULL;NULL;NULL;NULL;NULL;NULL;NULL;NULL;NULL;NULL
*****227;16/05/1999;1;MOD;NULL;NULL;NULL;NULL;NULL;NULL;NULL;NULL;NULL;NULL;NULL;NULL;NULL
*****759;28/06/1988;1;LEV;12/12/2023;10.3;12/02/2024;12.3;NULL;NULL;NULL;NULL;NULL;NULL;12/12/2023;NULL;NULL
*****310;1/05/2006;2;NULL;NULL;NULL;NULL;NULL;NULL;NULL;NULL;NULL;NULL;NULL;NULL;NULL;NULL
*****869;22/03/1996;1;LEV;NULL;NULL;NULL;NULL;NULL;NULL;NULL;NULL;NULL;NULL;NULL;NULL;NULL
*****641;10/12/1996;2;LEV;NULL;NULL;NULL;NULL;NULL;NULL;NULL;NULL;NULL;NULL;NULL;NULL;NULL
*****984;15/02/2004;2;LEV;NULL;NULL;NULL;NULL;NULL;NULL;NULL;NULL;NULL;NULL;NULL;NULL;NULL
*****203;8/10/1985;2;MOD;NULL;NULL;NULL;NULL;NULL;NULL;NULL;NULL;NULL;NULL;NULL;NULL;NULL
*****594;25/09/1988;2;LEV;NULL;NULL;NULL;NULL;NULL;NULL;NULL;NULL;NULL;NULL;NULL;NULL;NULL
*****095;22/09/1992;2;MOD;NULL;NULL;NULL;NULL;NULL;NULL;NULL;NULL;NULL;NULL;NULL;NULL;NULL
*****409;7/12/2001;2;LEV;NULL;NULL;NULL;NULL;NULL;NULL;NULL;NULL;NULL;NULL;NULL;NULL;NULL
*****399;6/12/2007;2;LEV;NULL;NULL;NULL;NULL;NULL;NULL;29/05/2024;10.5;NULL;NULL;NULL;NULL;NULL
*****309;12/06/1996;2;LEV;NULL;NULL;NULL;NULL;NULL;NULL;NULL;NULL;NULL;NULL;NULL;NULL;NULL
*****777;14/12/2000;2;MOD;NULL;NULL;NULL;NULL;NULL;NULL;NULL;NULL;NULL;NULL;NULL;NULL;NULL
*****287;22/03/2009;1;MOD;NULL;NULL;NULL;NULL;NULL;NULL;NULL;NULL;NULL;NULL;NULL;NULL;NULL
*****066;8/06/2004;2;NULL;NULL;NULL;NULL;NULL;NULL;NULL;NULL;NULL;NULL;NULL;NULL;NULL;NULL
*****499;1/12/1988;2;LEV;NULL;NULL;NULL;NULL;NULL;NULL;NULL;NULL;NULL;NULL;NULL;NULL;NULL
*****706;28/02/2000;2;MOD;NULL;NULL;NULL;NULL;NULL;NULL;NULL;NULL;NULL;NULL;NULL;NULL;NULL
*****548;9/05/1981;2;MOD;19/12/2023;8.3;18/01/2024;10.8;NULL;NULL;NULL;NULL;NULL;NULL;19/12/2023;18/01/2024;NULL
*****106;22/09/2002;2;MOD;17/10/2023;9.3;17/11/2023;9.3;18/12/2023;10;NULL;NULL;NULL;NULL;NULL;NULL;NULL
*****455;16/09/1985;2;LEV;NULL;NULL;2/12/2023;12.2;NULL;NULL;13/02/2024;NULL;NULL;NULL;NULL;NULL;NULL
*****512;4/10/1988;1;MOD;NULL;NULL;NULL;NULL;NULL;NULL;NULL;NULL;NULL;NULL;NULL;NULL;NULL
*****257;8/03/1988;2;LEV;NULL;NULL;NULL;NULL;NULL;NULL;NULL;NULL;NULL;NULL;NULL;NULL;NULL
*****318;28/03/1990;2;NULL;NULL;NULL;NULL;NULL;NULL;NULL;NULL;NULL;NULL;NULL;NULL;NULL;NULL
*****790;15/09/1992;2;NULL;NULL;NULL;NULL;NULL;NULL;NULL;NULL;NULL;NULL;NULL;NULL;NULL;NULL
*****783;17/04/2000;2;NULL;NULL;NULL;NULL;NULL;NULL;NULL;NULL;NULL;NULL;NULL;NULL;NULL;NULL
*****090;2/09/1981;2;LEV;NULL;NULL;NULL;NULL;10/01/2024;9.3;NULL;NULL;NULL;NULL;NULL;NULL;NULL
*****682;11/01/1989;1;LEV;NULL;NULL;NULL;NULL;NULL;NULL;NULL;NULL;NULL;NULL;NULL;NULL;NULL
*****915;15/03/1987;2;MOD;NULL;NULL;NULL;NULL;NULL;NULL;NULL;NULL;NULL;NULL;NULL;NULL;NULL
*****536;10/08/1996;1;NULL;NULL;NULL;NULL;NULL;NULL;NULL;NULL;NULL;NULL;NULL;NULL;NULL;NULL
*****178;4/03/1991;1;LEV;NULL;NULL;16/05/2024;NULL;NULL;NULL;NULL;NULL;NULL;NULL;NULL;NULL;NULL
*****952;2/04/2012;2;MOD;29/03/2025;9.4;NULL;NULL;NULL;NULL;NULL;NULL;NULL;NULL;29/03/2025;NULL;NULL
*****213;29/04/1997;2;LEV;NULL;NULL;NULL;NULL;NULL;NULL;20/04/2024;13.7;NULL;NULL;NULL;NULL;NULL
*****602;26/11/2007;2;LEV;NULL;NULL;NULL;NULL;NULL;NULL;NULL;NULL;NULL;NULL;NULL;NULL;NULL
*****299;14/03/1998;2;NULL;NULL;NULL;NULL;NULL;NULL;NULL;NULL;NULL;NULL;NULL;NULL;NULL;NULL
*****047;8/01/2003;2;NULL;NULL;NULL;NULL;NULL;NULL;NULL;NULL;NULL;NULL;NULL;NULL;NULL;NULL
*****231;25/10/2002;2;LEV;NULL;NULL;25/12/2024;13.5;NULL;NULL;NULL;NULL;NULL;NULL;NULL;NULL;NULL
*****453;17/10/2007;2;MOD;NULL;NULL;NULL;NULL;NULL;NULL;NULL;NULL;NULL;NULL;NULL;NULL;NULL
*****584;14/10/1991;2;NULL;NULL;NULL;NULL;NULL;NULL;NULL;NULL;NULL;NULL;NULL;NULL;NULL;NULL
*****857;28/07/1987;2;NULL;NULL;NULL;NULL;NULL;NULL;NULL;NULL;NULL;NULL;NULL;NULL;NULL;NULL
*****568;28/04/1984;2;NULL;NULL;NULL;NULL;NULL;NULL;NULL;NULL;NULL;NULL;NULL;NULL;NULL;NULL
*****698;16/09/1985;2;LEV;6/04/2024;11.6;6/05/2024;11.3;NULL;NULL;NULL;NULL;NULL;NULL;6/04/2024;6/05/2024;NULL
*****923;14/07/2007;2;NULL;NULL;NULL;19/06/2024;NULL;NULL;NULL;NULL;NULL;NULL;NULL;NULL;NULL;NULL
*****563;18/12/2007;2;LEV;NULL;NULL;NULL;NULL;NULL;NULL;NULL;NULL;NULL;NULL;NULL;NULL;NULL
*****216;23/02/2003;2;LEV;19/02/2025;10;NULL;NULL;NULL;NULL;NULL;NULL;NULL;NULL;19/02/2025;NULL;NULL
*****679;28/03/1999;2;NULL;NULL;NULL;NULL;NULL;NULL;NULL;NULL;NULL;NULL;NULL;NULL;NULL;NULL
*****483;6/06/1988;1;LEV;8/08/2024;10.9;NULL;NULL;NULL;NULL;NULL;NULL;NULL;NULL;8/08/2024;NULL;NULL
*****802;22/02/1997;2;NULL;NULL;NULL;NULL;NULL;NULL;NULL;NULL;NULL;NULL;NULL;NULL;NULL;NULL
*****963;11/06/2005;2;LEV;NULL;NULL;NULL;NULL;NULL;NULL;NULL;NULL;NULL;NULL;NULL;NULL;NULL
*****542;17/03/1998;2;LEV;11/04/2024;10.9;NULL;NULL;NULL;NULL;NULL;NULL;NULL;NULL;11/04/2024;NULL;NULL
*****098;14/10/2007;2;LEV;31/10/2023;10.3;30/11/2023;10;30/12/2023;10.2;30/01/2024;11;1/03/2024;11;31/10/2023;30/11/2023;30/12/2023
*****430;14/01/1993;2;NULL;NULL;NULL;NULL;NULL;NULL;NULL;NULL;NULL;NULL;NULL;NULL;NULL;NULL
*****849;10/06/2000;2;LEV;27/05/2025;10.6;NULL;NULL;NULL;NULL;NULL;NULL;NULL;NULL;27/05/2025;NULL;NULL
*****626;24/02/2005;2;LEV;4/11/2023;10.2;4/12/2023;10.2;NULL;NULL;3/02/2024;12;NULL;NULL;4/11/2023;4/12/2023;NULL
*****857;27/01/2009;2;MOD;12/02/2025;9.6;NULL;NULL;NULL;NULL;NULL;NULL;NULL;NULL;12/02/2025;12/03/2025;NULL
*****354;18/03/2001;2;MOD;NULL;NULL;NULL;NULL;NULL;NULL;NULL;NULL;NULL;NULL;NULL;NULL;NULL
*****983;7/01/1989;2;LEV;9/02/2024;10.3;NULL;NULL;NULL;NULL;NULL;NULL;NULL;NULL;9/02/2024;NULL;NULL
*****280;23/04/1994;2;LEV;NULL;NULL;NULL;NULL;NULL;NULL;NULL;NULL;NULL;NULL;NULL;NULL;NULL
*****659;10/05/1999;2;LEV;NULL;NULL;NULL;NULL;NULL;NULL;NULL;NULL;NULL;NULL;NULL;NULL;NULL
*****682;29/03/1997;1;NULL;NULL;NULL;NULL;NULL;NULL;NULL;NULL;NULL;NULL;NULL;NULL;NULL;NULL
*****507;1/08/1987;2;MOD;NULL;NULL;NULL;NULL;NULL;NULL;NULL;NULL;NULL;NULL;NULL;NULL;NULL
*****523;3/12/2004;2;MOD;4/01/2024;11.9;NULL;NULL;NULL;NULL;9/04/2024;NULL;NULL;NULL;4/01/2024;NULL;NULL
*****561;6/07/1986;2;NULL;NULL;NULL;11/12/2024;12.5;NULL;NULL;26/02/2025;NULL;NULL;NULL;NULL;NULL;NULL
*****269;30/12/1989;2;LEV;3/08/2024;13.3;NULL;NULL;NULL;NULL;NULL;NULL;NULL;NULL;3/08/2024;NULL;NULL
*****833;1/05/1991;2;LEV;NULL;NULL;26/03/2024;10;26/04/2024;10;6/06/2024;12.2;NULL;NULL;NULL;NULL;NULL
*****688;12/02/1999;2;LEV;NULL;NULL;NULL;NULL;NULL;NULL;NULL;NULL;NULL;NULL;NULL;NULL;NULL
*****253;11/12/1999;2;MOD;3/02/2025;9.2;NULL;NULL;NULL;NULL;NULL;NULL;NULL;NULL;3/02/2025;1/03/2025;2/04/2025
*****747;28/03/2000;2;LEV;NULL;NULL;NULL;NULL;27/06/2024;12.3;3/09/2024;NULL;NULL;NULL;15/04/2024;NULL;NULL
*****726;5/07/1998;2;LEV;NULL;NULL;NULL;NULL;NULL;NULL;NULL;NULL;NULL;NULL;NULL;NULL;NULL
*****428;1/12/1991;2;MOD;NULL;NULL;NULL;NULL;NULL;NULL;NULL;NULL;NULL;NULL;12/04/2025;12/05/2025;NULL
*****627;27/08/1982;2;LEV;NULL;NULL;NULL;NULL;NULL;NULL;NULL;NULL;NULL;NULL;15/01/2024;12/02/2024;NULL
*****731;12/10/1986;2;MOD;NULL;NULL;NULL;NULL;NULL;NULL;NULL;NULL;NULL;NULL;NULL;NULL;NULL
*****042;26/11/1989;2;LEV;17/03/2025;10;17/04/2025;10.9;16/05/2025;10.9;NULL;NULL;NULL;NULL;17/03/2025;17/04/2025;16/05/2025
*****258;4/08/1992;2;NULL;NULL;NULL;NULL;NULL;15/04/2024;12.3;NULL;NULL;NULL;NULL;NULL;NULL;NULL
*****390;16/05/1988;2;LEV;NULL;NULL;NULL;NULL;NULL;NULL;NULL;NULL;NULL;NULL;24/07/2024;NULL;NULL
*****883;30/04/2008;2;MOD;4/04/2025;10;3/05/2025;9;NULL;NULL;NULL;NULL;NULL;NULL;4/04/2025;3/05/2025;NULL
*****177;5/07/2008;2;MOD;NULL;NULL;2/05/2025;10.8;NULL;NULL;NULL;NULL;NULL;NULL;1/04/2025;2/05/2025;NULL
*****730;11/04/2006;2;LEV;NULL;NULL;NULL;NULL;NULL;NULL;NULL;NULL;NULL;NULL;NULL;NULL;NULL
*****333;16/04/2001;2;LEV;NULL;NULL;NULL;NULL;NULL;NULL;NULL;NULL;NULL;NULL;NULL;NULL;NULL
*****641;25/12/1988;2;NULL;NULL;NULL;19/05/2025;11.3;NULL;NULL;NULL;NULL;NULL;NULL;NULL;NULL;NULL
*****240;18/04/1984;2;MOD;NULL;NULL;NULL;NULL;31/01/2025;9.9;NULL;NULL;NULL;NULL;NULL;NULL;NULL
*****249;5/02/1988;2;NULL;NULL;NULL;NULL;NULL;NULL;NULL;NULL;NULL;NULL;NULL;NULL;NULL;NULL
*****199;10/03/1991;2;MOD;27/05/2025;9.2;NULL;NULL;NULL;NULL;NULL;NULL;NULL;NULL;NULL;NULL;NULL
*****649;26/07/2005;2;LEV;NULL;NULL;NULL;NULL;NULL;NULL;9/07/2024;10.9;NULL;NULL;24/02/2024;NULL;NULL
*****396;17/11/2003;2;MOD;NULL;NULL;NULL;NULL;NULL;NULL;NULL;NULL;NULL;NULL;21/10/2023;12/12/2023;11/01/2024
*****601;5/11/1988;2;MOD;11/11/2023;7.9;NULL;NULL;11/01/2024;11.2;12/02/2024;12.5;27/04/2024;12.3;11/11/2023;14/12/2023;11/01/2024
*****549;11/11/2008;2;MOD;NULL;NULL;NULL;NULL;NULL;NULL;NULL;NULL;NULL;NULL;22/01/2025;21/02/2025;21/04/2025
*****488;25/11/1995;2;LEV;NULL;NULL;NULL;NULL;NULL;NULL;11/03/2024;10.4;NULL;NULL;11/12/2023;9/02/2024;NULL
*****227;29/07/1994;1;LEV;NULL;NULL;NULL;NULL;NULL;NULL;NULL;NULL;NULL;NULL;NULL;NULL;NULL
*****887;23/06/1996;2;MOD;NULL;NULL;NULL;NULL;NULL;NULL;NULL;NULL;NULL;NULL;8/01/2025;4/02/2025;4/03/2025
*****461;30/10/2000;2;LEV;NULL;NULL;NULL;NULL;NULL;NULL;19/02/2024;NULL;NULL;NULL;11/10/2023;10/11/2023;11/12/2023
*****230;22/12/1998;2;LEV;NULL;NULL;NULL;NULL;NULL;NULL;NULL;NULL;NULL;NULL;NULL;NULL;NULL
*****442;23/11/1995;2;LEV;NULL;NULL;NULL;NULL;14/03/2025;12.4;NULL;NULL;NULL;NULL;11/01/2025;11/02/2025;12/03/2025
*****494;17/01/2004;2;MOD;28/02/2024;9.9;5/06/2024;11.5;NULL;NULL;NULL;NULL;NULL;NULL;28/02/2024;12/06/2024;NULL
*****115;24/09/1996;2;MOD;NULL;NULL;NULL;NULL;NULL;NULL;NULL;NULL;NULL;NULL;NULL;NULL;NULL
*****254;17/10/2004;2;LEV;NULL;NULL;NULL;NULL;NULL;NULL;NULL;NULL;NULL;NULL;8/05/2025;NULL;NULL
*****272;20/02/1992;2;NULL;NULL;NULL;NULL;NULL;NULL;NULL;NULL;NULL;NULL;NULL;NULL;NULL;NULL
*****462;29/09/1979;2;NULL;NULL;NULL;NULL;NULL;NULL;NULL;NULL;NULL;NULL;NULL;NULL;NULL;NULL
*****980;17/01/1988;2;LEV;22/03/2024;10.3;NULL;NULL;22/05/2024;10.4;22/06/2024;13.1;NULL;NULL;22/03/2024;NULL;NULL
*****442;16/01/1990;2;MOD;NULL;NULL;20/08/2024;9.6;23/09/2024;9.6;NULL;NULL;NULL;NULL;18/07/2024;18/07/2024;23/09/2024
*****048;28/08/1994;2;LEV;NULL;NULL;NULL;NULL;NULL;NULL;NULL;NULL;NULL;NULL;NULL;NULL;NULL
*****543;22/06/1994;2;MOD;NULL;NULL;NULL;NULL;8/05/2024;11.8;NULL;NULL;NULL;NULL;8/03/2024;NULL;NULL
*****795;28/11/2000;2;LEV;NULL;NULL;NULL;NULL;NULL;NULL;NULL;NULL;NULL;NULL;25/03/2024;NULL;NULL
*****833;18/08/2000;2;LEV;NULL;NULL;NULL;NULL;NULL;NULL;NULL;NULL;NULL;NULL;4/11/2023;2/12/2023;NULL
*****958;6/12/2009;2;MOD;NULL;NULL;NULL;NULL;NULL;NULL;NULL;NULL;NULL;NULL;NULL;NULL;NULL
*****489;10/01/2000;2;LEV;NULL;NULL;NULL;NULL;NULL;NULL;12/11/2024;11.8;NULL;NULL;12/08/2024;NULL;NULL
*****550;20/12/2000;2;MOD;17/10/2023;9.4;NULL;NULL;NULL;NULL;NULL;NULL;NULL;NULL;17/10/2023;7/11/2023;NULL
*****051;17/12/2000;1;LEV;NULL;NULL;NULL;NULL;NULL;NULL;NULL;NULL;NULL;NULL;17/01/2024;NULL;NULL
*****865;19/07/1998;2;MOD;NULL;NULL;NULL;NULL;22/04/2024;NULL;NULL;NULL;NULL;NULL;20/01/2024;19/02/2024;NULL
*****177;6/04/2002;2;MOD;20/03/2024;8.1;NULL;NULL;NULL;NULL;NULL;NULL;NULL;NULL;20/03/2024;NULL;NULL
*****998;23/07/2006;2;MOD;NULL;NULL;NULL;NULL;NULL;NULL;NULL;NULL;NULL;NULL;NULL;NULL;NULL
*****860;16/06/2000;2;MOD;NULL;NULL;NULL;NULL;NULL;NULL;NULL;NULL;NULL;NULL;NULL;NULL;NULL
*****417;20/05/1986;2;MOD;NULL;NULL;NULL;NULL;NULL;NULL;NULL;NULL;NULL;NULL;3/02/2025;3/03/2025;NULL
*****623;8/07/1991;2;MOD;NULL;NULL;NULL;NULL;NULL;NULL;NULL;NULL;NULL;NULL;21/12/2023;NULL;NULL
*****632;21/07/1999;1;LEV;NULL;NULL;NULL;NULL;NULL;NULL;NULL;NULL;NULL;NULL;NULL;NULL;NULL
*****153;14/03/2005;2;LEV;NULL;NULL;NULL;NULL;NULL;NULL;NULL;NULL;NULL;NULL;1/02/2025;3/03/2025;1/03/2025
*****321;24/04/2004;2;MOD;NULL;NULL;NULL;NULL;NULL;NULL;NULL;NULL;NULL;NULL;NULL;NULL;NULL
*****722;24/05/2001;2;MOD;30/04/2025;9.9;29/05/2025;9.3;NULL;NULL;NULL;NULL;NULL;NULL;30/04/2025;NULL;NULL
*****393;17/01/1999;2;MOD;NULL;NULL;NULL;NULL;NULL;NULL;NULL;NULL;NULL;NULL;13/01/2025;NULL;NULL
*****061;28/06/1989;2;LEV;NULL;NULL;NULL;NULL;NULL;NULL;NULL;NULL;21/05/2025;10.1;21/01/2025;18/02/2025;NULL
*****618;12/12/2007;2;LEV;NULL;NULL;NULL;NULL;NULL;NULL;19/04/2025;NULL;NULL;NULL;13/01/2025;13/02/2025;13/01/2025
*****346;28/06/2007;2;MOD;NULL;NULL;NULL;NULL;NULL;NULL;NULL;NULL;NULL;NULL;27/01/2025;27/02/2025;28/03/2025
*****349;28/07/1996;2;LEV;NULL;NULL;18/03/2025;NULL;18/04/2025;NULL;18/05/2025;NULL;NULL;NULL;17/02/2025;18/03/2025;18/04/2025
*****282;25/08/1997;1;LEV;NULL;NULL;NULL;NULL;NULL;NULL;NULL;NULL;NULL;NULL;NULL;NULL;NULL
*****096;9/12/2004;2;LEV;NULL;NULL;NULL;NULL;NULL;NULL;NULL;NULL;NULL;NULL;3/05/2025;NULL;NULL
*****456;2/06/2003;2;LEV;NULL;NULL;NULL;NULL;5/04/2025;10.4;NULL;NULL;NULL;NULL;NULL;NULL;NULL
*****951;22/12/1995;2;NULL;NULL;NULL;NULL;NULL;NULL;NULL;NULL;NULL;NULL;NULL;NULL;NULL;NULL
*****747;1/03/1985;2;LEV;NULL;NULL;NULL;NULL;NULL;NULL;NULL;NULL;NULL;NULL;17/01/2025;15/02/2025;NULL
*****833;30/06/2001;2;MOD;NULL;NULL;NULL;NULL;NULL;NULL;NULL;NULL;NULL;NULL;18/11/2024;NULL;NULL
*****580;29/11/1998;1;NULL;NULL;NULL;NULL;NULL;NULL;NULL;NULL;NULL;NULL;NULL;NULL;NULL;NULL
*****111;28/07/2000;2;MOD;NULL;NULL;NULL;NULL;NULL;NULL;NULL;NULL;NULL;NULL;13/10/2023;NULL;NULL
*****793;27/04/1982;2;LEV;NULL;NULL;NULL;NULL;NULL;NULL;NULL;NULL;NULL;NULL;14/03/2024;NULL;NULL
*****772;5/11/2001;2;LEV;NULL;NULL;NULL;NULL;NULL;NULL;NULL;NULL;NULL;NULL;17/02/2025;17/03/2025;NULL
*****409;2/07/1984;1;LEV;NULL;NULL;NULL;NULL;NULL;NULL;NULL;NULL;NULL;NULL;15/01/2024;NULL;NULL
*****906;31/12/1989;2;LEV;NULL;NULL;NULL;NULL;NULL;NULL;NULL;NULL;NULL;NULL;2/02/2024;NULL;NULL
*****679;7/11/1993;2;NULL;NULL;NULL;NULL;NULL;NULL;NULL;NULL;NULL;NULL;NULL;NULL;NULL;NULL
*****201;22/05/2006;2;LEV;NULL;NULL;NULL;NULL;NULL;NULL;NULL;NULL;NULL;NULL;15/01/2025;3/02/2025;3/03/2025
*****928;6/09/2005;2;LEV;NULL;NULL;NULL;NULL;NULL;NULL;30/07/2024;11.6;NULL;NULL;14/03/2024;NULL;NULL
*****373;11/06/2003;2;LEV;NULL;NULL;NULL;NULL;NULL;NULL;NULL;NULL;NULL;NULL;23/01/2025;NULL;NULL
*****719;14/11/2002;2;NULL;NULL;NULL;NULL;NULL;NULL;NULL;NULL;NULL;NULL;NULL;NULL;NULL;NULL
*****706;4/01/2006;2;MOD;NULL;NULL;NULL;NULL;NULL;NULL;18/01/2024;NULL;NULL;NULL;9/10/2023;8/11/2023;7/12/2023
*****792;5/06/2001;2;LEV;NULL;NULL;NULL;NULL;NULL;NULL;NULL;NULL;NULL;NULL;4/03/2024;4/01/2024;NULL
*****227;21/09/2004;2;NULL;NULL;NULL;NULL;NULL;NULL;NULL;NULL;NULL;NULL;NULL;NULL;NULL;NULL
*****665;30/04/2004;2;LEV;27/11/2023;10.6;NULL;NULL;NULL;NULL;NULL;NULL;NULL;NULL;27/11/2023;27/01/2024;NULL
*****133;8/02/2001;2;LEV;NULL;NULL;NULL;NULL;NULL;NULL;NULL;NULL;NULL;NULL;15/12/2023;NULL;NULL
*****509;12/05/1991;2;MOD;NULL;NULL;NULL;NULL;NULL;NULL;NULL;NULL;NULL;NULL;9/12/2023;9/01/2024;9/02/2024
*****339;28/03/1999;2;LEV;NULL;NULL;NULL;NULL;NULL;NULL;NULL;NULL;NULL;NULL;NULL;NULL;NULL
*****808;16/07/1996;2;LEV;5/03/2025;10.1;4/04/2025;10.9;NULL;NULL;NULL;NULL;NULL;NULL;5/03/2025;4/04/2025;NULL
*****940;20/09/2008;2;MOD;NULL;NULL;NULL;NULL;NULL;NULL;NULL;NULL;NULL;NULL;NULL;NULL;NULL
*****492;22/10/2003;2;LEV;NULL;NULL;NULL;NULL;NULL;NULL;10/06/2024;NULL;NULL;NULL;9/02/2024;12/03/2024;12/04/2024
*****613;18/07/1998;2;MOD;NULL;NULL;NULL;NULL;NULL;NULL;NULL;NULL;NULL;NULL;7/01/2025;4/02/2025;NULL
*****985;1/01/1992;2;LEV;NULL;NULL;NULL;NULL;NULL;NULL;NULL;NULL;NULL;NULL;13/09/2024;9/10/2024;NULL
*****992;30/09/1986;2;LEV;NULL;NULL;27/04/2025;10;26/05/2025;9.5;NULL;NULL;NULL;NULL;24/03/2025;NULL;NULL
*****978;12/03/1989;2;MOD;NULL;NULL;3/08/2024;8.7;18/09/2024;11;NULL;NULL;NULL;NULL;NULL;NULL;NULL
*****832;7/09/1990;2;LEV;NULL;NULL;14/04/2024;NULL;14/05/2024;NULL;22/07/2024;NULL;NULL;NULL;14/03/2024;14/04/2024;14/05/2024
*****966;19/05/2009;2;LEV;NULL;NULL;NULL;NULL;NULL;NULL;NULL;NULL;NULL;NULL;24/03/2025;NULL;NULL
*****403;3/11/1986;2;MOD;NULL;NULL;NULL;NULL;NULL;NULL;1/12/2024;12;NULL;NULL;NULL;NULL;NULL
*****578;16/07/1987;2;MOD;11/04/2025;9.9;11/05/2025;10.2;NULL;NULL;NULL;NULL;NULL;NULL;11/04/2025;11/05/2025;NULL
*****008;15/03/1998;2;NULL;NULL;NULL;NULL;NULL;NULL;NULL;13/08/2024;NULL;NULL;NULL;NULL;NULL;NULL
*****223;30/11/1987;2;MOD;31/10/2024;9.5;9/01/2025;11.7;NULL;NULL;NULL;NULL;NULL;NULL;31/10/2024;9/01/2025;NULL
*****228;7/12/1993;2;LEV;NULL;NULL;NULL;NULL;NULL;NULL;26/02/2024;NULL;NULL;NULL;25/10/2023;25/11/2023;26/12/2023
*****503;29/09/1999;2;LEV;7/02/2025;10.8;NULL;NULL;7/05/2025;11.4;NULL;NULL;NULL;NULL;7/02/2025;7/03/2025;7/04/2025
*****194;22/02/2009;2;MOD;NULL;NULL;NULL;NULL;NULL;NULL;NULL;NULL;NULL;NULL;24/09/2024;NULL;NULL
*****698;18/05/1991;2;LEV;25/02/2025;10.2;NULL;NULL;NULL;NULL;NULL;NULL;NULL;NULL;25/02/2025;25/03/2025;24/04/2025
*****690;29/11/2003;2;LEV;NULL;NULL;NULL;NULL;NULL;NULL;NULL;NULL;NULL;NULL;NULL;NULL;NULL
*****255;15/07/1986;2;MOD;21/02/2025;9.7;NULL;NULL;5/05/2025;11.9;NULL;NULL;NULL;NULL;21/02/2025;21/03/2025;21/04/2025
*****899;15/01/2006;2;LEV;27/09/2024;10.9;NULL;NULL;NULL;NULL;NULL;NULL;NULL;NULL;27/09/2024;NULL;NULL
*****414;3/09/2005;2;LEV;27/02/2025;10;28/03/2025;9.3;NULL;NULL;NULL;NULL;NULL;NULL;27/02/2025;28/03/2025;26/04/2025
*****048;2/02/1986;2;LEV;NULL;NULL;NULL;NULL;28/06/2024;12.2;22/08/2024;NULL;NULL;NULL;26/03/2024;26/04/2024;NULL
*****072;13/11/1987;2;LEV;NULL;NULL;NULL;NULL;NULL;NULL;NULL;NULL;NULL;NULL;NULL;NULL;NULL
*****232;25/05/2003;2;LEV;28/03/2025;10;28/04/2025;12.3;27/05/2025;12.3;NULL;NULL;NULL;NULL;28/03/2025;28/04/2025;NULL
*****148;11/05/1986;2;LEV;15/05/2025;10.3;NULL;NULL;NULL;NULL;NULL;NULL;NULL;NULL;15/05/2025;NULL;NULL
*****879;22/08/1999;2;LEV;15/04/2025;10.9;15/05/2025;10.2;NULL;NULL;NULL;NULL;NULL;NULL;15/04/2025;15/05/2025;NULL
*****055;22/06/1999;2;MOD;22/10/2024;9.6;21/11/2024;9.2;21/12/2024;NULL;21/01/2025;11.6;NULL;NULL;22/10/2024;21/11/2024;21/12/2024
*****482;24/11/2004;2;MOD;NULL;NULL;NULL;NULL;21/03/2025;11.2;NULL;NULL;NULL;NULL;NULL;NULL;NULL
*****842;7/11/2000;2;LEV;NULL;NULL;NULL;NULL;NULL;NULL;NULL;NULL;NULL;NULL;NULL;NULL;NULL
*****891;18/02/1997;2;MOD;NULL;NULL;NULL;NULL;NULL;NULL;NULL;NULL;NULL;NULL;NULL;NULL;NULL
*****052;10/01/1998;2;NULL;NULL;NULL;NULL;NULL;28/11/2024;10.3;NULL;NULL;26/01/2025;10.9;25/09/2024;30/10/2024;NULL
*****457;22/05/1993;2;NULL;NULL;NULL;NULL;NULL;NULL;NULL;NULL;NULL;NULL;NULL;NULL;NULL;NULL
*****569;27/03/2007;2;LEV;NULL;NULL;NULL;NULL;19/01/2024;10.4;20/02/2024;NULL;NULL;NULL;4/11/2023;4/12/2023;14/01/2024
*****114;26/04/2000;2;LEV;13/05/2025;10;NULL;NULL;NULL;NULL;NULL;NULL;NULL;NULL;13/05/2025;NULL;NULL
*****504;31/03/1988;2;NULL;NULL;NULL;NULL;NULL;NULL;NULL;NULL;NULL;NULL;NULL;NULL;NULL;NULL
*****155;10/03/2007;2;LEV;16/04/2025;9.6;NULL;NULL;NULL;NULL;NULL;NULL;NULL;NULL;16/04/2025;NULL;NULL
*****357;3/05/2004;2;LEV;16/05/2025;10.5;NULL;NULL;NULL;NULL;NULL;NULL;NULL;NULL;16/05/2025;NULL;NULL
*****356;16/06/1995;2;LEV;3/05/2025;10.6;NULL;NULL;NULL;NULL;NULL;NULL;NULL;NULL;3/05/2025;NULL;NULL
*****274;2/01/2000;2;MOD;NULL;NULL;NULL;NULL;NULL;NULL;NULL;NULL;NULL;NULL;2/05/2024;NULL;NULL
*****163;21/07/1995;2;NULL;NULL;NULL;NULL;NULL;NULL;NULL;3/09/2024;NULL;NULL;NULL;NULL;NULL;NULL
*****499;15/04/1995;2;MOD;3/04/2025;9;3/05/2025;11.3;NULL;NULL;NULL;NULL;NULL;NULL;3/04/2025;3/05/2025;NULL
*****131;16/09/1998;2;NULL;NULL;NULL;NULL;NULL;NULL;NULL;NULL;NULL;NULL;NULL;NULL;NULL;NULL
*****302;26/06/2004;2;MOD;2/10/2024;8.6;1/11/2024;11.8;2/12/2024;12.9;2/01/2025;13.1;1/02/2025;NULL;2/10/2024;1/11/2024;2/12/2024
*****413;13/04/1999;2;LEV;NULL;NULL;NULL;NULL;NULL;NULL;NULL;NULL;NULL;NULL;3/09/2024;3/10/2024;NULL
*****757;4/10/1986;2;LEV;9/06/2024;10.4;NULL;NULL;NULL;NULL;NULL;NULL;NULL;NULL;9/06/2024;9/07/2024;NULL
*****841;27/05/2002;2;MOD;NULL;NULL;NULL;NULL;NULL;NULL;NULL;NULL;NULL;NULL;NULL;NULL;NULL
*****455;12/05/2009;2;LEV;NULL;NULL;NULL;NULL;NULL;NULL;NULL;NULL;NULL;NULL;NULL;NULL;NULL
*****423;12/11/1985;2;MOD;NULL;NULL;NULL;NULL;NULL;NULL;NULL;NULL;NULL;NULL;30/04/2025;NULL;NULL
*****524;6/05/2001;2;LEV;NULL;NULL;NULL;NULL;NULL;NULL;NULL;NULL;NULL;NULL;25/09/2024;NULL;NULL
*****914;28/07/2002;2;LEV;NULL;NULL;NULL;NULL;NULL;NULL;NULL;NULL;NULL;NULL;7/12/2023;NULL;NULL
*****996;19/03/2008;2;LEV;NULL;NULL;7/04/2024;13.1;NULL;NULL;NULL;NULL;NULL;NULL;29/02/2024;NULL;NULL
*****784;2/05/1997;2;LEV;NULL;NULL;NULL;NULL;NULL;NULL;NULL;NULL;NULL;NULL;29/02/2024;NULL;NULL
*****527;5/07/1991;2;LEV;NULL;NULL;NULL;NULL;NULL;NULL;NULL;NULL;NULL;NULL;24/07/2024;NULL;NULL
*****623;14/11/2007;2;LEV;NULL;NULL;NULL;NULL;NULL;NULL;NULL;NULL;NULL;NULL;NULL;NULL;NULL
*****000;5/06/2007;2;LEV;NULL;NULL;NULL;NULL;NULL;NULL;NULL;NULL;NULL;NULL;24/07/2024;NULL;NULL
*****959;9/03/1996;2;LEV;NULL;NULL;NULL;NULL;20/02/2024;11.1;NULL;NULL;NULL;NULL;20/11/2023;15/12/2023;20/01/2024
*****017;20/11/1984;2;LEV;NULL;NULL;NULL;NULL;NULL;NULL;NULL;NULL;NULL;NULL;20/04/2024;20/05/2024;NULL
*****935;11/08/2008;2;LEV;NULL;NULL;NULL;NULL;NULL;NULL;NULL;NULL;NULL;NULL;23/12/2023;NULL;NULL
*****052;8/05/2006;2;LEV;NULL;NULL;NULL;NULL;NULL;NULL;NULL;NULL;NULL;NULL;26/05/2024;NULL;NULL
*****346;6/07/2008;2;LEV;NULL;NULL;NULL;NULL;NULL;NULL;NULL;NULL;NULL;NULL;28/12/2023;28/01/2024;NULL
*****538;14/03/1993;2;NULL;NULL;NULL;NULL;NULL;23/03/2025;12.4;NULL;NULL;NULL;NULL;NULL;NULL;NULL
*****769;2/09/1996;2;MOD;4/12/2023;7.6;4/01/2024;8.7;5/02/2024;12.1;6/04/2024;11.1;NULL;NULL;4/12/2023;4/01/2024;5/02/2024
*****283;26/05/1994;2;MOD;NULL;NULL;NULL;NULL;NULL;NULL;NULL;NULL;NULL;NULL;NULL;NULL;NULL
*****957;6/07/2010;2;NULL;30/10/2024;11;NULL;NULL;NULL;NULL;NULL;NULL;NULL;NULL;NULL;NULL;NULL
*****853;20/08/2004;2;LEV;NULL;NULL;NULL;NULL;NULL;NULL;NULL;NULL;NULL;NULL;NULL;NULL;NULL
*****907;23/02/1996;2;LEV;NULL;NULL;NULL;NULL;17/02/2024;12.4;17/04/2024;10.1;NULL;NULL;17/12/2023;18/01/2024;17/02/2024
*****384;14/12/1978;2;MOD;16/03/2024;9.5;17/04/2024;11.4;17/05/2024;11.9;17/06/2024;11.4;17/08/2024;11.6;16/03/2024;17/04/2024;20/05/2024
*****590;29/06/2008;2;LEV;NULL;NULL;NULL;NULL;NULL;NULL;NULL;NULL;NULL;NULL;NULL;NULL;NULL
*****465;13/01/2009;2;NULL;NULL;NULL;NULL;NULL;NULL;NULL;NULL;NULL;NULL;NULL;NULL;NULL;NULL
*****705;13/01/1997;2;LEV;NULL;NULL;NULL;NULL;NULL;NULL;NULL;NULL;NULL;NULL;10/07/2024;1/08/2024;NULL
*****866;20/03/2001;2;NULL;NULL;NULL;NULL;NULL;NULL;NULL;NULL;NULL;NULL;NULL;NULL;NULL;NULL
*****171;9/04/1989;2;LEV;14/12/2023;10.8;21/03/2024;11.4;19/02/2024;11.4;NULL;NULL;NULL;NULL;14/12/2023;18/01/2024;20/02/2024
*****236;11/02/1989;2;LEV;NULL;NULL;NULL;NULL;NULL;NULL;NULL;NULL;NULL;NULL;NULL;NULL;NULL
*****848;31/07/1989;2;NULL;NULL;NULL;NULL;NULL;NULL;NULL;NULL;NULL;NULL;NULL;NULL;NULL;NULL
*****874;18/10/2003;2;LEV;NULL;NULL;NULL;NULL;NULL;NULL;NULL;NULL;NULL;NULL;24/10/2023;NULL;NULL
*****263;23/03/2009;2;LEV;22/02/2025;NULL;NULL;NULL;NULL;NULL;NULL;NULL;NULL;NULL;NULL;NULL;NULL
*****749;12/01/2011;2;LEV;NULL;NULL;11/05/2025;NULL;NULL;NULL;NULL;NULL;NULL;NULL;11/04/2025;11/05/2025;NULL
*****544;2/06/2005;2;LEV;NULL;NULL;NULL;NULL;NULL;NULL;NULL;NULL;NULL;NULL;4/05/2024;4/06/2024;NULL
*****967;25/07/1993;2;LEV;NULL;NULL;NULL;NULL;2/03/2024;11.8;12/04/2024;NULL;NULL;NULL;14/12/2023;12/01/2024;NULL
*****870;12/04/1994;2;LEV;NULL;NULL;NULL;NULL;NULL;NULL;NULL;NULL;NULL;NULL;29/10/2023;NULL;NULL
*****404;11/09/2006;2;LEV;16/04/2025;10.8;16/05/2025;NULL;NULL;NULL;NULL;NULL;NULL;NULL;16/04/2025;16/05/2025;NULL
*****962;29/06/1997;2;LEV;NULL;NULL;25/02/2024;NULL;NULL;NULL;NULL;NULL;NULL;NULL;10/01/2024;NULL;NULL
*****083;24/05/2004;2;LEV;NULL;NULL;NULL;NULL;NULL;NULL;NULL;NULL;NULL;NULL;28/12/2023;21/01/2024;NULL
*****149;14/09/2007;2;NULL;NULL;NULL;NULL;NULL;NULL;NULL;NULL;NULL;NULL;NULL;NULL;NULL;NULL
*****941;6/09/1996;2;LEV;NULL;NULL;NULL;NULL;NULL;NULL;NULL;NULL;NULL;NULL;NULL;NULL;NULL
*****688;15/11/2005;2;LEV;NULL;NULL;NULL;NULL;NULL;NULL;NULL;NULL;NULL;NULL;NULL;NULL;NULL
*****359;1/03/1994;2;LEV;NULL;NULL;NULL;NULL;NULL;NULL;NULL;NULL;NULL;NULL;3/05/2024;NULL;NULL
*****928;12/03/2008;2;LEV;NULL;NULL;NULL;NULL;NULL;NULL;22/06/2024;NULL;NULL;NULL;3/03/2024;2/04/2024;NULL
*****848;6/06/1997;2;NULL;NULL;NULL;NULL;NULL;NULL;NULL;NULL;NULL;NULL;NULL;NULL;NULL;NULL
*****607;26/06/1994;2;NULL;NULL;NULL;NULL;NULL;NULL;NULL;NULL;NULL;NULL;NULL;NULL;NULL;NULL
*****240;18/05/2001;2;MOD;5/12/2023;9.8;NULL;NULL;NULL;NULL;NULL;NULL;NULL;NULL;5/12/2023;NULL;NULL
*****505;29/05/2004;2;LEV;NULL;NULL;NULL;NULL;NULL;NULL;NULL;NULL;NULL;NULL;18/08/2024;17/09/2024;NULL
*****771;31/08/1985;1;LEV;NULL;NULL;NULL;NULL;NULL;NULL;NULL;NULL;NULL;NULL;21/04/2025;21/05/2025;NULL
*****155;4/11/1985;2;MOD;15/10/2024;9.3;14/11/2024;11.4;23/12/2024;11.4;NULL;NULL;3/03/2025;NULL;15/10/2024;14/11/2024;23/12/2024
*****814;15/07/1990;2;LEV;NULL;NULL;NULL;NULL;NULL;NULL;NULL;NULL;NULL;NULL;NULL;NULL;NULL
*****689;28/02/1983;2;LEV;13/11/2024;NULL;11/02/2025;15.9;12/01/2025;15.9;NULL;NULL;NULL;NULL;13/11/2024;13/12/2024;12/01/2025
*****683;25/07/1982;2;LEV;NULL;NULL;NULL;NULL;NULL;NULL;NULL;NULL;NULL;NULL;7/05/2025;NULL;NULL
*****269;26/03/2000;2;LEV;NULL;NULL;NULL;NULL;26/04/2025;NULL;NULL;NULL;NULL;NULL;23/01/2025;22/02/2025;NULL
*****516;17/05/1998;2;MOD;NULL;NULL;NULL;NULL;NULL;NULL;NULL;NULL;NULL;NULL;17/04/2024;NULL;NULL
*****950;14/12/2004;2;LEV;10/02/2024;10.3;NULL;NULL;NULL;NULL;NULL;NULL;NULL;NULL;10/02/2024;2/04/2024;NULL
*****422;25/10/1979;2;MOD;15/11/2023;9.6;NULL;NULL;NULL;NULL;NULL;NULL;NULL;NULL;15/11/2023;NULL;NULL
*****036;3/11/1981;2;SEV;28/07/2024;6.8;NULL;NULL;NULL;NULL;NULL;NULL;NULL;NULL;28/07/2024;NULL;NULL
*****200;14/11/1982;2;MOD;16/08/2024;9.6;7/10/2024;12.1;11/12/2024;12.6;NULL;NULL;NULL;NULL;16/08/2024;7/10/2024;11/11/2024
*****935;1/07/1987;2;MOD;NULL;NULL;NULL;NULL;NULL;NULL;5/11/2024;NULL;NULL;NULL;5/08/2024;NULL;NULL
*****551;15/08/1989;2;LEV;NULL;NULL;NULL;NULL;NULL;NULL;NULL;NULL;NULL;NULL;16/04/2025;16/05/2025;NULL
*****051;20/09/1993;2;LEV;30/04/2024;10.1;30/05/2024;12.1;29/07/2024;12;NULL;NULL;28/08/2024;11.2;30/04/2024;30/05/2024;NULL
*****703;3/05/1994;2;MOD;NULL;NULL;NULL;NULL;NULL;NULL;19/07/2024;NULL;NULL;NULL;NULL;NULL;NULL
*****081;25/11/1996;2;LEV;14/06/2024;10.4;NULL;NULL;NULL;NULL;NULL;NULL;NULL;NULL;14/06/2024;NULL;NULL
*****810;16/09/2000;2;LEV;NULL;NULL;NULL;NULL;NULL;NULL;NULL;NULL;NULL;NULL;13/11/2024;13/12/2024;12/01/2025
*****296;27/08/2000;2;MOD;28/10/2023;9.4;NULL;NULL;NULL;NULL;NULL;NULL;NULL;NULL;28/10/2023;NULL;NULL
*****008;11/09/2000;2;NULL;NULL;NULL;NULL;NULL;NULL;NULL;NULL;NULL;NULL;NULL;NULL;NULL;NULL
*****225;5/10/2001;2;LEV;8/01/2024;10.1;7/02/2024;11;8/03/2024;11.3;26/04/2024;NULL;NULL;NULL;8/01/2024;7/02/2024;NULL
*****770;11/08/1996;2;MOD;27/08/2024;8.1;6/10/2024;NULL;NULL;NULL;NULL;NULL;NULL;NULL;27/08/2024;NULL;NULL
*****368;10/02/2001;2;MOD;NULL;NULL;NULL;NULL;NULL;NULL;NULL;NULL;NULL;NULL;NULL;NULL;NULL
*****275;1/09/1985;2;MOD;NULL;NULL;NULL;NULL;NULL;NULL;NULL;NULL;NULL;NULL;17/09/2024;NULL;NULL
*****034;26/10/1981;2;MOD;NULL;NULL;NULL;NULL;NULL;NULL;NULL;NULL;NULL;NULL;23/08/2024;NULL;NULL
*****202;20/08/1984;2;MOD;8/11/2023;9.7;7/12/2023;10.8;NULL;NULL;10/02/2024;10.6;13/03/2024;10;8/11/2023;7/12/2023;6/01/2024
*****904;20/05/1982;2;MOD;NULL;NULL;NULL;NULL;NULL;NULL;1/03/2025;NULL;NULL;NULL;NULL;NULL;NULL
*****794;20/09/1989;2;MOD;30/03/2024;9.9;NULL;NULL;29/05/2024;11;28/06/2024;9.9;NULL;NULL;30/03/2024;NULL;NULL
*****867;9/05/2006;2;MOD;9/02/2024;7.8;NULL;NULL;NULL;NULL;NULL;NULL;NULL;NULL;9/02/2024;NULL;NULL
*****494;12/08/2003;2;SEV;NULL;NULL;NULL;NULL;NULL;NULL;NULL;NULL;NULL;NULL;NULL;NULL;NULL
*****219;14/01/2002;2;MOD;NULL;NULL;NULL;NULL;NULL;NULL;20/04/2024;NULL;NULL;NULL;18/01/2024;17/02/2024;NULL
*****126;3/12/1997;2;NULL;NULL;NULL;NULL;NULL;NULL;NULL;NULL;NULL;NULL;NULL;NULL;NULL;NULL
*****602;16/05/2003;2;MOD;13/12/2024;9.8;12/01/2025;10.1;11/02/2025;10.4;NULL;NULL;NULL;NULL;13/12/2024;12/01/2025;11/02/2025
*****522;24/06/2001;2;NULL;NULL;NULL;NULL;NULL;NULL;NULL;NULL;NULL;NULL;NULL;NULL;NULL;NULL
*****429;16/07/1999;2;NULL;NULL;NULL;NULL;NULL;NULL;NULL;NULL;NULL;NULL;NULL;NULL;NULL;NULL
*****660;2/07/2007;2;LEV;21/11/2024;10.4;NULL;NULL;NULL;NULL;NULL;NULL;NULL;NULL;21/11/2024;NULL;NULL
*****742;15/05/1994;2;LEV;8/01/2025;10.3;7/02/2025;10.4;10/03/2025;11.3;8/04/2025;12.6;8/05/2025;11.4;8/01/2025;7/02/2025;10/03/2025
*****393;18/08/2006;2;LEV;NULL;NULL;NULL;NULL;NULL;NULL;NULL;NULL;NULL;NULL;11/09/2024;11/10/2024;NULL
*****028;6/05/2007;2;LEV;NULL;NULL;NULL;NULL;NULL;NULL;NULL;NULL;NULL;NULL;23/05/2025;NULL;NULL
*****716;28/08/2007;2;MOD;15/07/2024;9.9;14/08/2024;11;NULL;NULL;NULL;NULL;NULL;NULL;15/07/2024;14/08/2024;NULL
*****533;22/06/2001;2;LEV;3/04/2024;10;NULL;NULL;10/06/2024;11;15/08/2024;11;NULL;NULL;3/04/2024;NULL;NULL
*****091;7/05/2010;2;MOD;NULL;NULL;NULL;NULL;NULL;NULL;NULL;NULL;NULL;NULL;NULL;NULL;NULL
*****840;5/11/2005;2;NULL;NULL;NULL;NULL;NULL;NULL;NULL;NULL;NULL;NULL;NULL;NULL;NULL;NULL
*****584;18/10/1988;2;SEV;27/12/2024;6;1/02/2025;NULL;NULL;NULL;NULL;NULL;NULL;NULL;27/12/2024;NULL;NULL
*****409;2/10/1989;1;MOD;18/06/2024;7.7;4/10/2024;NULL;9/09/2024;NULL;NULL;NULL;NULL;NULL;18/06/2024;NULL;NULL
*****443;1/11/1993;2;NULL;NULL;NULL;NULL;NULL;NULL;NULL;NULL;NULL;NULL;NULL;NULL;NULL;NULL
*****089;29/04/1995;2;NULL;NULL;NULL;NULL;NULL;NULL;NULL;NULL;NULL;NULL;NULL;NULL;NULL;NULL
*****773;28/07/2002;2;MOD;12/04/2024;9.8;NULL;NULL;NULL;NULL;NULL;NULL;3/10/2024;NULL;12/04/2024;12/05/2024;11/06/2024
*****932;24/07/2005;2;MOD;NULL;NULL;NULL;NULL;NULL;NULL;NULL;NULL;NULL;NULL;27/04/2024;NULL;NULL
*****735;25/12/2003;2;LEV;NULL;NULL;NULL;NULL;NULL;NULL;NULL;NULL;13/08/2024;NULL;10/04/2024;9/05/2024;NULL
*****731;5/11/2004;2;LEV;NULL;NULL;NULL;NULL;NULL;NULL;NULL;NULL;NULL;NULL;12/02/2025;14/03/2025;14/04/2025
*****638;28/03/2005;2;MOD;NULL;NULL;NULL;NULL;NULL;NULL;NULL;NULL;NULL;NULL;NULL;NULL;NULL
*****238;24/02/1978;2;MOD;12/12/2023;9.9;NULL;NULL;NULL;NULL;NULL;NULL;NULL;NULL;12/12/2023;NULL;NULL
*****374;22/09/2004;2;MOD;21/08/2024;8.7;NULL;NULL;12/12/2024;12.4;11/01/2025;13.4;15/03/2025;NULL;21/08/2024;18/10/2024;12/12/2024
*****469;14/07/1998;1;MOD;NULL;NULL;NULL;NULL;30/11/2024;NULL;NULL;NULL;NULL;NULL;22/08/2024;NULL;NULL
*****031;30/12/1984;2;MOD;NULL;NULL;NULL;NULL;NULL;NULL;NULL;NULL;NULL;NULL;25/10/2023;24/11/2023;NULL
*****062;23/04/1987;2;MOD;7/11/2023;9.6;NULL;NULL;NULL;NULL;NULL;NULL;NULL;NULL;7/11/2023;NULL;NULL
*****321;24/04/2010;2;MOD;NULL;NULL;NULL;NULL;NULL;NULL;NULL;NULL;NULL;NULL;NULL;NULL;NULL
*****536;19/08/1996;2;NULL;NULL;NULL;NULL;NULL;21/12/2024;13.3;2/02/2025;NULL;NULL;NULL;NULL;NULL;NULL
*****884;12/02/1993;2;MOD;NULL;NULL;NULL;NULL;NULL;NULL;NULL;NULL;NULL;NULL;3/08/2024;2/09/2024;NULL
*****680;25/10/1994;2;LEV;2/11/2024;10.9;5/12/2024;NULL;NULL;NULL;NULL;NULL;NULL;NULL;2/11/2024;NULL;NULL
*****968;10/04/1990;2;LEV;3/02/2025;10.4;5/03/2025;9.4;4/04/2025;12;9/05/2025;11.1;NULL;NULL;3/02/2025;5/03/2025;4/04/2025
*****270;4/06/1991;2;LEV;NULL;NULL;NULL;NULL;NULL;NULL;NULL;NULL;NULL;NULL;NULL;NULL;NULL
*****684;30/10/1989;2;NULL;NULL;NULL;1/12/2024;11.7;NULL;NULL;NULL;NULL;NULL;NULL;NULL;NULL;NULL
*****322;21/12/2004;2;LEV;23/05/2025;10.3;NULL;NULL;NULL;NULL;NULL;NULL;NULL;NULL;23/05/2025;NULL;NULL
*****597;24/12/2008;2;MOD;20/12/2023;9.7;19/02/2024;11;NULL;NULL;NULL;NULL;NULL;NULL;20/12/2023;19/02/2024;NULL
*****562;8/01/2003;2;MOD;NULL;NULL;NULL;NULL;NULL;NULL;NULL;NULL;NULL;NULL;12/10/2023;11/11/2023;NULL
*****722;1/01/2003;2;MOD;NULL;NULL;NULL;NULL;NULL;NULL;NULL;NULL;28/01/2025;NULL;10/09/2024;10/10/2024;NULL
*****444;28/09/2001;2;MOD;NULL;NULL;NULL;NULL;NULL;NULL;NULL;NULL;NULL;NULL;9/04/2024;NULL;NULL
*****715;9/04/2001;2;NULL;NULL;NULL;NULL;NULL;NULL;NULL;NULL;NULL;NULL;NULL;NULL;NULL;NULL
*****125;13/08/2002;2;SEV;19/08/2024;6.9;18/09/2024;11.1;18/10/2024;11.7;17/11/2024;11.4;17/12/2024;11.4;19/08/2024;18/09/2024;18/10/2024
*****369;29/04/1999;2;MOD;NULL;NULL;NULL;NULL;NULL;NULL;NULL;NULL;NULL;NULL;23/04/2024;NULL;NULL
*****454;14/01/2008;2;LEV;NULL;NULL;NULL;NULL;NULL;NULL;NULL;NULL;NULL;NULL;21/12/2023;20/01/2024;NULL
*****071;11/07/1996;2;NULL;NULL;NULL;NULL;NULL;NULL;NULL;NULL;NULL;NULL;NULL;NULL;NULL;NULL
*****304;23/07/2000;2;NULL;NULL;NULL;NULL;NULL;NULL;NULL;NULL;NULL;NULL;NULL;NULL;NULL;NULL
*****778;3/12/2003;2;LEV;10/06/2024;10;NULL;NULL;9/08/2024;11.4;8/09/2024;11.4;8/10/2024;11;10/06/2024;10/07/2024;NULL
*****132;29/09/1999;2;LEV;NULL;NULL;NULL;NULL;NULL;NULL;NULL;NULL;NULL;NULL;14/08/2024;13/09/2024;NULL
*****354;17/07/2000;2;MOD;29/08/2024;9.7;1/12/2024;NULL;NULL;NULL;NULL;NULL;NULL;NULL;29/08/2024;NULL;NULL
*****122;14/11/2000;1;MOD;25/03/2024;7.5;24/04/2024;7.5;29/05/2024;9.1;28/06/2024;9.9;28/07/2024;10;25/03/2024;24/04/2024;29/05/2024
*****756;25/10/1998;2;LEV;14/08/2024;10;NULL;NULL;16/10/2024;11;27/11/2024;NULL;NULL;NULL;14/08/2024;13/09/2024;16/10/2024
*****943;17/02/1988;2;NULL;NULL;NULL;5/08/2024;11.5;3/11/2024;13;NULL;NULL;NULL;NULL;NULL;NULL;NULL
*****513;6/01/1988;2;NULL;NULL;NULL;10/07/2024;11.2;NULL;NULL;NULL;NULL;NULL;NULL;NULL;NULL;NULL
*****213;21/05/1986;2;NULL;NULL;NULL;9/10/2024;11.2;NULL;NULL;NULL;NULL;NULL;NULL;NULL;NULL;NULL
*****684;29/09/1994;2;MOD;21/04/2025;9.2;22/05/2025;10.6;NULL;NULL;NULL;NULL;NULL;NULL;21/04/2025;22/05/2025;NULL
*****727;21/06/1999;2;LEV;8/07/2024;10.1;7/08/2024;11.8;6/09/2024;12.5;NULL;NULL;NULL;NULL;8/07/2024;7/08/2024;6/09/2024
*****455;4/09/2001;2;MOD;6/06/2024;8.8;NULL;NULL;NULL;NULL;NULL;NULL;NULL;NULL;6/06/2024;NULL;NULL
*****148;20/12/1990;2;LEV;2/10/2024;10.3;1/11/2024;10.3;1/12/2024;10.7;29/01/2025;NULL;NULL;NULL;2/10/2024;1/11/2024;1/12/2024
*****355;27/04/1992;2;MOD;NULL;NULL;NULL;NULL;NULL;NULL;NULL;NULL;NULL;NULL;9/06/2024;9/07/2024;NULL
*****300;12/08/1997;2;MOD;NULL;NULL;NULL;NULL;NULL;NULL;NULL;NULL;NULL;NULL;NULL;NULL;NULL
*****130;12/05/1991;2;LEV;NULL;NULL;NULL;NULL;NULL;NULL;NULL;NULL;NULL;NULL;27/01/2025;NULL;NULL
*****152;16/12/2000;2;LEV;15/10/2024;10;14/11/2024;12;14/12/2024;11.4;NULL;NULL;NULL;NULL;15/10/2024;14/11/2024;14/12/2024
*****173;18/08/2002;2;MOD;30/11/2023;8.6;NULL;NULL;NULL;NULL;NULL;NULL;NULL;NULL;30/11/2023;28/12/2023;NULL
*****626;3/03/1990;2;LEV;NULL;NULL;NULL;NULL;NULL;NULL;NULL;NULL;NULL;NULL;12/02/2024;13/03/2024;NULL
*****050;10/02/1993;2;MOD;6/01/2024;9.3;5/02/2024;9.3;6/03/2024;9.3;5/04/2024;10;6/05/2024;10;6/01/2024;5/02/2024;6/03/2024
*****195;4/08/1994;2;MOD;15/11/2023;9.1;15/12/2023;9.1;4/02/2024;NULL;NULL;NULL;NULL;NULL;15/11/2023;NULL;NULL
*****868;14/11/2000;2;NULL;NULL;NULL;NULL;NULL;NULL;NULL;NULL;NULL;NULL;NULL;NULL;NULL;NULL
*****224;24/07/1999;2;LEV;NULL;NULL;NULL;NULL;NULL;NULL;NULL;NULL;NULL;NULL;26/03/2024;26/04/2024;NULL
*****366;30/11/2008;1;LEV;10/04/2024;10;NULL;NULL;9/06/2024;10.2;NULL;NULL;NULL;NULL;10/04/2024;10/05/2024;9/06/2024
*****609;13/03/1999;2;LEV;1/04/2024;10.2;NULL;NULL;NULL;NULL;NULL;NULL;NULL;NULL;1/04/2024;NULL;NULL
*****128;2/09/2003;2;MOD;30/01/2024;8.6;29/02/2024;8;30/03/2024;7;29/04/2024;8.4;29/05/2024;9;30/01/2024;29/02/2024;30/03/2024
*****016;16/10/2000;2;LEV;NULL;NULL;NULL;NULL;NULL;NULL;NULL;NULL;NULL;NULL;NULL;NULL;NULL
*****502;9/11/2001;2;MOD;NULL;NULL;NULL;NULL;NULL;NULL;NULL;NULL;NULL;NULL;28/04/2024;28/05/2024;27/06/2024
*****870;14/01/1990;2;LEV;NULL;NULL;NULL;NULL;NULL;NULL;NULL;NULL;NULL;NULL;19/02/2025;21/03/2025;NULL
*****380;20/04/2004;2;LEV;6/01/2025;9.6;6/02/2025;10.8;18/03/2025;11;NULL;NULL;NULL;NULL;6/01/2025;6/02/2025;18/03/2025
*****000;12/12/2009;2;NULL;NULL;NULL;NULL;NULL;NULL;NULL;NULL;NULL;NULL;NULL;NULL;NULL;NULL
*****503;7/06/2000;2;MOD;NULL;NULL;NULL;NULL;NULL;NULL;27/12/2024;11.5;4/03/2025;NULL;28/09/2024;28/10/2024;NULL
*****524;7/12/1996;2;LEV;NULL;NULL;NULL;NULL;NULL;NULL;NULL;NULL;NULL;NULL;25/09/2024;25/10/2024;24/11/2024
*****286;12/04/1995;2;MOD;NULL;NULL;NULL;NULL;NULL;NULL;NULL;NULL;NULL;NULL;NULL;NULL;NULL
*****107;30/10/2000;2;LEV;NULL;NULL;22/07/2024;11;NULL;NULL;8/09/2024;NULL;NULL;NULL;NULL;NULL;NULL
*****234;9/11/2009;2;LEV;NULL;NULL;NULL;NULL;NULL;NULL;NULL;NULL;NULL;NULL;NULL;NULL;NULL
*****866;16/10/2006;2;MOD;NULL;NULL;NULL;NULL;9/04/2024;11.5;NULL;NULL;NULL;NULL;21/12/2023;20/01/2024;19/02/2024
*****290;13/01/1999;2;LEV;NULL;NULL;NULL;NULL;NULL;NULL;NULL;NULL;NULL;NULL;2/12/2024;NULL;NULL
*****886;10/08/1992;2;LEV;NULL;NULL;NULL;NULL;NULL;NULL;NULL;NULL;NULL;NULL;4/12/2023;11/01/2024;12/02/2024
*****452;10/07/2007;2;LEV;NULL;NULL;NULL;NULL;NULL;NULL;NULL;NULL;NULL;NULL;13/05/2024;NULL;NULL
*****082;11/07/1987;2;MOD;NULL;NULL;NULL;NULL;NULL;NULL;NULL;NULL;NULL;NULL;NULL;NULL;NULL
*****486;17/11/1988;2;MOD;11/12/2024;9.5;10/01/2025;9.5;9/02/2025;10.8;11/03/2025;11.9;10/04/2025;11.8;11/12/2024;10/01/2025;9/02/2025
*****937;2/02/2005;2;MOD;NULL;NULL;NULL;NULL;NULL;NULL;NULL;NULL;NULL;NULL;20/12/2023;20/01/2024;20/02/2024
*****521;3/02/2002;2;NULL;NULL;NULL;NULL;NULL;NULL;NULL;NULL;NULL;NULL;NULL;NULL;NULL;NULL
*****397;21/04/1997;2;NULL;NULL;NULL;NULL;NULL;NULL;NULL;NULL;NULL;NULL;NULL;NULL;NULL;NULL
*****311;30/12/1991;2;LEV;NULL;NULL;NULL;NULL;NULL;NULL;NULL;NULL;NULL;NULL;12/02/2025;14/03/2025;13/04/2025
*****859;19/06/2007;1;LEV;20/01/2025;10.4;NULL;NULL;NULL;NULL;NULL;NULL;NULL;NULL;20/01/2025;NULL;NULL
*****066;12/02/2003;2;MOD;24/10/2024;9.5;23/11/2024;9.7;23/12/2024;9.8;22/01/2025;9.6;NULL;NULL;24/10/2024;23/11/2024;23/12/2024
*****279;8/04/2006;2;MOD;NULL;NULL;NULL;NULL;NULL;NULL;NULL;NULL;NULL;NULL;NULL;NULL;NULL
*****441;14/07/2003;2;LEV;NULL;NULL;NULL;NULL;NULL;NULL;NULL;NULL;NULL;NULL;1/12/2024;1/01/2025;1/02/2025
*****527;13/09/2005;2;LEV;NULL;NULL;NULL;NULL;NULL;NULL;NULL;NULL;4/04/2025;NULL;NULL;NULL;NULL
*****800;30/08/2005;2;NULL;NULL;NULL;NULL;NULL;NULL;NULL;NULL;NULL;NULL;NULL;NULL;NULL;NULL
*****991;11/04/2001;2;MOD;NULL;NULL;NULL;NULL;NULL;NULL;NULL;NULL;NULL;NULL;11/05/2025;NULL;NULL
*****389;14/12/2007;2;LEV;28/05/2025;10.2;NULL;NULL;NULL;NULL;NULL;NULL;NULL;NULL;28/05/2025;NULL;NULL
*****051;20/01/1983;2;NULL;NULL;NULL;NULL;NULL;NULL;NULL;NULL;NULL;NULL;NULL;NULL;NULL;NULL
*****690;28/10/1981;2;MOD;NULL;NULL;NULL;NULL;NULL;NULL;NULL;NULL;NULL;NULL;22/01/2025;22/02/2025;24/03/2025
*****629;24/08/1993;2;MOD;NULL;NULL;NULL;NULL;NULL;NULL;NULL;NULL;NULL;NULL;NULL;NULL;NULL
*****853;10/01/2009;2;LEV;1/02/2025;9.9;5/03/2025;10;4/04/2025;12.8;5/05/2025;12.8;NULL;NULL;1/02/2025;5/03/2025;4/04/2025
*****342;14/01/1986;2;MOD;NULL;NULL;NULL;NULL;NULL;NULL;NULL;NULL;NULL;NULL;19/02/2024;NULL;NULL
*****338;23/04/1993;2;MOD;NULL;NULL;NULL;NULL;NULL;NULL;NULL;NULL;5/03/2025;NULL;1/10/2024;31/10/2024;30/11/2024
*****976;14/09/2007;2;LEV;NULL;NULL;NULL;NULL;NULL;NULL;NULL;NULL;NULL;NULL;11/05/2024;NULL;NULL
*****612;13/11/1984;2;MOD;21/10/2023;8.4;NULL;NULL;NULL;NULL;NULL;NULL;NULL;NULL;21/10/2023;NULL;NULL
*****598;20/04/1991;2;MOD;NULL;NULL;NULL;NULL;NULL;NULL;NULL;NULL;NULL;NULL;19/06/2024;NULL;NULL
*****681;23/01/2008;2;MOD;1/05/2024;9;NULL;NULL;NULL;NULL;25/08/2024;NULL;NULL;NULL;1/05/2024;NULL;NULL
*****727;7/10/2005;2;NULL;NULL;NULL;NULL;NULL;NULL;NULL;NULL;NULL;NULL;NULL;NULL;NULL;NULL
*****203;11/03/1985;2;MOD;4/01/2024;8.8;NULL;NULL;NULL;NULL;NULL;NULL;NULL;NULL;4/01/2024;NULL;NULL
*****710;14/03/1995;2;LEV;NULL;NULL;NULL;NULL;NULL;NULL;20/11/2024;NULL;NULL;NULL;NULL;NULL;NULL
*****398;11/07/2007;2;MOD;NULL;NULL;NULL;NULL;NULL;NULL;NULL;NULL;NULL;NULL;5/04/2025;5/05/2025;NULL
*****114;29/03/1992;2;LEV;NULL;NULL;NULL;NULL;NULL;NULL;NULL;NULL;NULL;NULL;8/04/2025;15/04/2025;22/04/2025
*****794;27/03/2000;2;LEV;NULL;NULL;18/11/2024;10.4;NULL;NULL;NULL;NULL;NULL;NULL;2/10/2024;18/11/2024;NULL
*****065;20/04/2000;2;MOD;NULL;NULL;NULL;NULL;NULL;NULL;NULL;NULL;NULL;NULL;6/05/2025;NULL;NULL
*****406;12/01/2002;2;NULL;NULL;NULL;NULL;NULL;NULL;NULL;NULL;NULL;NULL;NULL;NULL;NULL;NULL
*****030;5/05/2007;2;MOD;12/10/2024;9.8;NULL;NULL;NULL;NULL;NULL;NULL;NULL;NULL;12/10/2024;NULL;NULL
*****636;8/08/2003;2;MOD;21/03/2025;8.9;NULL;NULL;NULL;NULL;NULL;NULL;NULL;NULL;21/03/2025;NULL;NULL
*****025;15/02/1998;2;NULL;NULL;NULL;NULL;NULL;10/04/2025;NULL;NULL;NULL;NULL;NULL;NULL;NULL;NULL
*****072;28/12/1994;2;LEV;28/09/2024;10.4;NULL;NULL;NULL;NULL;NULL;NULL;NULL;NULL;28/09/2024;NULL;NULL
*****257;25/03/1995;2;NULL;NULL;NULL;NULL;NULL;NULL;NULL;NULL;NULL;NULL;NULL;NULL;NULL;NULL
*****828;10/05/2000;2;MOD;15/11/2024;9.1;NULL;NULL;NULL;NULL;NULL;NULL;NULL;NULL;15/11/2024;NULL;NULL
*****328;31/07/2003;2;MOD;NULL;NULL;NULL;NULL;NULL;NULL;NULL;NULL;NULL;NULL;18/10/2024;NULL;NULL
*****606;26/05/2005;2;LEV;NULL;NULL;NULL;NULL;NULL;NULL;9/05/2024;11.2;NULL;NULL;6/01/2024;NULL;NULL
*****870;18/01/1981;2;LEV;NULL;NULL;NULL;NULL;NULL;NULL;NULL;NULL;NULL;NULL;18/04/2024;NULL;NULL
*****064;6/02/1992;2;LEV;NULL;NULL;20/05/2024;10.2;14/08/2024;12.5;NULL;NULL;NULL;NULL;19/04/2024;20/05/2024;NULL
*****263;16/06/1988;2;LEV;18/02/2025;10.4;NULL;NULL;21/04/2025;9.4;NULL;NULL;NULL;NULL;18/02/2025;18/03/2025;21/04/2025
*****562;8/06/1999;2;MOD;1/02/2025;8.6;3/04/2025;11.9;NULL;NULL;NULL;NULL;NULL;NULL;1/02/2025;NULL;NULL
*****635;29/03/1995;2;LEV;NULL;NULL;NULL;NULL;NULL;NULL;NULL;NULL;NULL;NULL;19/12/2023;NULL;NULL
*****930;22/07/1990;2;LEV;NULL;NULL;NULL;NULL;NULL;NULL;NULL;NULL;NULL;NULL;2/11/2023;NULL;NULL
*****480;17/11/2006;2;LEV;2/12/2024;10.6;29/03/2025;10.7;NULL;NULL;NULL;NULL;NULL;NULL;2/12/2024;NULL;NULL
*****242;5/01/1982;2;LEV;21/08/2024;10.9;5/11/2024;12.5;NULL;NULL;NULL;NULL;NULL;NULL;21/08/2024;NULL;NULL
*****962;15/10/1986;2;MOD;18/01/2025;NULL;NULL;NULL;NULL;NULL;NULL;NULL;NULL;NULL;18/01/2025;NULL;NULL
*****261;22/09/1991;1;LEV;11/04/2025;10.3;NULL;NULL;NULL;NULL;NULL;NULL;NULL;NULL;11/04/2025;9/05/2025;NULL
*****535;20/09/1992;2;LEV;1/02/2024;12.7;NULL;NULL;NULL;NULL;NULL;NULL;NULL;NULL;31/01/2024;NULL;NULL
*****190;28/12/2000;2;MOD;21/01/2025;9.6;21/02/2025;10.5;NULL;NULL;1/05/2025;12.7;NULL;NULL;21/01/2025;21/02/2025;NULL
*****241;12/10/2002;1;LEV;NULL;NULL;NULL;NULL;NULL;NULL;NULL;NULL;NULL;NULL;7/05/2024;NULL;NULL
*****803;6/07/1987;2;LEV;NULL;NULL;NULL;NULL;NULL;NULL;2/07/2024;11.8;NULL;NULL;14/02/2024;NULL;NULL
*****288;16/09/1991;2;LEV;12/11/2024;NULL;12/12/2024;10.2;NULL;NULL;12/03/2025;11.5;NULL;NULL;12/11/2024;12/12/2024;NULL
*****115;16/10/2006;2;LEV;NULL;NULL;18/12/2024;10.9;NULL;NULL;NULL;NULL;NULL;NULL;15/10/2024;18/12/2024;NULL
*****369;1/10/2008;2;MOD;3/02/2025;9.4;NULL;NULL;NULL;NULL;NULL;NULL;NULL;NULL;3/02/2025;3/03/2025;NULL
*****638;26/11/2009;2;LEV;5/05/2025;NULL;NULL;NULL;NULL;NULL;NULL;NULL;NULL;NULL;5/05/2025;NULL;NULL
*****807;18/04/1998;2;LEV;NULL;NULL;2/11/2024;10.9;NULL;NULL;NULL;NULL;NULL;NULL;2/10/2024;2/11/2024;NULL
*****360;2/04/1994;1;LEV;NULL;NULL;NULL;NULL;NULL;NULL;NULL;NULL;NULL;NULL;NULL;NULL;NULL
*****175;2/05/2008;2;LEV;NULL;NULL;NULL;NULL;NULL;NULL;NULL;NULL;NULL;NULL;27/11/2023;NULL;NULL
*****856;9/03/2003;2;LEV;12/02/2025;10.1;NULL;NULL;NULL;NULL;28/05/2025;11.5;NULL;NULL;12/02/2025;NULL;NULL
*****960;2/05/2003;2;MOD;26/03/2025;10.2;NULL;NULL;NULL;NULL;NULL;NULL;NULL;NULL;26/03/2025;12/01/2023;NULL
*****581;27/05/1997;2;LEV;3/01/2025;10;4/02/2025;10.2;NULL;NULL;NULL;NULL;NULL;NULL;3/01/2025;4/02/2025;NULL
*****796;27/01/2005;2;MOD;8/03/2025;9.1;9/04/2025;11.3;NULL;NULL;NULL;NULL;NULL;NULL;8/03/2025;9/04/2025;NULL
*****327;9/01/1995;2;MOD;22/02/2025;7.5;3/04/2025;9.1;30/04/2025;12.2;NULL;NULL;NULL;NULL;22/02/2025;3/04/2025;30/04/2025
*****030;2/08/1999;1;LEV;NULL;NULL;NULL;NULL;NULL;NULL;NULL;NULL;NULL;NULL;10/08/2024;NULL;NULL
*****270;2/08/2008;2;LEV;NULL;NULL;11/01/2025;11.5;9/01/2025;11.5;7/03/2025;12;NULL;NULL;12/10/2024;11/01/2025;NULL
*****418;28/10/1996;2;LEV;NULL;NULL;NULL;NULL;20/06/2024;11.9;NULL;NULL;NULL;NULL;20/03/2024;NULL;NULL
*****857;3/11/2004;2;MOD;NULL;NULL;NULL;NULL;22/02/2024;10.2;26/03/2024;11;NULL;NULL;22/12/2023;22/01/2024;22/02/2024
*****242;9/03/1998;2;MOD;NULL;NULL;NULL;NULL;NULL;NULL;NULL;NULL;NULL;NULL;5/04/2024;NULL;NULL
*****330;6/10/2001;2;MOD;27/05/2025;9.2;NULL;NULL;NULL;NULL;NULL;NULL;NULL;NULL;27/05/2025;NULL;NULL
*****920;11/05/1999;2;MOD;NULL;NULL;NULL;NULL;NULL;NULL;NULL;NULL;NULL;NULL;NULL;NULL;NULL
*****285;15/09/2004;2;LEV;NULL;NULL;NULL;NULL;NULL;NULL;NULL;NULL;NULL;NULL;21/10/2023;NULL;NULL
*****658;18/05/2002;2;LEV;11/04/2024;10;NULL;NULL;NULL;NULL;NULL;NULL;NULL;NULL;11/04/2024;11/09/2024;NULL
*****803;20/04/1984;2;LEV;NULL;NULL;NULL;NULL;NULL;NULL;NULL;NULL;NULL;NULL;21/02/2024;NULL;NULL
*****068;12/11/1986;2;LEV;NULL;NULL;NULL;NULL;NULL;NULL;NULL;NULL;NULL;NULL;NULL;NULL;NULL
*****956;5/07/1988;2;LEV;NULL;NULL;NULL;NULL;NULL;NULL;NULL;NULL;NULL;NULL;19/02/2024;6/03/2024;15/04/2024
*****978;26/08/1993;2;MOD;NULL;NULL;NULL;NULL;NULL;NULL;NULL;NULL;NULL;NULL;NULL;NULL;NULL
*****030;21/07/2002;2;MOD;3/06/2024;9.4;NULL;NULL;NULL;NULL;NULL;NULL;NULL;NULL;3/06/2024;NULL;NULL
*****847;20/10/1996;2;MOD;4/12/2024;9.5;4/01/2025;9.9;NULL;NULL;17/03/2025;9.9;NULL;NULL;4/12/2024;4/01/2025;NULL
*****006;22/09/1997;2;MOD;NULL;NULL;NULL;NULL;NULL;NULL;NULL;NULL;NULL;NULL;31/10/2023;22/12/2023;NULL
*****696;14/07/1986;1;LEV;NULL;NULL;NULL;NULL;NULL;NULL;NULL;NULL;NULL;NULL;9/09/2024;NULL;NULL
*****361;26/01/1995;2;MOD;5/03/2025;9.3;12/04/2025;9;NULL;NULL;NULL;NULL;NULL;NULL;5/03/2025;12/04/2025;22/04/2025
*****004;12/02/2000;2;MOD;NULL;NULL;NULL;NULL;NULL;NULL;NULL;NULL;NULL;NULL;NULL;NULL;NULL
*****878;20/08/1997;2;LEV;8/11/2024;10.9;NULL;NULL;5/02/2025;11.1;NULL;NULL;NULL;NULL;8/11/2024;NULL;NULL
*****380;18/09/1995;1;LEV;NULL;NULL;NULL;NULL;NULL;NULL;NULL;NULL;NULL;NULL;NULL;NULL;NULL
*****363;20/03/2003;2;LEV;NULL;NULL;NULL;NULL;NULL;NULL;NULL;NULL;NULL;NULL;NULL;NULL;NULL
*****627;27/06/2001;2;LEV;NULL;NULL;NULL;NULL;NULL;NULL;NULL;NULL;NULL;NULL;26/12/2023;NULL;NULL
*****659;22/04/2001;2;LEV;16/12/2024;NULL;NULL;NULL;NULL;NULL;NULL;NULL;NULL;NULL;16/12/2024;NULL;NULL
*****233;16/10/2004;2;LEV;12/02/2025;10;NULL;NULL;NULL;NULL;NULL;NULL;NULL;NULL;12/02/2025;24/02/2025;NULL
*****588;28/08/1995;2;LEV;NULL;NULL;NULL;NULL;NULL;NULL;2/08/2024;10.4;NULL;NULL;21/03/2024;NULL;NULL
*****834;15/05/2000;2;MOD;NULL;NULL;NULL;NULL;NULL;NULL;NULL;NULL;NULL;NULL;27/10/2023;NULL;NULL
*****605;2/12/1995;2;LEV;NULL;NULL;11/11/2024;11;NULL;NULL;NULL;NULL;NULL;NULL;10/10/2024;11/11/2024;NULL
*****264;3/11/1986;9;MOD;2/11/2024;9.2;6/01/2025;11.6;NULL;NULL;NULL;NULL;NULL;NULL;2/11/2024;6/01/2025;NULL
*****712;26/05/1999;2;MOD;NULL;NULL;NULL;NULL;NULL;NULL;NULL;NULL;NULL;NULL;18/11/2023;NULL;NULL
*****913;12/08/1997;2;LEV;17/06/2024;10.4;NULL;NULL;NULL;NULL;NULL;NULL;NULL;NULL;17/06/2024;NULL;NULL
*****565;1/06/1986;2;LEV;20/04/2024;10.8;NULL;NULL;12/07/2024;11.5;13/08/2024;12.5;NULL;NULL;20/04/2024;NULL;NULL
*****159;8/12/1988;2;LEV;NULL;NULL;6/12/2023;12.5;NULL;NULL;NULL;NULL;NULL;NULL;13/10/2023;NULL;NULL
*****532;29/03/1990;2;MOD;NULL;NULL;NULL;NULL;NULL;NULL;NULL;NULL;NULL;NULL;NULL;NULL;NULL
*****194;29/10/2009;2;LEV;NULL;NULL;NULL;NULL;NULL;NULL;NULL;NULL;NULL;NULL;28/02/2024;11/03/2024;NULL
*****961;10/04/1996;2;MOD;21/02/2025;9.1;NULL;NULL;NULL;NULL;NULL;NULL;NULL;NULL;21/02/2025;NULL;NULL
*****455;21/09/2001;2;MOD;NULL;NULL;23/11/2023;9.4;NULL;NULL;8/02/2024;12.5;NULL;NULL;25/10/2023;24/11/2023;30/12/2023
*****749;21/08/2000;2;MOD;NULL;NULL;NULL;NULL;NULL;NULL;NULL;NULL;NULL;NULL;8/03/2024;NULL;NULL
*****604;12/03/1993;2;MOD;NULL;NULL;NULL;NULL;NULL;NULL;NULL;NULL;27/02/2024;12.1;27/10/2023;NULL;NULL
*****397;14/01/1985;2;MOD;27/08/2024;9.2;NULL;NULL;NULL;NULL;NULL;NULL;NULL;NULL;27/08/2024;NULL;NULL
*****038;22/01/1994;2;MOD;NULL;NULL;NULL;NULL;NULL;NULL;NULL;NULL;NULL;NULL;NULL;NULL;NULL
*****505;25/01/1999;2;MOD;NULL;NULL;NULL;NULL;NULL;NULL;NULL;NULL;NULL;NULL;NULL;NULL;NULL
*****087;8/07/2003;2;LEV;2/04/2025;NULL;NULL;NULL;NULL;NULL;NULL;NULL;NULL;NULL;2/04/2025;NULL;NULL
*****512;21/12/2005;2;LEV;6/03/2025;10.5;21/04/2025;7.7;NULL;NULL;NULL;NULL;NULL;NULL;6/03/2025;21/04/2025;NULL
*****233;29/01/1996;2;LEV;NULL;NULL;NULL;NULL;NULL;NULL;NULL;NULL;NULL;NULL;NULL;NULL;NULL
*****689;21/07/1992;2;LEV;30/12/2024;10.2;29/01/2025;10.8;25/04/2025;12.9;NULL;NULL;NULL;NULL;30/12/2024;29/01/2025;NULL
*****970;18/02/1988;2;LEV;23/12/2024;10.9;NULL;NULL;NULL;NULL;12/04/2025;10.3;NULL;NULL;23/12/2024;17/01/2025;NULL
*****720;6/12/2001;2;LEV;NULL;NULL;NULL;NULL;11/07/2024;12.1;12/08/2024;12.1;NULL;NULL;3/04/2024;3/05/2024;3/06/2024
*****764;20/05/2002;2;LEV;NULL;NULL;NULL;NULL;18/03/2024;10.8;7/05/2024;NULL;NULL;NULL;2/01/2024;1/02/2024;2/03/2024
*****453;11/09/2006;2;MOD;NULL;NULL;NULL;NULL;NULL;NULL;NULL;NULL;NULL;NULL;NULL;NULL;NULL
*****035;16/07/1995;2;LEV;NULL;NULL;NULL;NULL;28/03/2024;9.8;13/05/2024;12.6;NULL;NULL;16/01/2024;13/02/2024;13/03/2024
*****822;24/06/1990;2;LEV;NULL;NULL;NULL;NULL;NULL;NULL;24/04/2024;12.6;NULL;NULL;17/01/2024;NULL;NULL
*****473;21/07/2005;2;LEV;8/07/2024;10.6;10/08/2024;10.8;NULL;NULL;NULL;NULL;NULL;NULL;8/07/2024;10/08/2024;NULL
*****046;8/03/1998;2;LEV;NULL;NULL;NULL;NULL;NULL;NULL;NULL;NULL;NULL;NULL;3/09/2024;NULL;NULL
*****728;10/08/2008;2;LEV;NULL;NULL;NULL;NULL;NULL;NULL;NULL;NULL;NULL;NULL;NULL;NULL;NULL
*****096;18/05/1998;2;MOD;NULL;NULL;NULL;NULL;NULL;NULL;NULL;NULL;NULL;NULL;NULL;NULL;NULL
*****138;28/02/1988;1;LEV;NULL;NULL;NULL;NULL;NULL;NULL;8/05/2024;14.1;NULL;NULL;16/12/2023;9/01/2024;9/02/2024
*****391;21/04/1994;2;MOD;19/02/2024;9.3;NULL;NULL;NULL;NULL;NULL;NULL;NULL;NULL;19/02/2024;NULL;NULL
*****884;26/02/2003;2;LEV;NULL;NULL;NULL;NULL;NULL;NULL;8/10/2024;13.1;NULL;NULL;25/06/2024;25/07/2024;NULL
*****213;22/09/1999;2;LEV;NULL;NULL;NULL;NULL;NULL;NULL;30/04/2024;12;NULL;NULL;10/01/2024;10/02/2024;24/02/2024
*****058;13/10/2003;2;LEV;5/01/2025;10.5;4/02/2025;10.8;NULL;NULL;NULL;NULL;NULL;NULL;5/01/2025;4/02/2025;NULL
*****065;29/01/2007;2;MOD;NULL;NULL;NULL;NULL;NULL;NULL;NULL;NULL;NULL;NULL;10/01/2024;NULL;NULL
*****253;23/09/2003;2;LEV;16/05/2025;11.6;NULL;NULL;NULL;NULL;NULL;NULL;NULL;NULL;16/05/2025;NULL;NULL
*****645;26/04/1997;2;LEV;14/11/2023;NULL;NULL;NULL;NULL;NULL;NULL;NULL;NULL;NULL;14/11/2023;NULL;NULL
*****987;27/02/2001;2;MOD;16/10/2023;9.9;NULL;NULL;NULL;NULL;NULL;NULL;NULL;NULL;16/10/2023;NULL;NULL
*****453;8/01/2006;2;MOD;14/01/2025;11.1;14/02/2025;10.8;17/03/2025;10.5;16/04/2025;10.5;16/05/2025;10.1;14/01/2025;14/02/2025;17/03/2025
*****107;19/08/1985;2;MOD;17/07/2024;11.6;16/08/2024;14.3;NULL;NULL;28/10/2024;12;NULL;NULL;17/07/2024;16/08/2024;NULL
*****495;28/01/2009;2;LEV;2/12/2024;12.1;2/01/2025;11;3/02/2025;11.9;20/03/2025;NULL;NULL;NULL;2/12/2024;2/01/2025;3/02/2025
*****396;1/04/1999;2;MOD;25/03/2024;NULL;24/04/2024;10.3;24/05/2024;10.8;24/06/2024;10.6;24/07/2024;13;25/03/2024;24/04/2024;24/05/2024
*****246;30/06/2002;2;MOD;21/03/2025;10.9;21/04/2025;10.9;21/05/2025;11;NULL;NULL;NULL;NULL;21/03/2025;21/04/2025;21/05/2025
*****152;15/08/2006;2;MOD;NULL;NULL;NULL;NULL;NULL;NULL;NULL;NULL;NULL;NULL;7/11/2023;7/12/2023;8/01/2024
*****680;24/06/1996;2;MOD;16/05/2024;9.7;15/06/2024;9.6;15/07/2024;9.7;26/09/2024;13.8;NULL;NULL;16/05/2024;15/06/2024;15/07/2024
*****905;9/11/1988;2;MOD;21/02/2024;11.4;21/03/2024;11.4;NULL;NULL;NULL;NULL;20/06/2024;14.4;21/02/2024;21/03/2024;20/04/2024
*****903;22/10/2004;2;LEV;27/10/2023;12.7;27/11/2023;13.2;27/12/2023;13;NULL;NULL;27/02/2024;11.7;27/10/2023;27/11/2023;27/12/2023
*****990;17/01/2005;2;LEV;9/02/2024;12.6;11/03/2024;12;10/04/2024;12.3;9/05/2024;12.3;17/06/2024;13.1;9/02/2024;11/03/2024;10/04/2024
*****436;21/03/1996;2;MOD;2/08/2024;11.3;2/09/2024;13;NULL;NULL;29/11/2024;14.9;NULL;NULL;2/08/2024;2/09/2024;2/10/2024
*****432;10/03/1997;2;MOD;22/11/2024;11.8;23/12/2024;12.3;22/01/2025;13.2;6/03/2025;12.6;NULL;NULL;22/11/2024;23/12/2024;22/01/2025
*****554;5/10/1993;2;MOD;31/01/2025;11.4;3/03/2025;11.4;2/04/2025;12;2/05/2025;11.6;NULL;NULL;31/01/2025;3/03/2025;NULL
*****345;14/08/2006;2;LEV;27/05/2024;10.5;NULL;NULL;NULL;NULL;NULL;NULL;NULL;NULL;27/05/2024;NULL;NULL
*****467;4/05/1999;2;LEV;21/01/2025;11;20/02/2025;11;NULL;NULL;19/05/2025;12.8;NULL;NULL;21/01/2025;20/02/2025;21/03/2025
*****821;17/12/2002;2;MOD;26/01/2024;11;NULL;NULL;NULL;NULL;NULL;NULL;NULL;NULL;26/01/2024;26/02/2024;26/03/2024
*****215;4/11/1998;2;MOD;20/09/2024;13.7;21/10/2024;10.7;NULL;NULL;19/12/2024;12;NULL;NULL;20/09/2024;21/10/2024;NULL
*****736;3/07/2005;2;MOD;NULL;NULL;3/02/2025;11.1;5/03/2025;11.1;NULL;NULL;NULL;NULL;3/01/2025;3/02/2025;5/03/2025
*****609;21/02/2000;2;LEV;7/05/2024;12.1;10/06/2024;12.6;11/07/2024;13.2;5/09/2024;13.3;NULL;NULL;7/05/2024;10/06/2024;11/07/2024
*****688;25/12/1993;2;MOD;3/12/2024;8.4;2/01/2025;9.3;27/02/2025;6.2;31/03/2025;6.2;30/04/2025;6.2;3/12/2024;2/01/2025;27/02/2025
*****467;26/11/1994;2;MOD;NULL;NULL;NULL;NULL;27/12/2023;13.5;4/03/2024;14.1;NULL;NULL;27/10/2023;27/11/2023;27/12/2023
*****789;16/02/1999;2;LEV;12/10/2023;12.6;13/11/2023;12.9;13/12/2023;13;12/02/2024;12.6;NULL;NULL;12/10/2023;13/11/2023;13/12/2023
*****910;24/07/2005;1;LEV;22/01/2025;12.3;NULL;NULL;NULL;NULL;NULL;NULL;NULL;NULL;22/01/2025;NULL;NULL
*****165;13/04/2005;2;LEV;3/04/2024;12.6;3/05/2024;12.2;4/06/2024;14;17/07/2024;13.5;NULL;NULL;3/04/2024;3/05/2024;4/06/2024
*****060;8/03/2002;2;LEV;3/09/2024;12.3;3/10/2024;11.2;4/11/2024;11.1;2/01/2025;14.4;NULL;NULL;3/09/2024;3/10/2024;4/11/2024
*****999;9/05/2004;2;LEV;14/02/2024;10.4;15/03/2024;11.3;15/04/2024;10.8;15/05/2024;10.7;13/06/2024;12.8;14/02/2024;15/03/2024;15/04/2024
*****440;14/12/2005;2;LEV;1/02/2025;13.1;3/03/2025;14.3;NULL;NULL;NULL;NULL;NULL;NULL;1/02/2025;3/03/2025;15/03/2025
*****414;4/11/1988;2;MOD;13/01/2025;12;13/02/2025;12.3;15/03/2025;12.8;NULL;NULL;NULL;NULL;13/01/2025;13/02/2025;NULL
*****272;11/09/2006;2;LEV;1/12/2023;10.9;31/12/2023;13.2;NULL;NULL;NULL;NULL;NULL;NULL;1/12/2023;31/12/2023;30/01/2024
*****733;30/01/1999;2;LEV;24/08/2024;13;24/09/2024;13.5;NULL;NULL;28/12/2024;14.8;NULL;NULL;24/08/2024;24/09/2024;NULL
*****299;22/06/1999;2;LEV;NULL;NULL;NULL;NULL;NULL;NULL;NULL;NULL;NULL;NULL;13/11/2023;NULL;NULL
*****518;29/09/1999;2;MOD;2/04/2024;11.4;2/05/2024;11.8;1/06/2024;12.6;30/07/2024;13.8;NULL;NULL;2/04/2024;NULL;NULL
*****600;6/05/2006;1;LEV;11/04/2024;12.9;11/05/2024;NULL;10/06/2024;13.3;10/07/2024;12.5;NULL;NULL;11/04/2024;11/05/2024;10/06/2024
*****501;13/09/2005;2;MOD;17/11/2023;12.2;20/12/2023;NULL;20/01/2024;13.5;19/02/2024;13;NULL;NULL;17/11/2023;20/12/2023;20/01/2024
*****160;10/11/1987;2;LEV;27/01/2025;12.4;26/02/2025;12.6;28/03/2025;12.4;15/05/2025;16.1;NULL;NULL;27/01/2025;26/02/2025;28/03/2025
*****504;12/11/2006;2;LEV;14/06/2024;12.5;16/07/2024;12;16/08/2024;12.4;16/10/2024;14.1;NULL;NULL;14/06/2024;16/07/2024;16/08/2024
*****013;16/06/1983;2;LEV;8/02/2024;12.4;8/03/2024;12.4;NULL;NULL;NULL;NULL;NULL;NULL;8/02/2024;8/03/2024;NULL
*****560;5/01/1999;2;LEV;4/01/2024;13.3;2/02/2024;14.6;NULL;NULL;NULL;NULL;NULL;NULL;4/01/2024;2/02/2024;NULL
*****670;23/01/1996;2;LEV;15/01/2025;12.1;14/02/2025;12.1;17/03/2025;12;NULL;NULL;NULL;NULL;15/01/2025;14/02/2025;17/03/2025
*****850;8/11/1996;2;LEV;21/02/2025;12.2;24/03/2025;14.1;22/04/2025;12.1;22/05/2025;12.9;NULL;NULL;21/02/2025;24/03/2025;NULL
*****626;9/03/2005;1;MOD;12/09/2024;11.4;12/10/2024;NULL;11/11/2024;12.1;30/12/2024;12.4;NULL;NULL;12/09/2024;12/10/2024;11/11/2024
*****023;15/07/2008;2;LEV;17/08/2024;12.4;4/10/2024;14.1;NULL;NULL;NULL;NULL;NULL;NULL;17/08/2024;17/09/2024;NULL
*****835;22/06/1991;2;MOD;13/05/2024;11.1;12/06/2024;12.5;12/07/2024;12.5;7/10/2024;13.9;NULL;NULL;13/05/2024;12/06/2024;12/07/2024
*****905;15/04/1988;2;LEV;12/01/2024;13;13/02/2024;12.9;NULL;NULL;13/04/2024;12.2;NULL;NULL;12/01/2024;NULL;NULL
*****615;5/08/1990;2;LEV;9/02/2024;12.5;11/03/2024;11.5;16/04/2024;12.1;20/05/2024;12.6;12/07/2024;11.1;9/02/2024;NULL;NULL
*****731;25/02/1993;2;LEV;17/06/2024;12.3;17/07/2024;10.9;16/08/2024;10.9;5/10/2024;11.2;NULL;NULL;17/06/2024;NULL;NULL
*****667;7/06/1996;2;MOD;25/10/2024;11.3;25/11/2024;11.3;24/12/2024;11.3;NULL;NULL;NULL;NULL;25/10/2024;25/11/2024;24/12/2024
*****713;20/07/2000;2;LEV;28/10/2024;12.5;27/11/2024;12.7;27/12/2024;13.6;17/02/2025;13.1;NULL;NULL;28/10/2024;27/11/2024;27/12/2024
*****466;20/03/1982;2;MOD;19/06/2024;11.9;19/07/2024;13.8;NULL;NULL;12/10/2024;15;NULL;NULL;19/06/2024;19/07/2024;NULL
*****749;14/08/1989;2;LEV;18/12/2023;12.5;18/01/2024;12.5;NULL;NULL;19/03/2024;13.4;18/04/2024;14.8;18/12/2023;18/01/2024;17/02/2024
*****154;3/11/2001;2;LEV;21/10/2024;12.4;20/11/2024;13.3;20/12/2024;12.8;20/01/2025;14.8;NULL;NULL;21/10/2024;20/11/2024;20/12/2024
*****718;27/08/1997;2;MOD;18/11/2023;12.3;18/12/2023;13.1;17/01/2024;13.4;16/02/2024;11.8;18/03/2024;12.1;18/11/2023;18/12/2023;17/01/2024
*****962;21/10/1996;2;LEV;26/09/2024;12.7;5/12/2024;12.2;NULL;NULL;NULL;NULL;NULL;NULL;26/09/2024;26/10/2024;NULL
*****840;20/03/1992;2;MOD;19/08/2024;13.4;19/09/2024;11.6;NULL;NULL;NULL;NULL;NULL;NULL;19/08/2024;19/09/2024;NULL
*****689;17/11/1992;2;LEV;NULL;NULL;NULL;NULL;NULL;NULL;NULL;NULL;NULL;NULL;4/12/2023;NULL;NULL
*****439;15/10/2001;2;MOD;30/05/2025;11;NULL;NULL;NULL;NULL;NULL;NULL;NULL;NULL;30/05/2025;NULL;NULL
*****874;21/09/1991;2;MOD;NULL;NULL;NULL;NULL;NULL;NULL;NULL;NULL;NULL;NULL;7/12/2023;NULL;NULL
*****746;8/11/1996;2;LEV;2/12/2023;12.6;1/01/2024;13.4;2/02/2024;13.4;4/03/2024;13.1;NULL;NULL;2/12/2023;NULL;NULL
*****012;9/06/1993;2;MOD;NULL;NULL;NULL;NULL;NULL;NULL;NULL;NULL;NULL;NULL;21/11/2023;NULL;NULL
*****870;18/09/2002;2;MOD;1/07/2024;12;NULL;NULL;6/09/2024;11.3;25/10/2024;14.9;NULL;NULL;1/07/2024;7/08/2024;6/09/2024
*****744;4/05/2000;2;MOD;16/10/2024;10.7;16/11/2024;NULL;NULL;NULL;NULL;NULL;NULL;NULL;16/10/2024;11/11/2024;28/11/2024
*****071;2/09/1997;2;LEV;12/10/2024;12.5;11/11/2024;11.2;9/01/2025;12.5;NULL;NULL;NULL;NULL;12/10/2024;11/11/2024;9/01/2025
*****955;19/04/2007;2;MOD;21/10/2024;11.5;NULL;NULL;NULL;NULL;NULL;NULL;NULL;NULL;21/10/2024;NULL;NULL
*****146;13/03/1997;2;MOD;4/09/2024;10.7;NULL;NULL;4/11/2024;12.2;NULL;NULL;NULL;NULL;4/09/2024;4/10/2024;4/11/2024
*****130;20/08/2000;2;LEV;5/02/2025;13;7/03/2025;14.6;NULL;NULL;NULL;NULL;NULL;NULL;5/02/2025;7/03/2025;NULL
*****751;26/09/1997;2;MOD;2/07/2024;11.1;20/08/2024;15.6;NULL;NULL;NULL;NULL;NULL;NULL;2/07/2024;NULL;NULL
*****442;26/05/2001;2;LEV;20/11/2024;13.2;4/02/2025;14.2;NULL;NULL;NULL;NULL;NULL;NULL;20/11/2024;20/12/2024;NULL
*****607;29/03/1990;2;LEV;14/10/2024;12.4;13/11/2024;11;NULL;NULL;NULL;NULL;NULL;NULL;14/10/2024;13/11/2024;NULL
******895;1/02/2007;1;LEV;12/04/2024;12.7;NULL;NULL;12/06/2024;13.4;NULL;NULL;NULL;NULL;12/04/2024;NULL;NULL
*****992;6/01/1981;2;MOD;12/07/2024;10.8;NULL;NULL;12/10/2024;12.6;NULL;NULL;25/11/2024;NULL;12/07/2024;12/08/2024;12/09/2024
*****764;19/05/1991;2;MOD;15/04/2024;12;15/05/2024;12;14/06/2024;11.4;15/07/2024;12.4;NULL;NULL;15/04/2024;15/05/2024;14/06/2024
*****434;8/10/2007;2;MOD;4/04/2025;11.5;3/05/2025;11.5;NULL;NULL;NULL;NULL;NULL;NULL;4/04/2025;3/05/2025;NULL
*****427;29/08/1996;2;MOD;19/03/2024;9.6;18/04/2024;13;18/05/2024;13.4;16/07/2024;NULL;NULL;NULL;19/03/2024;18/04/2024;18/05/2024
*****387;28/08/1998;2;LEV;12/08/2024;12.9;1/10/2024;13.8;NULL;NULL;NULL;NULL;NULL;NULL;12/08/2024;12/09/2024;NULL
*****716;12/08/2004;2;MOD;12/06/2024;11.1;12/07/2024;10.8;19/08/2024;11.3;7/10/2024;14.2;NULL;NULL;12/06/2024;12/07/2024;NULL
*****769;25/02/2006;2;MOD;25/05/2024;11.7;19/08/2024;14.5;NULL;NULL;NULL;NULL;NULL;NULL;25/05/2024;26/06/2024;NULL
*****768;12/08/2003;2;LEV;13/11/2024;11.4;NULL;NULL;NULL;NULL;NULL;NULL;NULL;NULL;13/11/2024;NULL;NULL
*****066;23/07/2004;2;LEV;27/11/2024;12.8;27/12/2024;13.4;NULL;NULL;NULL;NULL;NULL;NULL;27/11/2024;27/12/2024;NULL
*****451;23/12/1998;2;MOD;14/04/2025;10;NULL;NULL;NULL;NULL;NULL;NULL;NULL;NULL;14/04/2025;NULL;NULL
*****287;7/10/2000;2;LEV;13/01/2025;12.3;12/02/2025;12.5;14/03/2025;11.1;14/04/2025;12.3;14/05/2025;13.1;13/01/2025;12/02/2025;NULL
*****425;12/10/1995;2;LEV;10/03/2025;14;10/04/2025;12.5;NULL;NULL;NULL;NULL;NULL;NULL;10/03/2025;10/04/2025;NULL
*****000;13/07/2007;2;LEV;19/10/2024;12.5;18/11/2024;12.9;18/12/2024;13.8;17/01/2025;13.5;3/03/2025;16.3;19/10/2024;18/11/2024;18/12/2024
*****157;22/03/1997;2;LEV;NULL;NULL;NULL;NULL;NULL;NULL;NULL;NULL;NULL;NULL;19/10/2023;18/11/2023;NULL
*****020;30/07/2004;2;LEV;NULL;NULL;NULL;NULL;NULL;NULL;NULL;NULL;NULL;NULL;6/12/2023;NULL;NULL
*****056;3/07/1995;2;LEV;24/10/2024;12.6;25/11/2024;12.6;26/12/2024;13.4;8/02/2025;13;NULL;NULL;24/10/2024;25/11/2024;26/12/2024
*****376;25/11/1992;2;MOD;25/10/2024;12;25/11/2024;10.3;NULL;NULL;NULL;NULL;NULL;NULL;25/10/2024;25/11/2024;NULL
*****069;25/11/2001;2;LEV;19/04/2024;12.6;20/05/2024;14.6;19/06/2024;12.7;17/08/2024;15.2;NULL;NULL;19/04/2024;20/05/2024;19/06/2024
*****577;9/07/1992;2;LEV;12/06/2024;10.3;12/07/2024;9.3;12/08/2024;10.3;NULL;NULL;11/10/2024;14.6;12/06/2024;12/07/2024;12/08/2024
*****079;23/11/2005;2;LEV;26/07/2024;12.7;NULL;NULL;NULL;NULL;NULL;NULL;NULL;NULL;26/07/2024;NULL;NULL
*****455;24/04/1999;2;LEV;6/02/2024;12.8;7/03/2024;13.1;6/04/2024;13.2;7/05/2024;14.1;24/06/2024;14.4;6/02/2024;7/03/2024;6/04/2024
*****076;26/11/2001;2;LEV;15/08/2024;12.7;15/09/2024;13.5;NULL;NULL;NULL;NULL;NULL;NULL;15/08/2024;15/09/2024;NULL
*****293;25/08/2000;2;LEV;2/09/2024;12.5;NULL;NULL;2/11/2024;14;NULL;NULL;NULL;NULL;2/09/2024;3/10/2024;2/11/2024
*****683;30/10/1994;1;MOD;23/08/2024;9.7;23/09/2024;11.8;12/11/2024;15;NULL;NULL;NULL;NULL;23/08/2024;23/09/2024;NULL
*****617;24/01/2002;1;MOD;22/04/2024;11.7;NULL;NULL;NULL;NULL;4/08/2024;14.4;NULL;NULL;22/04/2024;20/05/2024;19/06/2024
*****273;17/08/1990;2;LEV;30/04/2024;12.7;NULL;NULL;NULL;NULL;NULL;NULL;NULL;NULL;30/04/2024;28/05/2024;NULL
*****793;29/01/1999;2;MOD;22/11/2023;10.6;NULL;NULL;NULL;NULL;NULL;NULL;NULL;NULL;22/11/2023;NULL;NULL
*****642;23/09/1998;2;LEV;9/01/2025;12;10/02/2025;12.7;10/03/2025;12.7;NULL;NULL;NULL;NULL;9/01/2025;10/02/2025;10/03/2025
*****496;27/07/2002;2;MOD;19/12/2024;12.3;20/01/2025;13.2;7/03/2025;12.2;NULL;NULL;NULL;NULL;19/12/2024;20/01/2025;NULL
*****074;14/02/1989;2;MOD;NULL;NULL;NULL;NULL;12/12/2023;11.5;NULL;NULL;NULL;NULL;12/10/2023;11/11/2023;NULL
*****856;13/09/2003;2;MOD;1/02/2024;10.4;NULL;NULL;NULL;NULL;14/05/2024;NULL;NULL;NULL;1/02/2024;2/03/2024;2/04/2024
*****044;5/02/1985;2;LEV;NULL;NULL;NULL;NULL;NULL;NULL;NULL;NULL;NULL;NULL;24/05/2025;NULL;NULL
*****316;12/03/2000;1;MOD;NULL;NULL;NULL;NULL;NULL;NULL;NULL;NULL;NULL;NULL;NULL;NULL;NULL
*****652;16/01/1995;2;LEV;26/05/2025;10.4;NULL;NULL;NULL;NULL;NULL;NULL;NULL;NULL;26/05/2025;NULL;NULL
*****836;9/11/2002;2;MOD;13/01/2025;9;12/02/2025;10;14/03/2025;10.3;16/04/2025;11.2;NULL;NULL;13/01/2025;12/02/2025;14/03/2025
*****741;30/05/1987;2;LEV;13/08/2024;12.5;12/09/2024;12.5;12/10/2024;12.5;12/12/2024;13.3;NULL;NULL;13/08/2024;12/09/2024;12/10/2024
*****119;22/07/1984;2;MOD;13/02/2025;10.7;NULL;NULL;NULL;NULL;NULL;NULL;NULL;NULL;13/02/2025;13/03/2025;12/04/2025
*****633;28/09/1996;2;MOD;20/05/2025;12;NULL;NULL;NULL;NULL;NULL;NULL;NULL;NULL;20/05/2025;NULL;NULL
*****946;30/09/1993;2;MOD;19/01/2024;11.7;19/02/2024;12.5;NULL;NULL;1/06/2024;13;NULL;NULL;19/01/2024;NULL;NULL
*****510;20/02/1994;2;MOD;20/12/2024;12.2;20/01/2025;12.5;20/02/2025;13;NULL;NULL;NULL;NULL;20/12/2024;20/01/2025;NULL
